Plot Title: LNcage,,
#,"Date Time, GMT-06:00","Temp, °F (LGR S/N: 21720179, SEN S/N: 21720179)"
1,9/27/2024 13:00,65.338
2,9/27/2024 19:00,68.248
3,9/28/2024 1:00,57.958
4,9/28/2024 7:00,53.274
5,9/28/2024 13:00,66.879
6,9/28/2024 19:00,69.622
7,9/29/2024 1:00,59.337
8,9/29/2024 7:00,55.364
9,9/29/2024 13:00,66.537
10,9/29/2024 19:00,68.592
11,9/30/2024 1:00,57.441
12,9/30/2024 7:00,52.225
13,9/30/2024 13:00,61.227
14,9/30/2024 19:00,63.111
15,10/1/2024 1:00,51.346
16,10/1/2024 7:00,46.008
17,10/1/2024 13:00,58.993
18,10/1/2024 19:00,62.254
19,10/2/2024 1:00,51.172
20,10/2/2024 7:00,46.369
21,10/2/2024 13:00,58.476
22,10/2/2024 19:00,62.94
23,10/3/2024 1:00,53.449
24,10/3/2024 7:00,48.339
25,10/3/2024 13:00,60.539
26,10/3/2024 19:00,62.083
27,10/4/2024 1:00,50.643
28,10/4/2024 7:00,46.188
29,10/4/2024 13:00,61.741
30,10/4/2024 19:00,64.996
31,10/5/2024 1:00,57.441
32,10/5/2024 7:00,52.401
33,10/5/2024 13:00,62.769
34,10/5/2024 19:00,63.111
35,10/6/2024 1:00,51.699
36,10/6/2024 7:00,46.908
37,10/6/2024 13:00,61.227
38,10/6/2024 19:00,62.425
39,10/7/2024 1:00,52.401
40,10/7/2024 7:00,48.16
41,10/7/2024 13:00,62.425
42,10/7/2024 19:00,62.425
43,10/8/2024 1:00,51.699
44,10/8/2024 7:00,47.266
45,10/8/2024 13:00,62.598
46,10/8/2024 19:00,62.94
47,10/9/2024 1:00,53.1
48,10/9/2024 7:00,48.339
49,10/9/2024 13:00,63.626
50,10/9/2024 19:00,63.968
51,10/10/2024 1:00,54.322
52,10/10/2024 7:00,51.699
53,10/10/2024 13:00,61.227
54,10/10/2024 19:00,61.912
55,10/11/2024 1:00,54.495
56,10/11/2024 7:00,49.05
57,10/11/2024 13:00,60.024
58,10/11/2024 19:00,62.083
59,10/12/2024 1:00,53.274
60,10/12/2024 7:00,48.871
61,10/12/2024 13:00,62.94
62,10/12/2024 19:00,63.282
63,10/13/2024 1:00,53.449
64,10/13/2024 7:00,50.29
65,10/13/2024 13:00,64.31
66,10/13/2024 19:00,64.31
67,10/14/2024 1:00,53.973
68,10/14/2024 7:00,49.582
69,10/14/2024 13:00,63.968
70,10/14/2024 19:00,63.626
71,10/15/2024 1:00,52.75
72,10/15/2024 7:00,47.982
73,10/15/2024 13:00,63.282
74,10/15/2024 19:00,62.425
75,10/16/2024 1:00,52.576
76,10/16/2024 7:00,47.446
77,10/16/2024 13:00,61.912
78,10/16/2024 19:00,61.398
79,10/17/2024 1:00,55.884
80,10/17/2024 7:00,51.172
81,10/17/2024 13:00,54.147
82,10/17/2024 19:00,49.759
83,10/18/2024 1:00,44.56
84,10/18/2024 7:00,42.363
85,10/18/2024 13:00,49.759
86,10/18/2024 19:00,49.404
87,10/19/2024 1:00,40.696
88,10/19/2024 7:00,37.488
89,10/19/2024 13:00,53.1
90,10/19/2024 19:00,51.874
91,10/20/2024 1:00,43.466
92,10/20/2024 7:00,39.384
93,10/20/2024 13:00,55.017
94,10/20/2024 19:00,55.364
95,10/21/2024 1:00,47.088
96,10/21/2024 7:00,43.648
97,10/21/2024 13:00,54.322
98,10/21/2024 19:00,55.884
99,10/22/2024 1:00,49.582
100,10/22/2024 7:00,44.379
101,10/22/2024 13:00,50.819
102,10/22/2024 19:00,51.874
103,10/23/2024 1:00,42.548
104,10/23/2024 7:00,40.134
105,10/23/2024 13:00,51.172
106,10/23/2024 19:00,50.995
107,10/24/2024 1:00,47.802
108,10/24/2024 7:00,42.363
109,10/24/2024 13:00,48.517
110,10/24/2024 19:00,44.195
111,10/25/2024 1:00,41.625
112,10/25/2024 7:00,38.25
113,10/25/2024 13:00,50.466
114,10/25/2024 19:00,48.16
115,10/26/2024 1:00,43.466
116,10/26/2024 7:00,37.87
117,10/26/2024 13:00,52.401
118,10/26/2024 19:00,50.29
119,10/27/2024 1:00,41.067
120,10/27/2024 7:00,39.947
121,10/27/2024 13:00,53.274
122,10/27/2024 19:00,52.576
123,10/28/2024 1:00,42.363
124,10/28/2024 7:00,38.818
125,10/28/2024 13:00,43.282
126,10/28/2024 19:00,44.56
127,10/29/2024 1:00,41.067
128,10/29/2024 7:00,38.629
129,10/29/2024 13:00,44.742
130,10/29/2024 19:00,42.915
131,10/30/2024 1:00,38.818
132,10/30/2024 7:00,35.758
133,10/30/2024 13:00,45.104
134,10/30/2024 19:00,42.363
135,10/31/2024 1:00,32.418
136,10/31/2024 7:00,32.617
137,10/31/2024 13:00,35.175
138,10/31/2024 19:00,35.951
139,11/1/2024 1:00,36.145
140,11/1/2024 7:00,36.145
141,11/1/2024 13:00,36.338
142,11/1/2024 19:00,36.145
143,11/2/2024 1:00,34.786
144,11/2/2024 7:00,34.198
145,11/2/2024 13:00,34.394
146,11/2/2024 19:00,35.175
147,11/3/2024 1:00,35.175
148,11/3/2024 7:00,34.394
149,11/3/2024 13:00,38.818
150,11/3/2024 19:00,38.44
151,11/4/2024 1:00,34.198
152,11/4/2024 7:00,32.815
153,11/4/2024 13:00,33.013
154,11/4/2024 19:00,36.145
155,11/5/2024 1:00,34.198
156,11/5/2024 7:00,33.213
157,11/5/2024 13:00,33.213
158,11/5/2024 19:00,34.002
159,11/6/2024 1:00,32.617
160,11/6/2024 7:00,30.198
161,11/6/2024 13:00,32.218
162,11/6/2024 19:00,33.805
163,11/7/2024 1:00,31.415
164,11/7/2024 7:00,29.174
165,11/7/2024 13:00,32.018
166,11/7/2024 19:00,33.213
167,11/8/2024 1:00,31.415
168,11/8/2024 7:00,29.586
169,11/8/2024 13:00,32.418
170,11/8/2024 19:00,33.607
171,11/9/2024 1:00,31.816
172,11/9/2024 7:00,30.198
173,11/9/2024 13:00,33.411
174,11/9/2024 19:00,34.59
175,11/10/2024 1:00,32.418
176,11/10/2024 7:00,32.018
177,11/10/2024 13:00,35.175
178,11/10/2024 19:00,37.488
179,11/11/2024 1:00,33.607
180,11/11/2024 7:00,32.815
181,11/11/2024 13:00,41.067
182,11/11/2024 19:00,40.509
183,11/12/2024 1:00,37.107
184,11/12/2024 7:00,36.723
185,11/12/2024 13:00,39.196
186,11/12/2024 19:00,37.488
187,11/13/2024 1:00,33.213
188,11/13/2024 7:00,31.213
189,11/13/2024 13:00,32.617
190,11/13/2024 19:00,34.59
191,11/14/2024 1:00,32.218
192,11/14/2024 7:00,30.403
193,11/14/2024 13:00,32.617
194,11/14/2024 19:00,34.198
195,11/15/2024 1:00,32.218
196,11/15/2024 7:00,31.213
197,11/15/2024 13:00,32.218
198,11/15/2024 19:00,32.418
199,11/16/2024 1:00,32.418
200,11/16/2024 7:00,32.218
201,11/16/2024 13:00,33.013
202,11/16/2024 19:00,33.805
203,11/17/2024 1:00,32.617
204,11/17/2024 7:00,32.018
205,11/17/2024 13:00,32.418
206,11/17/2024 19:00,34.198
207,11/18/2024 1:00,33.013
208,11/18/2024 7:00,33.213
209,11/18/2024 13:00,33.411
210,11/18/2024 19:00,33.411
211,11/19/2024 1:00,32.815
212,11/19/2024 7:00,32.418
213,11/19/2024 13:00,32.418
214,11/19/2024 19:00,32.418
215,11/20/2024 1:00,31.816
216,11/20/2024 7:00,31.213
217,11/20/2024 13:00,31.617
218,11/20/2024 19:00,32.018
219,11/21/2024 1:00,31.816
220,11/21/2024 7:00,31.816
221,11/21/2024 13:00,32.218
222,11/21/2024 19:00,32.418
223,11/22/2024 1:00,32.418
224,11/22/2024 7:00,32.617
225,11/22/2024 13:00,33.607
226,11/22/2024 19:00,35.175
227,11/23/2024 1:00,33.411
228,11/23/2024 7:00,33.213
229,11/23/2024 13:00,34.002
230,11/23/2024 19:00,35.37
231,11/24/2024 1:00,34.394
232,11/24/2024 7:00,33.411
233,11/24/2024 13:00,34.002
234,11/24/2024 19:00,34.394
235,11/25/2024 1:00,33.013
236,11/25/2024 7:00,32.018
237,11/25/2024 13:00,32.218
238,11/25/2024 19:00,32.418
239,11/26/2024 1:00,32.418
240,11/26/2024 7:00,32.218
241,11/26/2024 13:00,32.418
242,11/26/2024 19:00,32.418
243,11/27/2024 1:00,32.218
244,11/27/2024 7:00,31.012
245,11/27/2024 13:00,31.816
246,11/27/2024 19:00,32.018
247,11/28/2024 1:00,32.018
248,11/28/2024 7:00,31.617
249,11/28/2024 13:00,31.617
250,11/28/2024 19:00,31.415
251,11/29/2024 1:00,31.012
252,11/29/2024 7:00,30.808
253,11/29/2024 13:00,31.213
254,11/29/2024 19:00,31.617
255,11/30/2024 1:00,30.808
256,11/30/2024 7:00,30.198
257,11/30/2024 13:00,31.213
258,11/30/2024 19:00,31.617
259,12/1/2024 1:00,29.379
260,12/1/2024 7:00,27.721
261,12/1/2024 13:00,29.995
262,12/1/2024 19:00,31.213
263,12/2/2024 1:00,28.346
264,12/2/2024 7:00,26.668
265,12/2/2024 13:00,29.995
266,12/2/2024 19:00,31.617
267,12/3/2024 1:00,29.79
268,12/3/2024 7:00,27.511
269,12/3/2024 13:00,30.198
270,12/3/2024 19:00,31.617
271,12/4/2024 1:00,30.607
272,12/4/2024 7:00,27.721
273,12/4/2024 13:00,30.198
274,12/4/2024 19:00,31.617
275,12/5/2024 1:00,29.379
276,12/5/2024 7:00,26.668
277,12/5/2024 13:00,29.79
278,12/5/2024 19:00,31.617
279,12/6/2024 1:00,28.555
280,12/6/2024 7:00,26.031
281,12/6/2024 13:00,29.379
282,12/6/2024 19:00,31.213
283,12/7/2024 1:00,28.139
284,12/7/2024 7:00,26.668
285,12/7/2024 13:00,29.379
286,12/7/2024 19:00,31.012
287,12/8/2024 1:00,29.79
288,12/8/2024 7:00,27.302
289,12/8/2024 13:00,28.969
290,12/8/2024 19:00,28.346
291,12/9/2024 1:00,25.819
292,12/9/2024 7:00,24.526
293,12/9/2024 13:00,28.346
294,12/9/2024 19:00,28.555
295,12/10/2024 1:00,23.436
296,12/10/2024 7:00,21.209
297,12/10/2024 13:00,23.875
298,12/10/2024 19:00,23.436
299,12/11/2024 1:00,22.552
300,12/11/2024 7:00,22.995
301,12/11/2024 13:00,25.605
302,12/11/2024 19:00,25.819
303,12/12/2024 1:00,24.96
304,12/12/2024 7:00,25.39
305,12/12/2024 13:00,28.346
306,12/12/2024 19:00,28.762
307,12/13/2024 1:00,26.245
308,12/13/2024 7:00,23.216
309,12/13/2024 13:00,26.881
310,12/13/2024 19:00,27.721
311,12/14/2024 1:00,27.721
312,12/14/2024 7:00,27.721
313,12/14/2024 13:00,28.762
314,12/14/2024 19:00,29.586
315,12/15/2024 1:00,29.79
316,12/15/2024 7:00,29.79
317,12/15/2024 13:00,29.995
318,12/15/2024 19:00,30.403
319,12/16/2024 1:00,29.174
320,12/16/2024 7:00,28.762
321,12/16/2024 13:00,28.969
322,12/16/2024 19:00,29.174
323,12/17/2024 1:00,29.379
324,12/17/2024 7:00,29.586
325,12/17/2024 13:00,29.79
326,12/17/2024 19:00,29.995
327,12/18/2024 1:00,29.995
328,12/18/2024 7:00,30.198
329,12/18/2024 13:00,30.403
330,12/18/2024 19:00,30.607
331,12/19/2024 1:00,30.198
332,12/19/2024 7:00,29.586
333,12/19/2024 13:00,29.586
334,12/19/2024 19:00,30.198
335,12/20/2024 1:00,29.995
336,12/20/2024 7:00,29.79
337,12/20/2024 13:00,29.995
338,12/20/2024 19:00,30.607
339,12/21/2024 1:00,30.403
340,12/21/2024 7:00,30.198
341,12/21/2024 13:00,30.403
342,12/21/2024 19:00,31.012
343,12/22/2024 1:00,31.012
344,12/22/2024 7:00,30.403
345,12/22/2024 13:00,30.403
346,12/22/2024 19:00,31.012
347,12/23/2024 1:00,30.808
348,12/23/2024 7:00,30.607
349,12/23/2024 13:00,30.808
350,12/23/2024 19:00,31.213
351,12/24/2024 1:00,31.213
352,12/24/2024 7:00,31.415
353,12/24/2024 13:00,31.415
354,12/24/2024 19:00,31.617
355,12/25/2024 1:00,31.415
356,12/25/2024 7:00,31.617
357,12/25/2024 13:00,31.617
358,12/25/2024 19:00,31.617
359,12/26/2024 1:00,31.816
360,12/26/2024 7:00,31.617
361,12/26/2024 13:00,31.617
362,12/26/2024 19:00,31.617
363,12/27/2024 1:00,31.617
364,12/27/2024 7:00,31.617
365,12/27/2024 13:00,31.617
366,12/27/2024 19:00,31.617
367,12/28/2024 1:00,31.617
368,12/28/2024 7:00,31.617
369,12/28/2024 13:00,31.816
370,12/28/2024 19:00,31.816
371,12/29/2024 1:00,31.816
372,12/29/2024 7:00,31.816
373,12/29/2024 13:00,31.816
374,12/29/2024 19:00,31.816
375,12/30/2024 1:00,31.816
376,12/30/2024 7:00,31.816
377,12/30/2024 13:00,31.816
378,12/30/2024 19:00,31.816
379,12/31/2024 1:00,31.816
380,12/31/2024 7:00,31.816
381,12/31/2024 13:00,31.617
382,12/31/2024 19:00,31.617
383,1/1/2025 1:00,31.415
384,1/1/2025 7:00,31.213
385,1/1/2025 13:00,31.012
386,1/1/2025 19:00,31.012
387,1/2/2025 1:00,31.012
388,1/2/2025 7:00,30.808
389,1/2/2025 13:00,30.808
390,1/2/2025 19:00,31.012
391,1/3/2025 1:00,31.012
392,1/3/2025 7:00,31.012
393,1/3/2025 13:00,31.213
394,1/3/2025 19:00,31.415
395,1/4/2025 1:00,31.617
396,1/4/2025 7:00,31.816
397,1/4/2025 13:00,31.816
398,1/4/2025 19:00,31.816
399,1/5/2025 1:00,31.816
400,1/5/2025 7:00,31.816
401,1/5/2025 13:00,31.816
402,1/5/2025 19:00,31.816
403,1/6/2025 1:00,31.816
404,1/6/2025 7:00,31.816
405,1/6/2025 13:00,31.617
406,1/6/2025 19:00,31.617
407,1/7/2025 1:00,31.415
408,1/7/2025 7:00,31.213
409,1/7/2025 13:00,31.012
410,1/7/2025 19:00,30.808
411,1/8/2025 1:00,30.607
412,1/8/2025 7:00,29.995
413,1/8/2025 13:00,29.379
414,1/8/2025 19:00,29.174
415,1/9/2025 1:00,28.969
416,1/9/2025 7:00,28.762
417,1/9/2025 13:00,28.555
418,1/9/2025 19:00,28.346
419,1/10/2025 1:00,28.139
420,1/10/2025 7:00,27.721
421,1/10/2025 13:00,27.511
422,1/10/2025 19:00,27.511
423,1/11/2025 1:00,27.721
424,1/11/2025 7:00,27.511
425,1/11/2025 13:00,27.302
426,1/11/2025 19:00,27.511
427,1/12/2025 1:00,27.511
428,1/12/2025 7:00,27.091
429,1/12/2025 13:00,26.458
430,1/12/2025 19:00,26.881
431,1/13/2025 1:00,27.091
432,1/13/2025 7:00,27.091
433,1/13/2025 13:00,26.881
434,1/13/2025 19:00,27.091
435,1/14/2025 1:00,27.302
436,1/14/2025 7:00,27.091
437,1/14/2025 13:00,26.881
438,1/14/2025 19:00,27.302
439,1/15/2025 1:00,27.302
440,1/15/2025 7:00,27.511
441,1/15/2025 13:00,27.511
442,1/15/2025 19:00,28.139
443,1/16/2025 1:00,27.93
444,1/16/2025 7:00,27.302
445,1/16/2025 13:00,26.458
446,1/16/2025 19:00,26.668
447,1/17/2025 1:00,27.091
448,1/17/2025 7:00,27.302
449,1/17/2025 13:00,27.511
450,1/17/2025 19:00,27.302
451,1/18/2025 1:00,26.245
452,1/18/2025 7:00,24.96
453,1/18/2025 13:00,24.31
454,1/18/2025 19:00,24.093
455,1/19/2025 1:00,23.875
456,1/19/2025 7:00,22.995
457,1/19/2025 13:00,22.552
458,1/19/2025 19:00,22.995
459,1/20/2025 1:00,22.107
460,1/20/2025 7:00,20.757
461,1/20/2025 13:00,20.073
462,1/20/2025 19:00,20.073
463,1/21/2025 1:00,19.612
464,1/21/2025 7:00,18.919
465,1/21/2025 13:00,18.685
466,1/21/2025 19:00,19.612
467,1/22/2025 1:00,20.073
468,1/22/2025 7:00,19.152
469,1/22/2025 13:00,18.685
470,1/22/2025 19:00,19.612
471,1/23/2025 1:00,19.843
472,1/23/2025 7:00,18.685
473,1/23/2025 13:00,17.748
474,1/23/2025 19:00,18.685
475,1/24/2025 1:00,19.382
476,1/24/2025 7:00,19.152
477,1/24/2025 13:00,19.612
478,1/24/2025 19:00,20.757
479,1/25/2025 1:00,20.984
480,1/25/2025 7:00,20.529
481,1/25/2025 13:00,19.843
482,1/25/2025 19:00,20.302
483,1/26/2025 1:00,19.382
484,1/26/2025 7:00,18.217
485,1/26/2025 13:00,17.983
486,1/26/2025 19:00,18.919
487,1/27/2025 1:00,19.152
488,1/27/2025 7:00,18.451
489,1/27/2025 13:00,17.748
490,1/27/2025 19:00,19.152
491,1/28/2025 1:00,19.612
492,1/28/2025 7:00,18.685
493,1/28/2025 13:00,17.983
494,1/28/2025 19:00,19.612
495,1/29/2025 1:00,20.073
496,1/29/2025 7:00,19.152
497,1/29/2025 13:00,18.451
498,1/29/2025 19:00,19.843
499,1/30/2025 1:00,20.302
500,1/30/2025 7:00,18.919
501,1/30/2025 13:00,17.983
502,1/30/2025 19:00,19.152
503,1/31/2025 1:00,19.612
504,1/31/2025 7:00,19.382
505,1/31/2025 13:00,19.843
506,1/31/2025 19:00,21.209
507,2/1/2025 1:00,22.552
508,2/1/2025 7:00,23.436
509,2/1/2025 13:00,24.526
510,2/1/2025 19:00,25.174
511,2/2/2025 1:00,25.605
512,2/2/2025 7:00,26.031
513,2/2/2025 13:00,26.458
514,2/2/2025 19:00,27.511
515,2/3/2025 1:00,27.93
516,2/3/2025 7:00,28.139
517,2/3/2025 13:00,28.346
518,2/3/2025 19:00,28.762
519,2/4/2025 1:00,28.969
520,2/4/2025 7:00,28.969
521,2/4/2025 13:00,29.174
522,2/4/2025 19:00,30.198
523,2/5/2025 1:00,30.607
524,2/5/2025 7:00,30.808
525,2/5/2025 13:00,31.012
526,2/5/2025 19:00,31.213
527,2/6/2025 1:00,30.808
528,2/6/2025 7:00,29.379
529,2/6/2025 13:00,27.93
530,2/6/2025 19:00,27.721
531,2/7/2025 1:00,27.511
532,2/7/2025 7:00,27.302
533,2/7/2025 13:00,27.511
534,2/7/2025 19:00,28.139
535,2/8/2025 1:00,27.93
536,2/8/2025 7:00,27.302
537,2/8/2025 13:00,26.668
538,2/8/2025 19:00,26.881
539,2/9/2025 1:00,26.458
540,2/9/2025 7:00,25.39
541,2/9/2025 13:00,24.526
542,2/9/2025 19:00,24.526
543,2/10/2025 1:00,24.526
544,2/10/2025 7:00,24.093
545,2/10/2025 13:00,23.875
546,2/10/2025 19:00,24.526
547,2/11/2025 1:00,24.526
548,2/11/2025 7:00,22.995
549,2/11/2025 13:00,21.659
550,2/11/2025 19:00,21.434
551,2/12/2025 1:00,20.757
552,2/12/2025 7:00,19.843
553,2/12/2025 13:00,19.152
554,2/12/2025 19:00,19.382
555,2/13/2025 1:00,19.382
556,2/13/2025 7:00,18.685
557,2/13/2025 13:00,17.983
558,2/13/2025 19:00,18.919
559,2/14/2025 1:00,20.073
560,2/14/2025 7:00,21.209
561,2/14/2025 13:00,22.107
562,2/14/2025 19:00,23.436
563,2/15/2025 1:00,24.31
564,2/15/2025 7:00,24.526
565,2/15/2025 13:00,24.31
566,2/15/2025 19:00,24.744
567,2/16/2025 1:00,24.96
568,2/16/2025 7:00,24.96
569,2/16/2025 13:00,24.96
570,2/16/2025 19:00,25.39
571,2/17/2025 1:00,25.819
572,2/17/2025 7:00,26.031
573,2/17/2025 13:00,26.245
574,2/17/2025 19:00,26.458
575,2/18/2025 1:00,26.881
576,2/18/2025 7:00,27.091
577,2/18/2025 13:00,27.091
578,2/18/2025 19:00,27.302
579,2/19/2025 1:00,27.511
580,2/19/2025 7:00,27.511
581,2/19/2025 13:00,27.302
582,2/19/2025 19:00,27.511
583,2/20/2025 1:00,27.721
584,2/20/2025 7:00,27.93
585,2/20/2025 13:00,27.93
586,2/20/2025 19:00,28.346
587,2/21/2025 1:00,28.555
588,2/21/2025 7:00,27.93
589,2/21/2025 13:00,27.302
590,2/21/2025 19:00,27.511
591,2/22/2025 1:00,27.721
592,2/22/2025 7:00,27.721
593,2/22/2025 13:00,27.721
594,2/22/2025 19:00,28.139
595,2/23/2025 1:00,28.139
596,2/23/2025 7:00,27.93
597,2/23/2025 13:00,27.721
598,2/23/2025 19:00,28.139
599,2/24/2025 1:00,28.555
600,2/24/2025 7:00,28.762
601,2/24/2025 13:00,29.174
602,2/24/2025 19:00,30.198
603,2/25/2025 1:00,31.415
604,2/25/2025 7:00,31.617
605,2/25/2025 13:00,31.617
606,2/25/2025 19:00,31.617
607,2/26/2025 1:00,31.816
608,2/26/2025 7:00,31.816
609,2/26/2025 13:00,31.617
610,2/26/2025 19:00,31.816
611,2/27/2025 1:00,32.018
612,2/27/2025 7:00,31.816
613,2/27/2025 13:00,31.213
614,2/27/2025 19:00,31.012
615,2/28/2025 1:00,31.213
616,2/28/2025 7:00,30.403
617,2/28/2025 13:00,29.379
618,2/28/2025 19:00,30.198
619,3/1/2025 1:00,30.808
620,3/1/2025 7:00,29.995
621,3/1/2025 13:00,29.174
622,3/1/2025 19:00,32.018
623,3/2/2025 1:00,32.018
624,3/2/2025 7:00,31.816
625,3/2/2025 13:00,29.995
626,3/2/2025 19:00,31.012
627,3/3/2025 1:00,31.213
628,3/3/2025 7:00,31.415
629,3/3/2025 13:00,31.213
630,3/3/2025 19:00,31.617
631,3/4/2025 1:00,31.816
632,3/4/2025 7:00,31.816
633,3/4/2025 13:00,31.816
634,3/4/2025 19:00,31.816
635,3/5/2025 1:00,31.816
636,3/5/2025 7:00,32.018
637,3/5/2025 13:00,32.018
638,3/5/2025 19:00,32.018
639,3/6/2025 1:00,32.018
640,3/6/2025 7:00,32.018
641,3/6/2025 13:00,32.018
642,3/6/2025 19:00,32.018
643,3/7/2025 1:00,32.018
644,3/7/2025 7:00,31.617
645,3/7/2025 13:00,30.607
646,3/7/2025 19:00,31.415
647,3/8/2025 1:00,31.617
648,3/8/2025 7:00,30.808
649,3/8/2025 13:00,30.607
650,3/8/2025 19:00,31.617
651,3/9/2025 1:00,31.617
652,3/9/2025 7:00,31.415
653,3/9/2025 13:00,30.808
654,3/9/2025 19:00,31.617
655,3/10/2025 1:00,31.816
656,3/10/2025 7:00,31.816
657,3/10/2025 13:00,31.415
658,3/10/2025 19:00,31.816
659,3/11/2025 1:00,31.816
660,3/11/2025 7:00,31.816
661,3/11/2025 13:00,31.816
662,3/11/2025 19:00,32.018
663,3/12/2025 1:00,32.018
664,3/12/2025 7:00,32.018
665,3/12/2025 13:00,31.816
666,3/12/2025 19:00,32.018
667,3/13/2025 1:00,32.018
668,3/13/2025 7:00,32.018
669,3/13/2025 13:00,32.018
670,3/13/2025 19:00,32.018
671,3/14/2025 1:00,32.018
672,3/14/2025 7:00,32.018
673,3/14/2025 13:00,32.018
674,3/14/2025 19:00,32.018
675,3/15/2025 1:00,32.018
676,3/15/2025 7:00,32.018
677,3/15/2025 13:00,32.018
678,3/15/2025 19:00,32.018
679,3/16/2025 1:00,32.018
680,3/16/2025 7:00,31.816
681,3/16/2025 13:00,32.018
682,3/16/2025 19:00,32.018
683,3/17/2025 1:00,32.018
684,3/17/2025 7:00,32.018
685,3/17/2025 13:00,32.018
686,3/17/2025 19:00,32.018
687,3/18/2025 1:00,32.018
688,3/18/2025 7:00,32.218
689,3/18/2025 13:00,32.018
690,3/18/2025 19:00,32.418
691,3/19/2025 1:00,32.218
692,3/19/2025 7:00,31.617
693,3/19/2025 13:00,32.018
694,3/19/2025 19:00,32.218
695,3/20/2025 1:00,32.018
696,3/20/2025 7:00,32.218
697,3/20/2025 13:00,32.218
698,3/20/2025 19:00,32.218
699,3/21/2025 1:00,32.018
700,3/21/2025 7:00,32.018
701,3/21/2025 13:00,32.218
702,3/21/2025 19:00,33.805
703,3/22/2025 1:00,32.418
704,3/22/2025 7:00,32.418
705,3/22/2025 13:00,38.061
706,3/22/2025 19:00,40.509
707,3/23/2025 1:00,33.607
708,3/23/2025 7:00,32.815
709,3/23/2025 13:00,34.394
710,3/23/2025 19:00,41.994
711,3/24/2025 1:00,35.758
712,3/24/2025 7:00,34.59
713,3/24/2025 13:00,46.908
714,3/24/2025 19:00,50.29
715,3/25/2025 1:00,39.947
716,3/25/2025 7:00,34.981
717,3/25/2025 13:00,49.05
718,3/25/2025 19:00,53.274
719,3/26/2025 1:00,40.881
720,3/26/2025 7:00,35.951
721,3/26/2025 13:00,50.29
722,3/26/2025 19:00,55.537
723,3/27/2025 1:00,43.099
724,3/27/2025 7:00,38.44
725,3/27/2025 13:00,50.643
726,3/27/2025 19:00,47.624
727,3/28/2025 1:00,42.915
728,3/28/2025 7:00,39.196
729,3/28/2025 13:00,49.582
730,3/28/2025 19:00,48.339
731,3/29/2025 1:00,38.629
732,3/29/2025 7:00,35.758
733,3/29/2025 13:00,47.624
734,3/29/2025 19:00,44.742
735,3/30/2025 1:00,38.061
736,3/30/2025 7:00,35.564
737,3/30/2025 13:00,39.007
738,3/30/2025 19:00,44.195
739,3/31/2025 1:00,38.061
740,3/31/2025 7:00,35.951
741,3/31/2025 13:00,42.363
742,3/31/2025 19:00,42.732
743,4/1/2025 1:00,37.107
744,4/1/2025 7:00,34.59
745,4/1/2025 13:00,42.915
746,4/1/2025 19:00,41.067
747,4/2/2025 1:00,34.981
748,4/2/2025 7:00,33.607
749,4/2/2025 13:00,37.679
750,4/2/2025 19:00,42.915
751,4/3/2025 1:00,35.758
752,4/3/2025 7:00,34.002
753,4/3/2025 13:00,42.363
754,4/3/2025 19:00,45.286
755,4/4/2025 1:00,36.723
756,4/4/2025 7:00,34.198
757,4/4/2025 13:00,41.81
758,4/4/2025 19:00,45.286
759,4/5/2025 1:00,35.564
760,4/5/2025 7:00,33.213
761,4/5/2025 13:00,42.548
762,4/5/2025 19:00,49.582
763,4/6/2025 1:00,37.297
764,4/6/2025 7:00,34.002
765,4/6/2025 13:00,46.548
766,4/6/2025 19:00,52.75
767,4/7/2025 1:00,40.321
768,4/7/2025 7:00,35.37
769,4/7/2025 13:00,45.828
770,4/7/2025 19:00,48.517
771,4/8/2025 1:00,44.195
772,4/8/2025 7:00,41.625
773,4/8/2025 13:00,51.874
774,4/8/2025 19:00,50.819
775,4/9/2025 1:00,41.994
776,4/9/2025 7:00,36.531
777,4/9/2025 13:00,50.113
778,4/9/2025 19:00,53.973
779,4/10/2025 1:00,43.099
780,4/10/2025 7:00,37.488
781,4/10/2025 13:00,53.973
782,4/10/2025 19:00,57.614
783,4/11/2025 1:00,46.369
784,4/11/2025 7:00,41.625
785,4/11/2025 13:00,55.884
786,4/11/2025 19:00,53.798
787,4/12/2025 1:00,47.624
788,4/12/2025 7:00,44.56
789,4/12/2025 13:00,55.189
790,4/12/2025 19:00,52.925
791,4/13/2025 1:00,43.282
792,4/13/2025 7:00,37.107
793,4/13/2025 13:00,50.643
794,4/13/2025 19:00,53.973
795,4/14/2025 1:00,41.625
796,4/14/2025 7:00,36.145
797,4/14/2025 13:00,52.401
798,4/14/2025 19:00,65.509
799,4/15/2025 1:00,45.466
800,4/15/2025 7:00,33.411
801,4/15/2025 13:00,66.708
802,4/15/2025 19:00,74.446
803,4/16/2025 1:00,73.407
804,4/16/2025 7:00,72.372
