Plot Title: LNshrub,,
#,"Date Time, GMT-06:00","Temp, °F (LGR S/N: 21780491, SEN S/N: 21780491)"
1,4/28/2025 11:00,67.564
2,4/28/2025 17:00,51.699
3,4/28/2025 23:00,45.828
4,4/29/2025 5:00,41.994
5,4/29/2025 11:00,48.16
6,4/29/2025 17:00,55.711
7,4/29/2025 23:00,48.339
8,4/30/2025 5:00,44.195
9,4/30/2025 11:00,45.286
10,4/30/2025 17:00,55.884
11,4/30/2025 23:00,47.446
12,5/1/2025 5:00,42.179
13,5/1/2025 11:00,45.104
14,5/1/2025 17:00,58.82
15,5/1/2025 23:00,47.982
16,5/2/2025 5:00,43.282
17,5/2/2025 11:00,47.624
18,5/2/2025 17:00,61.569
19,5/2/2025 23:00,50.466
20,5/3/2025 5:00,45.286
21,5/3/2025 11:00,49.937
22,5/3/2025 17:00,62.598
23,5/3/2025 23:00,52.401
24,5/4/2025 5:00,47.982
25,5/4/2025 11:00,52.401
26,5/4/2025 17:00,64.31
27,5/4/2025 23:00,53.798
28,5/5/2025 5:00,49.05
29,5/5/2025 11:00,48.16
30,5/5/2025 17:00,46.369
31,5/5/2025 23:00,44.013
32,5/6/2025 5:00,42.179
33,5/6/2025 11:00,44.922
34,5/6/2025 17:00,55.884
35,5/6/2025 23:00,48.695
36,5/7/2025 5:00,44.56
37,5/7/2025 11:00,48.695
38,5/7/2025 17:00,62.94
39,5/7/2025 23:00,51.172
40,5/8/2025 5:00,47.088
41,5/8/2025 11:00,51.874
42,5/8/2025 17:00,57.785
43,5/8/2025 23:00,52.576
44,5/9/2025 5:00,48.16
45,5/9/2025 11:00,52.75
46,5/9/2025 17:00,64.139
47,5/9/2025 23:00,53.623
48,5/10/2025 5:00,49.937
49,5/10/2025 11:00,55.711
50,5/10/2025 17:00,63.968
51,5/10/2025 23:00,57.268
52,5/11/2025 5:00,54.842
53,5/11/2025 11:00,56.577
54,5/11/2025 17:00,62.769
55,5/11/2025 23:00,55.189
56,5/12/2025 5:00,52.75
57,5/12/2025 11:00,56.577
58,5/12/2025 17:00,63.455
59,5/12/2025 23:00,54.842
60,5/13/2025 5:00,50.643
61,5/13/2025 11:00,51.346
62,5/13/2025 17:00,55.364
63,5/13/2025 23:00,49.759
64,5/14/2025 5:00,47.266
65,5/14/2025 11:00,47.624
66,5/14/2025 17:00,51.172
67,5/14/2025 23:00,47.446
68,5/15/2025 5:00,45.104
69,5/15/2025 11:00,49.228
70,5/15/2025 17:00,56.057
71,5/15/2025 23:00,48.695
72,5/16/2025 5:00,44.742
73,5/16/2025 11:00,49.582
74,5/16/2025 17:00,53.973
75,5/16/2025 23:00,48.695
76,5/17/2025 5:00,44.742
77,5/17/2025 11:00,51.346
78,5/17/2025 17:00,54.842
79,5/17/2025 23:00,49.937
80,5/18/2025 5:00,48.339
81,5/18/2025 11:00,49.759
82,5/18/2025 17:00,50.819
83,5/18/2025 23:00,46.008
84,5/19/2025 5:00,42.915
85,5/19/2025 11:00,44.013
86,5/19/2025 17:00,58.303
87,5/19/2025 23:00,50.29
88,5/20/2025 5:00,44.742
89,5/20/2025 11:00,50.466
90,5/20/2025 17:00,55.711
91,5/20/2025 23:00,49.937
92,5/21/2025 5:00,45.466
93,5/21/2025 11:00,48.339
94,5/21/2025 17:00,61.054
95,5/21/2025 23:00,50.643
96,5/22/2025 5:00,47.266
97,5/22/2025 11:00,52.05
98,5/22/2025 17:00,61.741
99,5/22/2025 23:00,52.401
100,5/23/2025 5:00,47.982
101,5/23/2025 11:00,50.995
102,5/23/2025 17:00,60.195
103,5/23/2025 23:00,53.274
104,5/24/2025 5:00,50.466
105,5/24/2025 11:00,53.274
106,5/24/2025 17:00,66.193
107,5/24/2025 23:00,56.057
108,5/25/2025 5:00,51.523
109,5/25/2025 11:00,55.364
110,5/25/2025 17:00,68.763
111,5/25/2025 23:00,58.476
112,5/26/2025 5:00,53.274
113,5/26/2025 11:00,57.441
114,5/26/2025 17:00,68.421
115,5/26/2025 23:00,59.164
116,5/27/2025 5:00,54.842
117,5/27/2025 11:00,58.993
118,5/27/2025 17:00,66.366
119,5/27/2025 23:00,59.508
120,5/28/2025 5:00,56.057
121,5/28/2025 11:00,59.508
122,5/28/2025 17:00,68.934
123,5/28/2025 23:00,61.054
124,5/29/2025 5:00,56.923
125,5/29/2025 11:00,61.054
126,5/29/2025 17:00,61.227
127,5/29/2025 23:00,60.024
128,5/30/2025 5:00,55.537
129,5/30/2025 11:00,58.993
130,5/30/2025 17:00,72.372
131,5/30/2025 23:00,60.368
132,5/31/2025 5:00,54.495
133,5/31/2025 11:00,59.337
134,5/31/2025 17:00,74.964
135,5/31/2025 23:00,62.94
136,6/1/2025 5:00,56.75
137,6/1/2025 11:00,61.569
138,6/1/2025 17:00,74.446
139,6/1/2025 23:00,63.455
140,6/2/2025 5:00,57.441
141,6/2/2025 11:00,57.268
142,6/2/2025 17:00,63.282
143,6/2/2025 23:00,57.614
144,6/3/2025 5:00,53.973
145,6/3/2025 11:00,56.577
146,6/3/2025 17:00,62.425
147,6/3/2025 23:00,57.096
148,6/4/2025 5:00,53.1
149,6/4/2025 11:00,55.537
150,6/4/2025 17:00,69.449
151,6/4/2025 23:00,58.303
152,6/5/2025 5:00,53.274
153,6/5/2025 11:00,57.614
154,6/5/2025 17:00,63.797
155,6/5/2025 23:00,57.958
156,6/6/2025 5:00,52.75
157,6/6/2025 11:00,58.303
158,6/6/2025 17:00,71.168
159,6/6/2025 23:00,60.195
160,6/7/2025 5:00,55.537
161,6/7/2025 11:00,61.054
162,6/7/2025 17:00,75.484
163,6/7/2025 23:00,63.797
164,6/8/2025 5:00,59.68
165,6/8/2025 11:00,63.626
166,6/8/2025 17:00,77.225
167,6/8/2025 23:00,65.167
168,6/9/2025 5:00,59.337
169,6/9/2025 11:00,64.996
170,6/9/2025 17:00,80.029
171,6/9/2025 23:00,67.392
172,6/10/2025 5:00,62.598
173,6/10/2025 11:00,67.221
174,6/10/2025 17:00,73.062
175,6/10/2025 23:00,65.167
176,6/11/2025 5:00,60.712
177,6/11/2025 11:00,65.338
178,6/11/2025 17:00,65.68
179,6/11/2025 23:00,58.647
180,6/12/2025 5:00,54.147
181,6/12/2025 11:00,60.195
182,6/12/2025 17:00,72.372
183,6/12/2025 23:00,63.282
184,6/13/2025 5:00,57.441
185,6/13/2025 11:00,63.282
186,6/13/2025 17:00,75.139
187,6/13/2025 23:00,63.282
188,6/14/2025 5:00,59.508
189,6/14/2025 11:00,65.851
190,6/14/2025 17:00,78.624
191,6/14/2025 23:00,63.797
192,6/15/2025 5:00,58.476
193,6/15/2025 11:00,65.68
194,6/15/2025 17:00,78.8
195,6/15/2025 23:00,64.996
196,6/16/2025 5:00,60.368
197,6/16/2025 11:00,66.537
198,6/16/2025 17:00,82.33
199,6/16/2025 23:00,67.735
200,6/17/2025 5:00,61.398
201,6/17/2025 11:00,65.851
202,6/17/2025 17:00,75.659
203,6/17/2025 23:00,65.68
204,6/18/2025 5:00,59.337
205,6/18/2025 11:00,65.509
206,6/18/2025 17:00,82.686
207,6/18/2025 23:00,67.906
208,6/19/2025 5:00,60.883
209,6/19/2025 11:00,68.421
210,6/19/2025 17:00,82.508
211,6/19/2025 23:00,72.028
212,6/20/2025 5:00,66.708
213,6/20/2025 11:00,67.05
214,6/20/2025 17:00,71.683
215,6/20/2025 23:00,64.996
216,6/21/2025 5:00,58.82
217,6/21/2025 11:00,62.94
218,6/21/2025 17:00,67.735
219,6/21/2025 23:00,60.368
220,6/22/2025 5:00,55.711
221,6/22/2025 11:00,52.75
222,6/22/2025 17:00,57.614
223,6/22/2025 23:00,51.874
224,6/23/2025 5:00,47.088
225,6/23/2025 11:00,52.75
226,6/23/2025 17:00,69.964
227,6/23/2025 23:00,57.268
228,6/24/2025 5:00,51.172
229,6/24/2025 11:00,57.268
230,6/24/2025 17:00,72.028
231,6/24/2025 23:00,60.539
232,6/25/2025 5:00,54.147
233,6/25/2025 11:00,59.508
