ID,Length(cm),SurfArea(cm2),AvgDiam(mm)
HE2OC10,10.4221,0.5495,0.1678
HE4OR7,18.3291,1.0888,0.1891
HE4SC2,8.4548,0.4545,0.1711
HE4SC11,9.8428,0.5836,0.1887
HE4SR12,8.6424,0.5503,0.2027
HG1O4,11.5506,0.6817,0.1879
HN1OC7,6.4121,0.4159,0.2065
HN4SC9,1.6798,0.0978,0.1853
LE1SC2,3.6152,0.1783,0.157
LE2OC1,2.7428,0.135,0.1567
LE2OC2,2.8448,0.1721,0.1926
LE2OC4,1.0552,0.0597,0.18
LE2OC5,3.9971,0.2084,0.1659
LE2OC7,2.2139,0.1284,0.1847
LE2OC9,11.6426,0.6268,0.1714
LE2OR11,4.3532,0.2779,0.2032
LE2SC6,2.7021,0.1633,0.1924
LE2SC11,0.7264,0.0561,0.2458
LE2SC12,8.2707,0.5325,0.2049
LE2SR1,2.8667,0.1927,0.214
LE2SR9,12.4103,0.7362,0.1888
LE2SR10,9.6072,0.6021,0.1995
LE3OC11,3.0367,0.1693,0.1774
LE3OR2,2.8078,0.1904,0.2158
LE3OR4,5.5179,0.3238,0.1868
LE3OR5,13.6842,0.869,0.2021
LE3OR12,1.0722,0.0639,0.1898
LE3SC6,20.6929,1.4582,0.2243
LE3SC11,6.1898,0.4114,0.2115
LE4OC8,11.8599,0.7645,0.2052
LE4OC11,7.7479,0.5313,0.2183
LE4OC12,5.5371,0.3375,0.194
LE4OR1,2.0549,0.1269,0.1966
LE4OR4,6.3865,0.3918,0.1953
LE4SC12,3.4194,0.2087,0.1943
LE4SR3,2.0557,0.1179,0.1826
LE4SR6,1.6409,0.1101,0.2135
LE4SR12,1.5812,0.1103,0.2221
LG1OC6,11.9521,1.2413,0.3306
LG1SC5,14.0538,1.1143,0.2524
LG1SR5,19.6614,1.405,0.2275
LG2OC2,8.4575,0.6976,0.2625
LG2OR11,6.1611,0.5594,0.289
LG2SC7,6.0528,0.5354,0.2815
LG2SR4,15.4726,1.0777,0.2217
LG3OC6,6.1867,0.6121,0.315
LG3OR1,53.4772,4.1731,0.2484
LG3SC10,5.9716,0.4062,0.2165
LG4OR9,9.3964,0.5727,0.194
LG4SC7,21.9196,2.1546,0.3129
LG4SR8,4.5365,0.2236,0.1569
LG4SR12,11.3507,0.8201,0.23
LN1OC3,1.8634,0.1264,0.2159
LN1OC4,2.4858,0.1438,0.1842
LN1SC2,7.5263,0.37,0.1565
LN1SC3,11.1392,0.5393,0.1541
LN1SC6,1.9691,0.1037,0.1677
LN1SC8,10.4206,0.5549,0.1695
LN1SC9,8.8242,0.4658,0.168
LN1SC11,10.4821,0.535,0.1625
LN1SR3,11.7985,0.5914,0.1596
LN1SR10,3.9559,0.2232,0.1796
LN2SC1,9.3802,0.5049,0.1713
LN2SC2,4.7274,0.247,0.1663
LN2SC3,6.255,0.3528,0.1795
LN2SC7,1.031,0.0718,0.2216
LN2SC10,7.7179,0.3011,0.1242
LN2SC11,1.5598,0.1077,0.2198
LN2SR2,21.4645,1.0836,0.1607
LN2SR11,2.9208,0.1419,0.1547
LN3OC12,12.7933,0.6073,0.1511
LN3OR11,1.9056,0.1253,0.2094
LN3SC7,7.1851,0.3465,0.1535
LN3SC8,9.3074,0.531,0.1816
LN3SC10,13.6643,0.8255,0.1923
LN4SC1,0.7685,0.0458,0.1898
LN4SC10,10.9308,0.6615,0.1926
