date,site,shrub,patch,subplot,id,herbivory,phenophase,height,notes
4/14/25,low_north,1,O,C,1,,1,,
4/14/25,low_north,1,O,C,3,,1,,
4/14/25,low_north,1,O,C,4,,1,,
4/14/25,low_north,1,O,C,12,,1,,
4/14/25,low_north,1,O,R,5,,1,,
4/14/25,low_north,1,O,R,6,,1,,
4/14/25,low_north,1,O,R,12,,1,,
4/14/25,low_north,1,S,C,2,,1,,
4/14/25,low_north,1,S,C,6,,1,,
4/14/25,low_north,1,S,C,8,,1,,
4/14/25,low_north,1,S,C,9,,1,,
4/14/25,low_north,1,S,C,11,,1,,
4/14/25,low_north,1,S,R,3,,1,,
4/14/25,low_north,1,S,R,7,,1,,
4/14/25,low_north,1,S,R,8,,1,,
4/14/25,low_north,1,S,R,10,,1,,
4/14/25,low_north,2,O,C,,,,,none
4/14/25,low_north,2,O,R,,,,,none
4/14/25,low_north,2,S,R,2,,1,,
4/14/25,low_north,2,S,R,3,,1,,
4/14/25,low_north,2,S,R,9,,1,,
4/14/25,low_north,2,S,R,11,,1,,
4/14/25,low_north,2,S,C,2,,1,,
4/14/25,low_north,2,S,C,7,,1,,
4/14/25,low_north,2,S,C,10,,1,,
4/14/25,low_north,2,S,C,11,,1,,
4/14/25,low_north,3,O,R,7,,1,,
4/14/25,low_north,3,O,R,11,,1,,
4/14/25,low_north,3,O,C,4,,1,,
4/14/25,low_north,3,O,C,5,,1,,
4/14/25,low_north,3,O,C,6,,1,,
4/14/25,low_north,3,O,C,9,,1,,
4/14/25,low_north,3,S,R,4,,1,,
4/14/25,low_north,3,S,C,1,,1,,
4/14/25,low_north,3,S,C,7,,1,,
4/14/25,low_north,3,S,C,8,,1,,
4/14/25,low_north,4,O,R,12,,1,,
4/14/25,low_north,4,O,C,9,,1,,
4/14/25,low_north,4,S,R,9,,1,,
4/14/25,low_north,4,S,R,12,,1,,
4/14/25,low_north,4,S,C,1,,1,,
4/14/25,low_north,4,S,C,10,,1,,
4/14/25,low_east,1,O,R,,,,,none
4/14/25,low_east,1,O,C,1,,1,,
4/14/25,low_east,1,O,C,10,,1,,
4/14/25,low_east,1,S,R,2,,1,,
4/14/25,low_east,1,S,R,4,,1,,
4/14/25,low_east,1,S,R,8,,1,,
4/14/25,low_east,1,S,R,9,,1,,
4/14/25,low_east,1,S,C,3,,1,,
4/14/25,low_east,1,S,C,5,,1,,
4/14/25,low_east,1,S,C,7,,1,,
4/14/25,low_east,1,S,C,8,,1,,
4/14/25,low_east,2,S,R,1,,1,,
4/14/25,low_east,2,S,R,8,,1,,
4/14/25,low_east,2,S,R,9,,1,,
4/14/25,low_east,2,S,R,10,,1,,
4/14/25,low_east,2,S,C,4,,1,,
4/14/25,low_east,2,S,C,6,,1,,
4/14/25,low_east,2,S,C,11,,1,,
4/14/25,low_east,2,S,C,12,,1,,
4/14/25,low_east,2,O,R,2,,1,,
4/14/25,low_east,2,O,R,5,,1,,
4/14/25,low_east,2,O,R,8,,1,,
4/14/25,low_east,2,O,R,10,,1,,
4/14/25,low_east,2,O,R,11,,1,,
4/14/25,low_east,2,O,C,1,,1,,
4/14/25,low_east,2,O,C,3,,1,,
4/14/25,low_east,2,O,C,4,,1,,
4/14/25,low_east,2,O,C,6,,1,,
4/14/25,low_east,2,O,C,8,,1,,
4/14/25,low_east,2,O,C,10,,1,,
4/14/25,low_east,2,O,C,11,,1,,
4/14/25,low_east,3,S,R,9,,1,,
4/14/25,low_east,3,S,C,11,,1,,
4/14/25,low_east,3,O,R,2,,1,,
4/14/25,low_east,3,O,R,4,,1,,
4/14/25,low_east,3,O,R,5,,1,,
4/14/25,low_east,3,O,R,6,,1,,
4/14/25,low_east,3,O,R,10,,1,,
4/14/25,low_east,3,O,R,12,,1,,
4/14/25,low_east,3,O,C,10,,1,,
4/14/25,low_east,3,O,C,11,,1,,
4/14/25,low_east,4,O,R,1,,1,,
4/14/25,low_east,4,O,R,4,,1,,
4/14/25,low_east,4,O,R,10,,1,,
4/14/25,low_east,4,O,C,3,,1,,
4/14/25,low_east,4,O,C,5,,1,,
4/14/25,low_east,4,O,C,7,,1,,
4/14/25,low_east,4,O,C,8,,1,,
4/14/25,low_east,4,O,C,12,,1,,
4/14/25,low_east,4,S,R,3,,1,,
4/14/25,low_east,4,S,R,6,,1,,
4/14/25,low_east,4,S,R,7,,1,,
4/14/25,low_east,4,S,R,9,,1,,
4/14/25,low_east,4,S,R,12,,1,,
4/14/25,low_east,4,S,C,4,,1,,
4/14/25,low_east,4,S,C,7,,1,,
4/14/25,low_east,4,S,C,8,,1,,
4/14/25,low_east,4,S,C,11,,1,,
4/15/25,low_gate,1,O,R,5,,1,,
4/15/25,low_gate,1,O,C,1,,1,,
4/15/25,low_gate,1,O,C,6,,1,,
4/15/25,low_gate,1,O,C,8,,1,,
4/15/25,low_gate,1,S,R,5,,1,,
4/15/25,low_gate,1,S,C,2,,1,,
4/15/25,low_gate,1,S,C,4,,1,,
4/15/25,low_gate,1,S,C,5,,1,,
4/15/25,low_gate,2,O,R,,,1,,none
4/15/25,low_gate,2,O,C,2,,1,,
4/15/25,low_gate,2,O,C,6,,1,,
4/15/25,low_gate,2,S,R,1,,1,,
4/15/25,low_gate,2,S,R,4,,1,,
4/15/25,low_gate,2,S,C,7,,1,,
4/15/25,low_gate,2,S,C,10,,1,,
4/15/25,low_gate,3,O,R,2,,1,,
4/15/25,low_gate,3,O,C,6,,1,,
4/15/25,low_gate,3,S,R,11,,1,,
4/15/25,low_gate,3,S,C,,,,,none
4/15/25,low_gate,4,O,R,12,,1,,
4/15/25,low_gate,4,O,C,,,,,none
4/15/25,low_gate,4,S,R,2,,1,,
4/15/25,low_gate,4,S,R,7,,1,,
4/15/25,low_gate,4,S,R,8,,1,,
4/15/25,low_gate,4,S,R,12,,1,,
4/15/25,low_gate,4,S,C,3,,1,,
4/15/25,low_gate,4,S,C,7,,1,,
4/28/25,low_north,1,O,R,5,,1,1.7,
4/28/25,low_north,1,O,R,6,,1,1.4,
4/28/25,low_north,1,O,C,1,,1,0.9,
4/28/25,low_north,1,O,C,3,,1,0.9,
4/28/25,low_north,1,O,C,4,,1,2,
4/28/25,low_north,1,O,C,12,,1,1.8,
4/28/25,low_north,1,S,R,3,,1,,forgot 1SC data
4/28/25,low_north,1,S,R,5,,1,2,
4/28/25,low_north,1,S,R,7,,1,,
4/28/25,low_north,1,S,R,8,,1,2.2,
4/28/25,low_north,1,S,R,10,,1,1.3,
4/28/25,low_north,2,O,R,,,,,NONE
4/28/25,low_north,2,O,C,4,,1,1.6,
4/28/25,low_north,2,S,R,2,,1,2.9,
4/28/25,low_north,2,S,R,3,,1,2.5,
4/28/25,low_north,2,S,R,9,,1,1.3,
4/28/25,low_north,2,S,R,11,,1,1.4,
4/28/25,low_north,2,S,C,1,,1,3.2,
4/28/25,low_north,2,S,C,2,,1,0.9,
4/28/25,low_north,2,S,C,3,,1,0.7,
4/28/25,low_north,2,S,C,7,,1,1.4,
4/28/25,low_north,2,S,C,10,,1,0.7,
4/28/25,low_north,2,S,C,11,,1,1.2,
4/28/25,low_north,3,O,R,12,,1,1.6,
4/28/25,low_north,3,O,C,4,,1,1.1,
4/28/25,low_north,3,O,C,5,,1,1.3,
4/28/25,low_north,3,O,C,6,,1,0.8,
4/28/25,low_north,3,O,C,9,,1,1.2,
4/28/25,low_north,3,O,C,12,,1,2.1,
4/28/25,low_north,3,S,R,4,,1,1.7,
4/28/25,low_north,3,S,R,9,,1,,
4/28/25,low_north,3,S,C,7,,1,,
4/28/25,low_north,3,S,C,8,,1,2.7,
4/28/25,low_north,3,S,C,11,,1,4.5,
4/28/25,low_north,4,O,R,12,,1,1.9,
4/28/25,low_north,4,O,C,,,,,NONE
4/28/25,low_north,4,S,R,12,,1,1.4,
4/28/25,low_north,4,S,C,1,,1,2.2,
4/28/25,low_north,4,S,C,10,,1,1.8,
4/28/25,low_east,1,O,R,,,,,NONE
4/28/25,low_east,1,O,C,1,,1,1.4,
4/28/25,low_east,1,O,C,9,,1,0.9,
4/28/25,low_east,1,S,R,2,,1,1.7,
4/28/25,low_east,1,S,R,4,,1,2.1,
4/28/25,low_east,1,S,R,9,,1,2.4,
4/28/25,low_east,1,S,C,2,,1,1.2,
4/28/25,low_east,1,S,C,3,,1,,
4/28/25,low_east,1,S,C,5,,1,2,
4/28/25,low_east,1,S,C,7,,1,1,
4/28/25,low_east,2,O,R,2,,1,1.5,
4/28/25,low_east,2,O,R,5,,1,2.2,
4/28/25,low_east,2,O,R,10,,1,0.8,
4/28/25,low_east,2,O,R,11,,1,1.6,
4/28/25,low_east,2,O,C,1,,1,2,
4/28/25,low_east,2,O,C,2,,1,1.7,
4/28/25,low_east,2,O,C,3,,1,1.8,
4/28/25,low_east,2,O,C,4,,1,1.6,
4/28/25,low_east,2,O,C,5,,1,0.8,
4/28/25,low_east,2,O,C,6,,1,1.7,
4/28/25,low_east,2,O,C,7,,1,2.4,
4/28/25,low_east,2,O,C,9,,1,2,
4/28/25,low_east,2,O,C,10,,1,0.7,
4/28/25,low_east,2,S,R,1,,1,1.9,
4/28/25,low_east,2,S,R,4,,1,1,
4/28/25,low_east,2,S,R,8,,1,3,
4/28/25,low_east,2,S,R,9,,1,1.4,
4/28/25,low_east,2,S,R,10,,1,2.3,
4/28/25,low_east,2,S,C,4,,1,0.9,
4/28/25,low_east,2,S,C,6,,1,1.4,
4/28/25,low_east,2,S,C,11,,1,2.5,
4/28/25,low_east,2,S,C,12,,1,2.8,
4/28/25,low_east,3,O,R,2,,1,1.2,
4/28/25,low_east,3,O,R,4,,1,1.9,
4/28/25,low_east,3,O,R,5,,1,1.3,
4/28/25,low_east,3,O,R,6,,1,1.4,
4/28/25,low_east,3,O,R,10,,1,1.1,
4/28/25,low_east,3,O,R,12,,1,,
4/28/25,low_east,3,O,C,10,,1,1.9,
4/28/25,low_east,3,O,C,11,,1,2.2,
4/28/25,low_east,3,S,R,9,,1,2.3,
4/28/25,low_east,3,S,C,11,,1,2.1,
4/28/25,low_east,4,O,R,1,,1,1,
4/28/25,low_east,4,O,R,4,,1,1.4,
4/28/25,low_east,4,O,C,3,,1,1.3,
4/28/25,low_east,4,O,C,5,,1,1,
4/28/25,low_east,4,O,C,7,,1,,
4/28/25,low_east,4,O,C,8,,1,1.5,
4/28/25,low_east,4,O,C,11,,1,2.4,
4/28/25,low_east,4,O,C,12,,1,2,
4/28/25,low_east,4,S,R,3,,1,2.7,
4/28/25,low_east,4,S,R,6,,1,1.5,
4/28/25,low_east,4,S,R,7,,1,1.8,
4/28/25,low_east,4,S,R,9,,1,,
4/28/25,low_east,4,S,R,12,,1,0.7,
4/28/25,low_east,4,S,C,7,,1,1.9,
4/28/25,low_east,4,S,C,8,,1,1.3,
4/28/25,low_east,4,S,C,11,,1,,
4/28/25,low_east,4,S,C,12,,1,1.5,
4/28/25,low_gate,1,O,R,5,,1,1.1,
4/28/25,low_gate,1,O,C,6,,1,6.4,
4/28/25,low_gate,1,O,C,8,,1,3.3,
4/28/25,low_gate,1,S,R,5,,1,5.4,
4/28/25,low_gate,1,S,C,1,,1,,
4/28/25,low_gate,1,S,C,5,,1,3.7,
4/28/25,low_gate,2,O,R,11,,1,2.9,
4/28/25,low_gate,2,O,C,2,,1,3.6,
4/28/25,low_gate,2,O,C,6,,1,3,
4/28/25,low_gate,2,S,R,2,,1,1.6,
4/28/25,low_gate,2,S,R,4,,1,4.3,
4/28/25,low_gate,2,S,R,10,,1,1.9,
4/28/25,low_gate,2,S,R,12,,1,1.1,
4/28/25,low_gate,2,S,C,7,,1,3,
4/28/25,low_gate,2,S,C,10,,1,1.7,
4/28/25,low_gate,3,O,R,2,,1,4.9,
4/28/25,low_gate,3,O,C,6,,1,2.4,
4/28/25,low_gate,3,S,R,,,,,NONE
4/28/25,low_gate,3,S,C,10,,1,3.6,
4/28/25,low_gate,4,O,R,12,,1,1.6,
4/28/25,low_gate,4,O,C,,,,,NONE
4/28/25,low_gate,4,S,R,7,,1,2.8,
4/28/25,low_gate,4,S,R,8,,1,2.1,
4/28/25,low_gate,4,S,R,12,,1,6.2,
4/28/25,low_gate,4,S,C,3,,1,3.3,
4/28/25,low_gate,4,S,C,7,,1,4.5,
4/29/25,high_gate,1,O,R,1,,1,,
4/29/25,high_gate,1,O,C,4,,1,,
4/29/25,high_gate,1,O,C,7,,1,,
4/29/25,high_gate,1,S,R,,,,,NONE
4/29/25,high_gate,1,S,C,,,,,NONE
4/29/25,high_gate,2,O,R,,,,,NONE
4/29/25,high_gate,2,O,C,6,,1,,
4/29/25,high_gate,2,S,R,,,,,NONE
4/29/25,high_gate,2,S,C,,,,,NONE
4/29/25,high_gate,3,O,R,,,,,NONE
4/29/25,high_gate,3,O,C,,,,,NONE
4/29/25,high_gate,3,S,R,,,,,NONE
4/29/25,high_gate,3,S,C,,,,,NONE
4/29/25,high_gate,4,O,R,,,,,NONE
4/29/25,high_gate,4,O,C,,,,,NONE
4/29/25,high_gate,4,S,R,,,,,NONE
4/29/25,high_gate,4,S,C,,,,,NONE
4/29/25,high_north,1,O,R,12,,1,,
4/29/25,high_north,1,O,C,7,,1,,
4/29/25,high_north,1,S,R,10,,1,,
4/29/25,high_north,1,S,C,,,,,NONE
4/29/25,high_north,2,O,R,,,,,NONE
4/29/25,high_north,2,O,C,,,,,NONE
4/29/25,high_north,2,S,R,5,,1,,
4/29/25,high_north,2,S,C,,,,,NONE
4/29/25,high_north,3,O,R,,,,,NONE
4/29/25,high_north,3,O,C,,,,,NONE
4/29/25,high_north,3,S,R,,,,,NONE
4/29/25,high_north,3,S,C,,,,,NONE
4/29/25,high_north,4,O,R,,,,,NONE
4/29/25,high_north,4,O,C,,,,,NONE
4/29/25,high_north,4,S,R,,,,,NONE
4/29/25,high_north,4,S,C,9,,1,,
4/29/25,high_east,1,O,R,,,,,NONE
4/29/25,high_east,1,O,C,,,,,NONE
4/29/25,high_east,1,S,R,4,,1,,
4/29/25,high_east,1,S,C,,,,,NONE
4/29/25,high_east,2,O,R,10,,1,,
4/29/25,high_east,2,O,R,11,,1,,
4/29/25,high_east,2,O,C,6,,1,,
4/29/25,high_east,2,S,R,,,,,NONE
4/29/25,high_east,2,S,C,,,,,NONE
4/29/25,high_east,3,O,R,,,,,NONE
4/29/25,high_east,3,O,C,,,,,NONE
4/29/25,high_east,3,S,R,,,,,NONE
4/29/25,high_east,3,S,C,,,,,NONE
4/29/25,high_east,4,O,R,7,,1,,
4/29/25,high_east,4,O,C,,,,,NONE
4/29/25,high_east,4,S,R,1,,1,,
4/29/25,high_east,4,S,R,10,,1,,
4/29/25,high_east,4,S,R,12,,1,,
4/29/25,high_east,4,S,C,2,,1,,
4/29/25,high_east,4,S,C,7,,1,,
5/12/25,high_gate,1,O,R,,,,,"1 died, 4 missing"
5/12/25,high_gate,1,O,C,4,,1,,"<0.5, 7 died"
5/12/25,high_gate,1,S,R,,,,,NONE
5/12/25,high_gate,1,S,C,,,,,NONE
5/12/25,high_gate,2,O,R,,,,,NONE
5/12/25,high_gate,2,O,C,,,,,NONE
5/12/25,high_gate,2,S,R,,,,,NONE
5/12/25,high_gate,2,S,C,,,,,NONE
5/12/25,high_gate,3,O,R,,,,,NONE
5/12/25,high_gate,3,O,C,,,,,NONE
5/12/25,high_gate,3,S,R,,,,,NONE
5/12/25,high_gate,3,S,C,,,,,NONE
5/12/25,high_gate,4,O,R,,,,,NONE
5/12/25,high_gate,4,O,C,,,,,NONE
5/12/25,high_gate,4,S,R,,,,,NONE
5/12/25,high_gate,4,S,C,,,,,NONE
5/12/25,high_north,1,O,R,,,,,NONE
5/12/25,high_north,1,O,C,7,,1,2.4,
5/12/25,high_north,1,S,R,,,,,NONE
5/12/25,high_north,1,S,C,,,,,NONE
5/12/25,high_north,2,O,R,,,,,NONE
5/12/25,high_north,2,O,C,,,,,NONE
5/12/25,high_north,2,S,R,,,,,NONE
5/12/25,high_north,2,S,C,,,,,NONE
5/12/25,high_north,3,O,R,,,,,NONE
5/12/25,high_north,3,O,C,,,,,NONE
5/12/25,high_north,3,S,R,,,,,NONE
5/12/25,high_north,3,S,C,,,,,NONE
5/12/25,high_north,4,O,R,,,,,"NONE, 6 missing"
5/12/25,high_north,4,O,C,,,,,NONE
5/12/25,high_north,4,S,R,,,,,NONE
5/12/25,high_north,4,S,C,9,,1,2.1,
5/12/25,high_east,1,O,R,,,,,"NONE, 12 missing"
5/12/25,high_east,1,O,C,,,,,"NONE, 3 missing"
5/12/25,high_east,1,S,R,,,,,NONE
5/12/25,high_east,1,S,C,,,,,NONE
5/12/25,high_east,2,O,R,9,,1,3.4,10 and 12 died
5/12/25,high_east,2,O,C,10,,1,2.5,6 died
5/12/25,high_east,2,S,R,3,,1,2,
5/12/25,high_east,2,S,C,,,,,NONE
5/12/25,high_east,3,O,R,3,,1,2,
5/12/25,high_east,3,O,C,,,,,NONE
5/12/25,high_east,3,S,R,,,,,NONE
5/12/25,high_east,3,S,C,,,,,NONE
5/12/25,high_east,4,O,R,7,,1,3,
5/12/25,high_east,4,O,C,,,,,NONE
5/12/25,high_east,4,S,R,12,,1,3.1,
5/12/25,high_east,4,S,C,2,,1,4.2,
5/12/25,low_gate,1,O,R,,,,,NONE
5/12/25,low_gate,1,O,C,6,,1,8.3,
5/12/25,low_gate,1,O,C,8,,1,3.8,
5/12/25,low_gate,1,S,R,5,,1,6.9,
5/12/25,low_gate,1,S,C,5,,1,5.7,
5/12/25,low_gate,2,O,R,11,,1,4.7,
5/12/25,low_gate,2,O,C,2,,1,5.4,
5/12/25,low_gate,2,O,C,6,,1,2.7,
5/12/25,low_gate,2,S,R,4,,1,7.8,
5/12/25,low_gate,2,S,R,10,,1,2.9,
5/12/25,low_gate,2,S,C,7,,1,6.4,
5/12/25,low_gate,2,S,C,10,,1,3,
5/12/25,low_gate,3,O,R,2,,1,9.2,
5/12/25,low_gate,3,O,C,6,,1,5.4,
5/12/25,low_gate,3,O,C,11,,1,2.6,
5/12/25,low_gate,3,S,R,,,,,NONE
5/12/25,low_gate,3,S,C,10,,1,6,
5/12/25,low_gate,4,O,R,12,,1,2.5,
5/12/25,low_gate,4,O,C,,,,,NONE
5/12/25,low_gate,4,S,R,7,,1,3,
5/12/25,low_gate,4,S,R,8,,1,2.9,
5/12/25,low_gate,4,S,C,7,,1,8,
5/13/25,low_north,1,O,R,3,,1,1.7,
5/13/25,low_north,1,O,R,5,,1,3.2,
5/13/25,low_north,1,O,C,1,,1,1.3,
5/13/25,low_north,1,O,C,3,,1,1.4,
5/13/25,low_north,1,O,C,4,,1,3,
5/13/25,low_north,1,O,C,12,,1,3.4,
5/13/25,low_north,1,S,R,3,,1,2.1,
5/13/25,low_north,1,S,R,5,,1,1.7,
5/13/25,low_north,1,S,R,7,,1,,<0.5
5/13/25,low_north,1,S,R,8,,1,2.3,
5/13/25,low_north,1,S,R,10,,1,3.4,
5/13/25,low_north,1,S,R,11,,1,2.1,
5/13/25,low_north,1,S,C,2,,1,2.7,
5/13/25,low_north,1,S,C,3,,1,3.8,
5/13/25,low_north,1,S,C,6,,1,3.1,
5/13/25,low_north,1,S,C,8,,1,4.7,
5/13/25,low_north,1,S,C,9,,1,3.9,
5/13/25,low_north,1,S,C,11,,1,3.7,
5/13/25,low_north,2,O,R,,,,,NONE
5/13/25,low_north,2,O,C,6,,1,3.7,
5/13/25,low_north,2,S,R,2,,1,5.4,
5/13/25,low_north,2,S,R,11,,1,4.4,
5/13/25,low_north,2,S,C,1,,1,5.8,
5/13/25,low_north,2,S,C,2,,1,4,
5/13/25,low_north,2,S,C,3,,1,2.8,
5/13/25,low_north,2,S,C,7,,1,3.6,
5/13/25,low_north,2,S,C,10,,1,2.9,
5/13/25,low_north,2,S,C,11,,1,3.8,
5/13/25,low_north,3,O,R,11,,1,2.9,
5/13/25,low_north,3,O,C,4,,1,3.1,
5/13/25,low_north,3,O,C,5,,1,2,
5/13/25,low_north,3,O,C,6,,1,2.8,
5/13/25,low_north,3,O,C,12,,1,2.7,
5/13/25,low_north,3,S,R,4,,1,1.2,
5/13/25,low_north,3,S,R,9,,1,0.8,
5/13/25,low_north,3,S,C,7,,1,2.7,
5/13/25,low_north,3,S,C,8,,1,5.7,
5/13/25,low_north,3,S,C,11,,1,6.4,
5/13/25,low_north,4,O,R,12,,1,2.2,
5/13/25,low_north,4,O,C,,,,,NONE
5/13/25,low_north,4,S,R,12,,1,2.2,
5/13/25,low_north,4,S,C,1,,1,3.2,
5/13/25,low_north,4,S,C,10,,1,1.6,
5/13/25,low_north,4,S,C,12,,1,1.7,
5/13/25,low_east,1,O,R,,,,,
5/13/25,low_east,1,O,C,1,,1,2.1,
5/13/25,low_east,1,O,C,10,,1,1.1,
5/13/25,low_east,1,S,R,2,,1,1.3,
5/13/25,low_east,1,S,R,4,,1,1.8,
5/13/25,low_east,1,S,R,9,,1,1.7,
5/13/25,low_east,1,S,C,2,,1,4.3,
5/13/25,low_east,1,S,C,3,,1,3.3,
5/13/25,low_east,1,S,C,7,,1,2.7,
5/13/25,low_east,2,O,R,2,,1,1.2,
5/13/25,low_east,2,O,R,4,,1,2.5,
5/13/25,low_east,2,O,R,10,,1,1.9,
5/13/25,low_east,2,O,R,11,,1,3,
5/13/25,low_east,2,O,C,1,,1,2.4,
5/13/25,low_east,2,O,C,2,,1,2.1,
5/13/25,low_east,2,O,C,3,,1,1.7,
5/13/25,low_east,2,O,C,4,,1,2.7,
5/13/25,low_east,2,O,C,5,,1,1.6,
5/13/25,low_east,2,O,C,6,,1,2.5,
5/13/25,low_east,2,O,C,7,,1,3,
5/13/25,low_east,2,O,C,9,,1,2.2,
5/13/25,low_east,2,O,C,10,,1,1.5,
5/13/25,low_east,2,S,R,1,,1,4.7,
5/13/25,low_east,2,S,R,4,,1,1.4,
5/13/25,low_east,2,S,R,8,,1,2.7,
5/13/25,low_east,2,S,R,9,,1,3,
5/13/25,low_east,2,S,R,10,,1,2.8,
5/13/25,low_east,2,S,C,4,,1,3.2,
5/13/25,low_east,2,S,C,6,,1,4.8,
5/13/25,low_east,2,S,C,11,,1,4.5,
5/13/25,low_east,2,S,C,12,,1,4.3,
5/13/25,low_east,3,O,R,2,,1,2.5,
5/13/25,low_east,3,O,R,4,,1,1.7,
5/13/25,low_east,3,O,R,5,,1,2.9,
5/13/25,low_east,3,O,R,6,,1,2.6,
5/13/25,low_east,3,O,R,10,,1,3.6,
5/13/25,low_east,3,O,R,12,,1,2.5,
5/13/25,low_east,3,O,C,11,,1,2.8,
5/13/25,low_east,3,O,C,12,,1,2,
5/13/25,low_east,3,S,R,5,,1,2.8,
5/13/25,low_east,3,S,R,9,,1,3,
5/13/25,low_east,3,S,C,6,,1,2,
5/13/25,low_east,3,S,C,11,,1,4.2,
5/13/25,low_east,4,O,R,1,,1,3.8,
5/13/25,low_east,4,O,R,4,,1,3.1,
5/13/25,low_east,4,O,C,3,,1,1.8,
5/13/25,low_east,4,O,C,5,,1,1.5,
5/13/25,low_east,4,O,C,7,,1,2.2,
5/13/25,low_east,4,O,C,8,,1,2.3,
5/13/25,low_east,4,O,C,11,,1,3.1,
5/13/25,low_east,4,O,C,12,,1,2.5,
5/13/25,low_east,4,S,R,3,,1,3.1,
5/13/25,low_east,4,S,R,6,,1,2.1,
5/13/25,low_east,4,S,R,7,,1,3.1,
5/13/25,low_east,4,S,R,12,,1,3.9,
5/13/25,low_east,4,S,C,4,,1,,<0.5
5/13/25,low_east,4,S,C,7,,1,3,
5/13/25,low_east,4,S,C,8,,1,2.6,
5/13/25,low_east,4,S,C,11,,1,1.4,
5/13/25,low_east,4,S,C,12,,1,3.5,
5/19/25,low_gate,1,O,R,,,,,"NONE, 2+7 trampled"
5/19/25,low_gate,1,O,C,6,,1,9.7,10 trampled
5/19/25,low_gate,1,O,C,8,,1,5.3,
5/19/25,low_gate,1,S,R,5,,1,7.9,
5/19/25,low_gate,1,S,C,5,,1,7.6,
5/19/25,low_gate,2,O,R,11,,1,6,
5/19/25,low_gate,2,O,C,2,,1,5.8,
5/19/25,low_gate,2,S,R,4,,1,7.9,
5/19/25,low_gate,2,S,R,10,,1,3.4,
5/19/25,low_gate,2,S,C,7,,1,9.7,
5/19/25,low_gate,3,O,R,1,,1,9.9,
5/19/25,low_gate,3,O,C,6,,1,7.8,
5/19/25,low_gate,3,O,C,11,,1,3.6,
5/19/25,low_gate,3,S,R,,,,,NONE
5/19/25,low_gate,3,S,C,10,,1,7.3,
5/19/25,low_gate,4,O,R,12,,1,3.5,9 trampled
5/19/25,low_gate,4,O,C,,,,,"NONE, all trampled except 10+11"
5/19/25,low_gate,4,S,R,8,,1,3.5,5 trampled
5/19/25,low_gate,4,S,R,12,,1,8.9,
5/19/25,low_gate,4,S,C,7,,1,10.6,
5/19/25,low_north,1,O,R,3,,1,2.4,
5/19/25,low_north,1,O,R,5,,1,3,
5/19/25,low_north,1,O,C,1,,1,2,
5/19/25,low_north,1,O,C,3,,1,2.1,
5/19/25,low_north,1,O,C,4,,1,4,
5/19/25,low_north,1,S,R,3,,1,2.4,
5/19/25,low_north,1,S,R,5,,1,3.5,
5/19/25,low_north,1,S,R,7,,1,0.8,
5/19/25,low_north,1,S,R,8,,1,3.6,
5/19/25,low_north,1,S,R,10,,1,5.1,
5/19/25,low_north,1,S,C,2,,1,4.6,
5/19/25,low_north,1,S,C,3,,1,3.5,
5/19/25,low_north,1,S,C,6,,1,3.4,
5/19/25,low_north,1,S,C,8,,1,6.2,
5/19/25,low_north,1,S,C,9,,1,4.6,
5/19/25,low_north,1,S,C,11,,1,4.7,
5/19/25,low_north,2,O,R,,,,,NONE
5/19/25,low_north,2,O,C,6,,3,5.8,
5/19/25,low_north,2,S,R,2,,1,6.1,
5/19/25,low_north,2,S,R,11,,1,5,
5/19/25,low_north,2,S,C,1,,1,6.6,
5/19/25,low_north,2,S,C,2,,1,5.7,
5/19/25,low_north,2,S,C,3,,1,5,
5/19/25,low_north,2,S,C,7,,1,4.1,
5/19/25,low_north,2,S,C,10,,1,4.9,
5/19/25,low_north,2,S,C,11,,1,4.1,
5/19/25,low_north,3,O,R,11,,1,3.5,
5/19/25,low_north,3,O,C,5,,1,2,
5/19/25,low_north,3,O,C,6,,1,2.9,
5/19/25,low_north,3,O,C,12,,1,2.8,
5/19/25,low_north,3,S,R,4,,1,2.2,
5/19/25,low_north,3,S,R,9,,1,,<0.5
5/19/25,low_north,3,S,C,7,,1,4.5,
5/19/25,low_north,3,S,C,8,,1,6.4,
5/19/25,low_north,3,S,C,11,,1,6.9,
5/19/25,low_north,4,O,R,,,,,"NONE, missing 1"
5/19/25,low_north,4,O,C,,,,,NONE
5/19/25,low_north,4,S,R,12,,1,3.7,
5/19/25,low_north,4,S,C,1,,1,4.4,
5/19/25,low_north,4,S,C,10,,1,3,
5/19/25,low_north,4,S,C,12,,1,2.6,
5/19/25,low_east,1,O,R,,,,,NONE
5/19/25,low_east,1,O,C,1,,1,2.4,
5/19/25,low_east,1,O,C,10,,1,2.2,
5/19/25,low_east,1,S,R,,,,,NONE
5/19/25,low_east,1,S,C,2,,1,5,
5/19/25,low_east,1,S,C,3,,1,3.8,
5/19/25,low_east,1,S,C,7,,1,4,
5/19/25,low_east,2,O,R,2,,1,3,
5/19/25,low_east,2,O,R,5,,1,2.3,
5/19/25,low_east,2,O,R,10,,1,2.6,
5/19/25,low_east,2,O,R,11,,1,3.1,
5/19/25,low_east,2,O,C,1,,1,2.2,
5/19/25,low_east,2,O,C,2,,1,2,
5/19/25,low_east,2,O,C,3,,1,1.8,
5/19/25,low_east,2,O,C,4,,1,2.6,
5/19/25,low_east,2,O,C,5,,1,2.1,
5/19/25,low_east,2,O,C,6,,1,3.3,
5/19/25,low_east,2,O,C,7,,1,4.1,
5/19/25,low_east,2,O,C,9,,1,3.1,
5/19/25,low_east,2,S,R,1,,1,5.3,
5/19/25,low_east,2,S,R,4,,1,2.2,
5/19/25,low_east,2,S,R,8,,1,3,
5/19/25,low_east,2,S,R,9,,1,4,
5/19/25,low_east,2,S,R,10,,1,2.6,
5/19/25,low_east,2,S,C,6,,1,6.1,
5/19/25,low_east,2,S,C,11,,1,4.5,
5/19/25,low_east,2,S,C,12,,1,5,
5/19/25,low_east,3,O,R,2,,1,2,
5/19/25,low_east,3,O,R,4,,1,2,
5/19/25,low_east,3,O,R,5,,1,2,
5/19/25,low_east,3,O,R,6,,1,4.2,
5/19/25,low_east,3,O,R,10,,1,3,
5/19/25,low_east,3,O,R,12,,1,3.1,
5/19/25,low_east,3,O,C,10,,1,3.5,
5/19/25,low_east,3,O,C,11,,1,2.4,
5/19/25,low_east,3,S,R,4,,1,2.7,
5/19/25,low_east,3,S,R,9,,1,2,
5/19/25,low_east,3,S,C,6,,1,2,
5/19/25,low_east,3,S,C,11,,1,3.5,
5/19/25,low_east,4,O,R,1,,1,3.5,
5/19/25,low_east,4,O,R,4,,1,2.6,
5/19/25,low_east,4,O,C,3,,1,2.6,
5/19/25,low_east,4,O,C,4,,1,3.1,
5/19/25,low_east,4,O,C,6,,1,3,
5/19/25,low_east,4,O,C,7,,1,2.9,
5/19/25,low_east,4,O,C,8,,1,2.1,
5/19/25,low_east,4,O,C,11,,1,4.1,
5/19/25,low_east,4,O,C,12,,1,3.4,
5/19/25,low_east,4,S,R,3,,1,3.9,
5/19/25,low_east,4,S,R,6,,1,1.4,
5/19/25,low_east,4,S,R,7,,1,2.5,
5/19/25,low_east,4,S,R,12,,1,3.6,
5/19/25,low_east,4,S,C,4,,1,1,
5/19/25,low_east,4,S,C,7,,1,2.9,
5/19/25,low_east,4,S,C,8,,1,2.7,
5/19/25,low_east,4,S,C,11,,1,1.7,
5/19/25,low_east,4,S,C,12,,1,3.9,
5/28/25,high_gate,1,O,R,,,,,NONE
5/28/25,high_gate,1,O,C,4,,1,1,
5/28/25,high_gate,1,S,R,,,,,NONE
5/28/25,high_gate,1,S,C,,,,,NONE
5/28/25,high_gate,2,O,R,,,,,NONE
5/28/25,high_gate,2,O,C,,,,,NONE
5/28/25,high_gate,2,S,R,,,,,NONE
5/28/25,high_gate,2,S,C,,,,,NONE
5/28/25,high_gate,3,O,R,,,,,NONE
5/28/25,high_gate,3,O,C,,,,,NONE
5/28/25,high_gate,3,S,R,,,,,NONE
5/28/25,high_gate,3,S,C,,,,,NONE
5/28/25,high_gate,4,O,R,,,,,NONE
5/28/25,high_gate,4,O,C,,,,,NONE
5/28/25,high_gate,4,S,R,,,,,NONE
5/28/25,high_gate,4,S,C,,,,,NONE
5/28/25,high_north,1,O,R,,,,,NONE
5/28/25,high_north,1,O,C,7,,1,2.6,
5/28/25,high_north,1,S,R,,,,,NONE
5/28/25,high_north,1,S,C,,,,,NONE
5/28/25,high_north,2,O,R,,,,,NONE
5/28/25,high_north,2,O,C,,,,,NONE
5/28/25,high_north,2,S,R,,,,,NONE
5/28/25,high_north,2,S,C,,,,,NONE
5/28/25,high_north,3,O,R,,,,,NONE
5/28/25,high_north,3,O,C,,,,,NONE
5/28/25,high_north,3,S,R,,,,,NONE
5/28/25,high_north,3,S,C,,,,,NONE
5/28/25,high_north,4,O,R,,,,,"NONE, 6 missing"
5/28/25,high_north,4,O,C,,,,,NONE
5/28/25,high_north,4,S,R,,,,,NONE
5/28/25,high_north,4,S,C,9,,1,3.1,
5/28/25,high_east,1,O,R,,,,,"NONE, 12 missing"
5/28/25,high_east,1,O,C,,,,,"NONE, 3 missing"
5/28/25,high_east,1,S,R,,,,,NONE
5/28/25,high_east,1,S,C,,,,,NONE
5/28/25,high_east,2,O,R,,,,,"NONE, 9+10+12 died"
5/28/25,high_east,2,O,C,10,,1,2.1,6 died
5/28/25,high_east,2,S,R,3,,1,2,looks bad
5/28/25,high_east,2,S,C,,,,,NONE
5/28/25,high_east,3,O,R,,,,,"NONE, 3 died"
5/28/25,high_east,3,O,C,,,,,NONE
5/28/25,high_east,3,S,R,,,,,NONE
5/28/25,high_east,3,S,C,,,,,NONE
5/28/25,high_east,4,O,R,7,,1,4.5,
5/28/25,high_east,4,O,C,,,,,NONE
5/28/25,high_east,4,S,R,12,,1,5.6,
5/28/25,high_east,4,S,C,2,,1,2.5,
5/28/25,high_east,4,S,C,10,,1,3.4,
5/28/25,low_gate,1,O,R,,,,,"NONE, 1-4,7,12 missing"
5/28/25,low_gate,1,O,C,6,,,4,"top chomped, 10 trampled"
5/28/25,low_gate,1,O,C,8,,1,2.4,
5/28/25,low_gate,1,S,R,5,,1,3.5,
5/28/25,low_gate,1,S,C,5,,1,1.5,
5/28/25,low_gate,2,O,R,11,,1,3.7,
5/28/25,low_gate,2,O,C,2,,3,6.6,
5/28/25,low_gate,2,S,R,4,,1,7.9,
5/28/25,low_gate,2,S,R,10,,1,1.6,
5/28/25,low_gate,2,S,C,7,,1,2.3,
5/28/25,low_gate,3,O,R,1,,,1.9,"top chomped, 4-8 trampled"
5/28/25,low_gate,3,O,C,6,,3,12.7,all else (including 11) trampled
5/28/25,low_gate,3,S,R,,,,,NONE
5/28/25,low_gate,3,S,C,10,,1,4.1,
5/28/25,low_gate,4,O,R,12,,1,3.2,4+9 trampled
5/28/25,low_gate,4,O,C,,,,,"NONE, all trampled except 10+11"
5/28/25,low_gate,4,S,R,8,,1,1.8,4+5 trampled
5/28/25,low_gate,4,S,R,12,,3,12.2,
5/28/25,low_gate,4,S,C,7,,3,12.4,
5/28/25,low_north,1,O,R,5,,1,2.4,3 died
5/28/25,low_north,1,O,C,1,,1,2,5+9 missing
5/28/25,low_north,1,O,C,3,,1,2.1,
5/28/25,low_north,1,O,C,4,,1,3,
5/28/25,low_north,1,S,R,3,,1,2.6,"5,7,8 died"
5/28/25,low_north,1,S,R,10,,1,3.7,
5/28/25,low_north,1,S,C,2,,1,5.8,
5/28/25,low_north,1,S,C,3,,1,3,
5/28/25,low_north,1,S,C,6,,1,2,
5/28/25,low_north,1,S,C,8,,3,8.5,
5/28/25,low_north,1,S,C,9,,1,4.7,
5/28/25,low_north,1,S,C,11,,1,5.5,
5/28/25,low_north,2,O,R,,,,,NONE
5/28/25,low_north,2,O,C,6,,3,7.4,
5/28/25,low_north,2,S,R,2,,1,4.8,
5/28/25,low_north,2,S,R,11,,1,4.6,
5/28/25,low_north,2,S,C,1,,1,6.1,
5/28/25,low_north,2,S,C,2,,1,3.4,
5/28/25,low_north,2,S,C,3,,1,3.6,
5/28/25,low_north,2,S,C,7,,1,2.5,
5/28/25,low_north,2,S,C,10,,1,5.6,
5/28/25,low_north,2,S,C,11,,1,3.5,
5/28/25,low_north,3,O,R,11,,1,2,
5/28/25,low_north,3,O,C,5,,1,15,6 died
5/28/25,low_north,3,O,C,12,,1,2.2,
5/28/25,low_north,3,S,R,4,,1,2.1,
5/28/25,low_north,3,S,R,9,,1,1.5,<0.5
5/28/25,low_north,3,S,C,7,,1,2,
5/28/25,low_north,3,S,C,8,,3,5.7,
5/28/25,low_north,3,S,C,11,,1,5.1,
5/28/25,low_north,4,O,R,,,,,"NONE, missing 1"
5/28/25,low_north,4,O,C,,,,,NONE
5/28/25,low_north,4,S,R,,,,,"NONE, 12 died"
5/28/25,low_north,4,S,C,1,,1,2.7,12 died
5/28/25,low_north,4,S,C,10,,1,2.3,
5/29/25,low_east,1,O,R,,,,,NONE
5/29/25,low_east,1,O,C,1,,3,2.9,10 died
5/29/25,low_east,1,S,R,,,,,NONE
5/29/25,low_east,1,S,C,2,,1,3.5,
5/29/25,low_east,1,S,C,3,,1,2.7,
5/29/25,low_east,1,S,C,7,,1,3,
5/29/25,low_east,2,O,R,11,,1,1.8,"2,5,10 died"
5/29/25,low_east,2,O,C,1,,1,1,
5/29/25,low_east,2,O,C,2,,1,1.5,
5/29/25,low_east,2,O,C,3,,1,1.9,
5/29/25,low_east,2,O,C,4,,3,4,
5/29/25,low_east,2,O,C,5,,1,2,
5/29/25,low_east,2,O,C,6,,3,4.4,
5/29/25,low_east,2,O,C,7,,3,4.6,
5/29/25,low_east,2,O,C,9,,3,3.2,
5/29/25,low_east,2,S,R,1,,1,5.1,8 trampled
5/29/25,low_east,2,S,R,4,,1,2,
5/29/25,low_east,2,S,R,9,,1,5.2,
5/29/25,low_east,2,S,R,10,,1,3.1,
5/29/25,low_east,2,S,C,6,,3,6.8,
5/29/25,low_east,2,S,C,11,,1,3.5,
5/29/25,low_east,2,S,C,12,,3,4.2,
5/29/25,low_east,3,O,R,2,,1,2,6 + 10 died
5/29/25,low_east,3,O,R,4,,1,2.1,
5/29/25,low_east,3,O,R,5,,1,1.9,
5/29/25,low_east,3,O,R,12,,1,2.4,
5/29/25,low_east,3,O,C,10,,3,3.2,
5/29/25,low_east,3,O,C,11,,3,2.5,
5/29/25,low_east,3,S,R,9,,1,3.1,4 died
5/29/25,low_east,3,S,C,6,,1,1.8,
5/29/25,low_east,3,S,C,11,,1,2.1,
5/29/25,low_east,4,O,R,1,,1,2.7,
5/29/25,low_east,4,O,R,4,,1,1.9,
5/29/25,low_east,4,O,C,3,,1,2.6,4 died
5/29/25,low_east,4,O,C,6,,1,1.8,
5/29/25,low_east,4,O,C,7,,1,1.5,
5/29/25,low_east,4,O,C,8,,3,2.8,
5/29/25,low_east,4,O,C,11,,1,2.4,
5/29/25,low_east,4,O,C,12,,1,1,
5/29/25,low_east,4,S,R,3,,1,1,7 died
5/29/25,low_east,4,S,R,6,,3,3.6,
5/29/25,low_east,4,S,R,12,,3,6.8,
5/29/25,low_east,4,S,C,4,,1,1,11 died
5/29/25,low_east,4,S,C,7,,1,2.2,
5/29/25,low_east,4,S,C,8,,1,3.1,
5/29/25,low_east,4,S,C,12,,1,3.5,
6/5/25,high_gate,1,O,C,4,,1,2,no others at site
6/5/25,high_north,1,O,C,7,,1,2.4,looks bad
6/5/25,high_north,4,S,C,9,,1,3.1,no others at site
6/5/25,high_east,2,O,C,10,,3,3,2SR3 died
6/5/25,high_east,4,O,R,7,,1,2.7,looks bad
6/5/25,high_east,4,S,R,12,,1,6.1,
6/5/25,high_east,4,S,C,2,,1,2,
6/5/25,high_east,4,S,C,11,,3,5.2,no others at site
6/5/25,low_gate,1,O,R,,,,,"NONE, 1-4,7,12 missing"
6/5/25,low_gate,1,O,C,6,,,5.1,"top chomped, 10 trampled"
6/5/25,low_gate,1,O,C,8,,1,2.2,
6/5/25,low_gate,1,S,R,5,,1,2.6,
6/5/25,low_gate,1,S,C,5,,1,2.4,
6/5/25,low_gate,2,O,R,11,,1,3.4,
6/5/25,low_gate,2,O,C,2,,3,7.1,
6/5/25,low_gate,2,S,R,4,,1,1.7,10 died
6/5/25,low_gate,2,S,C,7,,1,2,
6/5/25,low_gate,3,O,R,1,,1,1.5,"top chomped, 4-8 trampled"
6/5/25,low_gate,3,O,C,6,,3,15.6,all else (including 11) trampled
6/5/25,low_gate,3,S,R,,,,,NONE
6/5/25,low_gate,3,S,C,10,,1,4.2,
6/5/25,low_gate,4,O,R,12,,1,3,4+9 trampled
6/5/25,low_gate,4,O,C,,,,,"NONE, all trampled except 10+11"
6/5/25,low_gate,4,S,R,8,,1,1,4+5 trampled
6/5/25,low_gate,4,S,R,12,,3,20.7,
6/5/25,low_gate,4,S,C,7,,3,14.3,
6/5/25,low_north,1,O,R,,,,,3+5 died
6/5/25,low_north,1,O,C,3,,1,2,"5+9 missing, 1 died"
6/5/25,low_north,1,O,C,4,,1,2.6,
6/5/25,low_north,1,S,R,3,,1,2.3,"5,7,8 died"
6/5/25,low_north,1,S,R,10,,1,3.8,
6/5/25,low_north,1,S,C,2,,1,3.5,
6/5/25,low_north,1,S,C,3,,1,3.6,
6/5/25,low_north,1,S,C,6,,1,2.3,
6/5/25,low_north,1,S,C,8,,3,10.7,
6/5/25,low_north,1,S,C,9,,1,6.4,
6/5/25,low_north,1,S,C,11,,1,8.2,
6/5/25,low_north,2,O,R,,,,,NONE
6/5/25,low_north,2,O,C,,,,,6 died
6/5/25,low_north,2,S,R,2,,1,4,
6/5/25,low_north,2,S,R,11,,1,4.6,
6/5/25,low_north,2,S,C,1,,1,4.4,
6/5/25,low_north,2,S,C,2,,1,3.1,
6/5/25,low_north,2,S,C,3,,1,2.4,
6/5/25,low_north,2,S,C,7,,1,2.1,
6/5/25,low_north,2,S,C,10,,1,5.6,
6/5/25,low_north,2,S,C,11,,1,2.2,
6/5/25,low_north,3,O,R,11,,1,1,looks bad
6/5/25,low_north,3,O,C,12,,1,2,5+6 died
6/5/25,low_north,3,S,R,4,,1,2.4,9 died
6/5/25,low_north,3,S,C,7,,1,2.2,
6/5/25,low_north,3,S,C,8,,3,6.1,
6/5/25,low_north,3,S,C,11,,1,4.3,
6/5/25,low_north,4,O,R,,,,,"NONE, missing 1"
6/5/25,low_north,4,O,C,,,,,NONE
6/5/25,low_north,4,S,R,,,,,"NONE, 12 died"
6/5/25,low_north,4,S,C,1,,1,1,12 died
6/5/25,low_north,4,S,C,10,,3,3,
6/6/25,low_east,1,O,R,,,,,"NONE, 5+12 trampled"
6/6/25,low_east,1,O,C,1,,3,3.3,10 died
6/6/25,low_east,1,S,R,,,,,"NONE, 6 trampled"
6/6/25,low_east,1,S,C,2,,3,3,
6/6/25,low_east,1,S,C,3,,1,3.2,
6/6/25,low_east,1,S,C,7,,1,2.8,
6/6/25,low_east,2,O,R,11,,1,2.3,"2,5,10 died"
6/6/25,low_east,2,O,C,1,,1,1,all in 2OC look bad
6/6/25,low_east,2,O,C,2,,1,1.5,
6/6/25,low_east,2,O,C,3,,1,2,
6/6/25,low_east,2,O,C,4,,3,3.9,
6/6/25,low_east,2,O,C,5,,3,1.5,
6/6/25,low_east,2,O,C,6,,3,4.7,
6/6/25,low_east,2,O,C,7,,3,4.1,
6/6/25,low_east,2,O,C,9,,3,3.5,
6/6/25,low_east,2,S,R,1,,3,7.4,"7+8 trampled, 4 died"
6/6/25,low_east,2,S,R,9,,1,4.9,
6/6/25,low_east,2,S,R,10,,1,3.8,
6/6/25,low_east,2,S,C,6,,3,9.1,
6/6/25,low_east,2,S,C,11,,1,3.2,
6/6/25,low_east,2,S,C,12,,3,5.2,
6/6/25,low_east,3,O,R,2,,3,3.4,"6 + 10 died, 3 trampled"
6/6/25,low_east,3,O,R,4,,1,2.2,
6/6/25,low_east,3,O,R,5,,1,2,
6/6/25,low_east,3,O,R,12,,3,2.6,
6/6/25,low_east,3,O,C,10,,3,3.5,
6/6/25,low_east,3,O,C,11,,3,2.5,
6/6/25,low_east,3,S,R,9,,1,2.1,4 died
6/6/25,low_east,3,S,C,6,,1,1,looks bad
6/6/25,low_east,3,S,C,11,,1,2,looks bad
6/6/25,low_east,4,O,R,1,,1,3.5,"5,6,10,12 trampled"
6/6/25,low_east,4,O,R,4,,3,2.3,
6/6/25,low_east,4,O,C,3,,3,4,4+7 died
6/6/25,low_east,4,O,C,6,,1,1,
6/6/25,low_east,4,O,C,8,,3,3.5,
6/6/25,low_east,4,O,C,11,,1,3,
6/6/25,low_east,4,O,C,12,,1,1.5,
6/6/25,low_east,4,S,R,3,,1,1,7 died
6/6/25,low_east,4,S,R,6,,3,4.9,
6/6/25,low_east,4,S,R,12,,3,6.4,
6/6/25,low_east,4,S,C,4,,1,1,11 died
6/6/25,low_east,4,S,C,7,,1,1.5,8 died
6/6/25,low_east,4,S,C,12,,1,3.7,
6/10/25,high_gate,1,O,C,4,,1,2.1,"will die soon, collected leaves"
6/10/25,high_north,4,S,C,9,,1,2.9,"collected 10, collect 9 next time"
6/10/25,low_gate,1,O,R,,,,,
6/10/25,low_gate,1,O,C,6,,1,5,
6/10/25,low_gate,1,O,C,8,,1,2.2,collect next time
6/10/25,low_gate,1,S,R,5,,1,2.5,
6/10/25,low_gate,1,S,C,5,,1,2.5,
6/10/25,low_gate,2,O,R,,,,,collected 11
6/10/25,low_gate,2,O,C,2,,3,7.1,collected leaves
6/10/25,low_gate,2,S,R,,,,,collected 4
6/10/25,low_gate,2,S,C,,,,,collected 7
6/10/25,low_gate,3,O,R,,,,,collected 1
6/10/25,low_gate,3,O,C,6,,4,15.5,collected leaves
6/10/25,low_gate,3,S,R,,,,,
6/10/25,low_gate,3,S,C,10,,1,4.6,
6/10/25,low_gate,4,O,R,,,,,collected 12
6/10/25,low_gate,4,O,C,,,,,
6/10/25,low_gate,4,S,R,12,,3,20.6,"collected leaves, collected 8"
6/10/25,low_gate,4,S,C,7,,3,15,collected leaves
6/10/25,low_north,1,O,R,,,,,
6/10/25,low_north,1,O,C,,,,,collected 3 + 4
6/10/25,low_north,1,S,R,,,,,collected 3 + 10
6/10/25,low_north,1,S,C,8,,3,11.2,"collected 2+3+6, collected leaves"
6/10/25,low_north,1,S,C,9,,3,6.3,collected leaves
6/10/25,low_north,1,S,C,11,,3,7.7,collected leaves
6/10/25,low_north,2,O,R,,,,,
6/10/25,low_north,2,O,C,,,,,
6/10/25,low_north,2,S,R,2,,1,4.1,collect next time
6/10/25,low_north,2,S,R,11,,1,4.4,collect next time
6/10/25,low_north,2,S,C,10,,3,6.1,"collected 1,2,3,7,11; collect leaves next time"
6/10/25,low_north,3,O,R,,,,,collected 11
6/10/25,low_north,3,O,C,,,,,collected 12
6/10/25,low_north,3,S,R,,,,,collected 4
6/10/25,low_north,3,S,C,7,,1,2,collected 8+11
6/10/25,low_north,4,O,R,,,,,
6/10/25,low_north,4,O,C,,,,,
6/10/25,low_north,4,S,R,,,,,
6/10/25,low_north,4,S,C,10,,3,3.5,"collected 1, collected leaves"
6/10/25,low_east,1,O,R,,,,,
6/10/25,low_east,1,O,C,1,,3,3.3,collected leaves
6/10/25,low_east,1,S,R,,,,,
6/10/25,low_east,1,S,C,2,,3,3.7,collect next time
6/10/25,low_east,1,S,C,3,,1,2.7,collect next time
6/10/25,low_east,1,S,C,7,,1,2.1,collect next time
6/10/25,low_east,2,O,R,,,,,collected 11
6/10/25,low_east,2,O,C,3,,3,2,"collected 1+2, collected leaves"
6/10/25,low_east,2,O,C,4,,3,3.9,collected leaves
6/10/25,low_east,2,O,C,5,,3,2.5,collected leaves
6/10/25,low_east,2,O,C,6,,3,5.4,collected leaves
6/10/25,low_east,2,O,C,7,,3,4.4,collected leaves
6/10/25,low_east,2,O,C,9,,3,3.8,collected leaves
6/10/25,low_east,2,S,R,1,,3,6.1,"collected 9+10, collected leaves"
6/10/25,low_east,2,S,C,6,,3,9.2,collected leaves
6/10/25,low_east,2,S,C,11,,1,3.9,collect next time
6/10/25,low_east,2,S,C,12,,3,4.1,collected leaves
6/10/25,low_east,3,O,R,2,,3,3.6,"collected 4+5, collected leaves"
6/10/25,low_east,3,O,R,12,,3,2,collected leaves
6/10/25,low_east,3,O,C,10,,,,collected 10+11
6/10/25,low_east,3,S,R,9,,,,collected 9
6/10/25,low_east,3,S,C,6,,,,collected 6+11
6/10/25,low_east,4,O,R,4,,3,2.3,"collected 1, collected leaves"
6/10/25,low_east,4,O,C,3,,3,3.6,"collected 6,8,12, collected leaves"
6/10/25,low_east,4,O,C,11,,3,2.9,collected leaves
6/10/25,low_east,4,S,R,6,,3,3.6,"collected 3, collected leaves"
6/10/25,low_east,4,S,R,12,,4,5.5,collected leaves
6/10/25,low_east,4,S,C,12,,1,3.7,"4 died, collected 7, collected leaves"
6/16/25,high_east,2,O,C,10,,4,3,collected leaves
6/16/25,high_east,4,O,R,7,,1,2.6,collected
6/16/25,high_east,4,S,R,12,,1,3.7,collected
6/16/25,high_east,4,S,C,2,,1,1.9,collected
6/16/25,high_east,4,S,C,11,,3,4.9,collected leaves
6/16/25,low_gate,4,S,R,12,,4,21.1,"collected leaves, collected all others"
6/16/25,low_gate,4,S,C,7,,4,15.2,collected leaves
6/16/25,low_north,1,S,C,8,,3,11.6,
6/16/25,low_north,2,S,C,10,,3,6.7,collected leaves
6/16/25,low_north,4,S,C,10,,3,3.5,collected all others
6/16/25,low_east,2,O,C,5,,3,2.2,
6/16/25,low_east,2,S,R,1,,3,7,
6/16/25,low_east,2,S,C,6,,3,9.4,
6/16/25,low_east,2,S,C,12,,3,3.8,
6/16/25,low_east,3,O,R,2,,4,3.9,collected all others