site,shrub,patch,species,id,neighbor_sp,distance
low_north,1,O,ALDE,3,ALDE,5.2
low_north,1,O,ALDE,3,ALDE,4
low_north,1,S,COPA,3,PODO,1.8
low_north,1,S,COPA,3,BRTE,3.4
low_north,1,S,COPA,3,BRTE,3.8
low_north,1,S,COPA,3,BRTE,2.7
low_north,1,S,COPA,3,BRTE,4.2
low_north,1,S,COPA,3,BRTE,4.2
low_north,1,S,COPA,3,ALDE,3
low_north,1,S,COPA,3,ALDE,6.5
low_north,1,S,COPA,3,ALDE,5.2
low_north,1,S,COPA,3,ALDE,5
low_north,1,S,COPA,3,ALDE,5
low_north,1,S,COPA,3,ALDE,4
low_north,3,S,COPA,3,BRTE,3.6
low_north,3,S,COPA,3,BRTE,3.7
low_north,3,S,COPA,3,BRTE,5
low_north,3,S,COPA,3,BRTE,1.1
low_north,3,S,COPA,3,BRTE,1.9
low_north,3,S,COPA,3,BRTE,2.5
low_north,3,S,COPA,3,BRTE,5.2
low_north,3,S,COPA,3,BRTE,4.2
low_north,3,S,COPA,3,BRTE,5.7
low_north,3,S,COPA,3,ALDE,5.5
low_north,4,S,COPA,1,BRTE,4.2
low_north,4,S,COPA,1,BRTE,5.5
low_north,4,S,COPA,1,BRTE,5
low_north,4,S,COPA,1,BRTE,5
low_north,4,S,COPA,1,BRTE,1.5
low_north,4,S,COPA,1,BRTE,9
low_north,4,S,COPA,1,BRTE,6.8
low_north,4,S,COPA,1,BRTE,5.9
low_north,4,S,COPA,1,ALDE,4.4
low_north,4,S,COPA,1,ALDE,8.8
low_north,4,S,COPA,1,ALDE,10
low_north,4,S,COPA,1,ALDE,6.8
low_north,4,S,COPA,1,ALDE,8.4
low_gate,1,O,COPA,2,ALDE,3.9
low_gate,1,O,COPA,2,ALDE,4.9
low_gate,1,O,COPA,2,ALDE,6.4
low_gate,1,O,COPA,2,ALDE,3.2
low_gate,1,O,COPA,2,ALDE,4.3
low_gate,1,O,COPA,2,ALDE,3.6
low_gate,1,O,COPA,2,ALDE,3.2
low_gate,1,O,COPA,2,ALDE,6
low_gate,1,O,COPA,2,ALDE,6.3
low_gate,1,O,COPA,2,BRTE,3.8
low_gate,1,O,COPA,2,BRTE,2.5
low_gate,1,O,COPA,2,BRTE,3
low_gate,1,O,COPA,2,BRTE,1.9
low_gate,1,S,COPA,3,ALDE,3.1
low_gate,1,S,COPA,3,ALDE,2.2
low_gate,1,S,COPA,3,ALDE,3.2
low_gate,1,S,COPA,3,ALDE,3.1
low_gate,1,S,COPA,3,ALDE,9
low_gate,1,S,COPA,3,ALDE,4.4
low_gate,1,S,COPA,3,ALDE,4.2
low_gate,1,S,COPA,3,ALDE,5.4
low_gate,1,S,COPA,3,ALDE,7
low_gate,1,S,COPA,3,ALDE,9.5
low_gate,1,S,COPA,3,ALDE,9.7
low_gate,1,S,COPA,3,BRTE,4.9
low_gate,1,S,COPA,3,BRTE,3
low_gate,1,S,COPA,3,BRTE,6.5
low_gate,1,S,COPA,3,BRTE,1.9
low_gate,1,S,COPA,3,BRTE,7.4
low_gate,1,S,COPA,3,BRTE,4.9
low_gate,1,S,COPA,3,COPA,2.6
low_gate,1,S,COPA,3,COPA,3.5
low_gate,1,S,COPA,3,COPA,6
low_gate,1,S,COPA,3,COPA,3.4
low_gate,1,S,COPA,3,COPA,6.4
low_gate,1,S,COPA,3,COPA,5
low_gate,1,S,COPA,3,COPA,7.8
low_gate,1,S,COPA,3,COPA,8.5
low_gate,1,S,COPA,3,COPA,9.2
low_gate,1,S,COPA,3,COPA,7
low_gate,1,S,COPA,3,COPA,6.6
low_gate,1,S,COPA,3,COPA,9.3
low_gate,2,O,COPA,1,ALDE,3.5
low_gate,2,O,COPA,1,ALDE,3
low_gate,2,O,COPA,1,ALDE,4.2
low_gate,2,O,COPA,1,ALDE,5
low_gate,2,O,COPA,1,ALDE,7.5
low_gate,2,O,COPA,1,ALDE,8
low_gate,2,O,COPA,1,ALDE,7.4
low_gate,2,O,COPA,1,ALDE,6
low_gate,2,O,COPA,1,ALDE,9.5
low_gate,2,O,COPA,1,BRTE,2.2
low_gate,2,O,COPA,1,BRTE,4.5
low_gate,2,O,COPA,1,BRTE,8
low_gate,2,O,COPA,1,BRTE,8.2
low_gate,3,O,COPA,2,COPA,2
low_gate,3,O,COPA,2,ALDE,2.5
low_gate,3,O,COPA,2,ALDE,3
low_gate,3,O,COPA,2,ALDE,4.5
low_gate,3,O,COPA,2,ALDE,6.8
low_gate,3,O,COPA,2,ALDE,8
low_gate,3,O,COPA,2,BRTE,4.9
low_gate,3,O,COPA,3,COPA,2
low_gate,3,O,COPA,3,ALDE,7.5
low_gate,3,O,COPA,3,ALDE,5.6
low_gate,3,O,COPA,3,ALDE,4.5
low_gate,3,O,COPA,3,ALDE,4
low_gate,3,O,COPA,3,ALDE,7.2
low_gate,3,O,COPA,3,BRTE,5.7
low_gate,3,S,COPA,2,ALDE,1.6
low_gate,3,S,COPA,2,ALDE,1.4
low_gate,3,S,COPA,2,ALDE,2
low_gate,3,S,COPA,2,ALDE,3.6
low_gate,3,S,COPA,2,ALDE,4
low_gate,3,S,COPA,2,ALDE,4.5
low_gate,3,S,COPA,2,ALDE,3.8
low_gate,3,S,COPA,2,ALDE,7.8
low_gate,3,S,COPA,2,ALDE,9.6
low_gate,3,S,COPA,2,ALDE,7.6
low_gate,3,S,COPA,2,ALDE,9
low_gate,3,S,COPA,2,BRTE,2.5
low_gate,3,S,COPA,2,BRTE,4.7
low_gate,3,S,COPA,2,BRTE,2.5
low_gate,3,S,COPA,2,BRTE,4.6
low_gate,3,S,COPA,2,BRTE,7.2
low_gate,3,S,COPA,2,BRTE,7.3
low_gate,3,S,COPA,2,BRTE,8.4
low_gate,3,S,COPA,2,BRTE,5.5
low_gate,3,S,COPA,2,BRTE,5.8
high_gate,1,S,BRTE,3,BRTE,7
high_gate,2,S,ALDE,2,COPA,1.1
high_gate,2,S,ALDE,2,COPA,4.3
high_gate,2,S,COPA,1,ALDE,4.3
high_gate,2,S,COPA,1,COPA,3.5
high_east,2,O,COPA,1,COPA,1
high_east,2,O,COPA,1,COPA,1.2
high_east,2,O,COPA,1,COPA,4.2
high_east,2,O,COPA,1,COPA,3.9
high_east,2,O,COPA,1,COPA,5
high_east,2,O,COPA,1,COPA,8.9
high_east,2,O,COPA,1,COPA,4
high_east,2,O,COPA,1,COPA,4.2
high_east,2,O,COPA,1,BRTE,3
high_east,3,S,COPA,1,BRTE,4
high_east,1,O,BRTE,3,COPA,3.8
high_east,1,O,BRTE,3,COPA,5.8
high_east,1,O,BRTE,3,COPA,8.5
high_east,1,S,COPA,3,NA,
high_east,2,S,BRTE,1,COPA,4
high_east,2,S,BRTE,1,COPA,6.1
high_east,2,S,COPA,2,BRTE,4
high_east,2,S,COPA,2,COPA,2
high_east,2,S,COPA,3,BRTE,6.1
high_east,2,S,COPA,3,COPA,2
high_east,4,S,ALDE,1,ALDE,4.1
high_east,4,S,ALDE,1,COPA,5
high_east,4,S,ALDE,1,COPA,8
high_east,4,S,ALDE,1,COPA,9.9
high_east,4,S,ALDE,1,COPA,9.1
high_east,4,S,ALDE,1,COPA,8.1
low_north,1,S,PODO,3,ALDE,3.5
low_north,1,S,PODO,3,ALDE,9.5
low_north,1,S,PODO,3,ALDE,5.5
low_north,1,S,PODO,3,ALDE,7
low_north,1,S,PODO,3,ALDE,3.9
low_north,1,S,PODO,3,BRTE,4
low_north,1,S,PODO,3,BRTE,6.8
high_gate,1,S,BRTE,1,BRTE,7
low_north,1,S,BRTE,1,BRTE,5
low_north,1,S,BRTE,1,BRTE,7.8
low_north,1,S,BRTE,1,BRTE,9.9
low_north,1,S,BRTE,1,BRTE,9.3
low_north,1,S,BRTE,1,PODO,4
low_north,1,S,BRTE,1,ALDE,6
low_north,1,S,BRTE,1,ALDE,6.4
low_north,1,S,BRTE,1,ALDE,9.8
low_north,1,S,BRTE,1,ALDE,3
low_north,1,S,BRTE,1,ALDE,6.4
low_north,2,O,BRTE,2,BRTE,2.5
low_north,2,O,BRTE,2,BRTE,5
low_north,2,O,BRTE,2,BRTE,7.1
low_north,2,O,BRTE,2,BRTE,8.1
low_north,2,O,BRTE,2,BRTE,6.9
low_north,2,O,BRTE,2,BRTE,6.5
low_north,2,O,BRTE,2,ALDE,8
low_north,2,O,BRTE,2,ALDE,7.9
low_north,2,O,BRTE,2,ALDE,5
low_north,2,O,BRTE,2,ALDE,10
low_north,2,O,BRTE,2,ALDE,7.5
low_north,2,O,BRTE,2,ALDE,6.8
low_north,2,O,BRTE,2,ALDE,7.2
low_north,2,O,BRTE,2,ALDE,8.3
low_north,2,O,BRTE,2,ALDE,9.4
low_north,2,O,BRTE,2,ALDE,8.2
low_north,2,O,BRTE,3,BRTE,2.5
low_north,2,O,BRTE,3,BRTE,9
low_north,2,O,BRTE,3,BRTE,6.5
low_north,2,O,BRTE,3,BRTE,5.5
low_north,2,O,BRTE,3,BRTE,8.9
low_north,2,O,BRTE,3,ALDE,4.5
low_north,2,O,BRTE,3,ALDE,9
low_north,2,O,BRTE,3,ALDE,7.9
low_north,2,O,BRTE,3,ALDE,5.9
low_north,2,O,BRTE,3,ALDE,9
low_north,2,O,BRTE,3,ALDE,8.8
low_north,2,O,BRTE,3,ALDE,7.2
low_north,2,O,BRTE,3,ALDE,9.5
low_north,3,O,BRTE,2,BRTE,2
low_north,3,O,BRTE,2,BRTE,4.7
low_north,3,O,BRTE,2,ALDE,8
low_north,3,O,BRTE,2,ALDE,9
low_north,3,O,BRTE,2,ALDE,9.7
low_north,3,O,BRTE,2,ALDE,8.1
low_north,3,O,BRTE,3,BRTE,2
low_north,3,O,BRTE,3,BRTE,3.4
low_north,3,O,BRTE,3,ALDE,7
low_north,3,O,BRTE,3,ALDE,8.2
low_north,3,O,BRTE,3,ALDE,9.3
low_north,3,O,BRTE,3,ALDE,6
low_north,3,S,BRTE,1,BRTE,3
low_north,3,S,BRTE,1,BRTE,9.5
low_north,3,S,BRTE,1,BRTE,3
low_north,3,S,BRTE,1,BRTE,1
low_north,3,S,BRTE,1,BRTE,3.1
low_north,3,S,BRTE,1,BRTE,6.5
low_north,3,S,BRTE,1,BRTE,6.8
low_north,4,S,BRTE,2,BRTE,3
low_north,4,S,BRTE,2,BRTE,3.1
low_north,4,S,BRTE,2,BRTE,2.5
low_north,4,S,BRTE,2,BRTE,4
low_north,4,S,BRTE,2,BRTE,4.9
low_north,4,S,BRTE,2,BRTE,5.8
low_north,4,S,BRTE,2,BRTE,6.5
low_north,4,S,BRTE,2,BRTE,7.9
low_north,4,S,BRTE,2,BRTE,9.5
low_north,4,S,BRTE,2,BRTE,8.5
low_north,4,S,BRTE,2,BRTE,6.5
low_north,4,S,BRTE,2,BRTE,7
low_north,4,S,BRTE,2,ALDE,7.5
low_north,4,S,BRTE,2,ALDE,5
low_north,4,S,BRTE,2,ALDE,4.8
low_north,4,S,BRTE,3,BRTE,3
low_north,4,S,BRTE,3,BRTE,4.5
low_north,4,S,BRTE,3,BRTE,2
low_north,4,S,BRTE,3,BRTE,5
low_north,4,S,BRTE,3,BRTE,2.5
low_north,4,S,BRTE,3,BRTE,4
low_north,4,S,BRTE,3,BRTE,5
low_north,4,S,BRTE,3,BRTE,7
low_north,4,S,BRTE,3,BRTE,9
low_north,4,S,BRTE,3,BRTE,8.9
low_north,4,S,BRTE,3,BRTE,6.4
low_north,4,S,BRTE,3,BRTE,5
low_north,4,S,BRTE,3,ALDE,2.5
low_north,4,S,BRTE,3,ALDE,5
low_north,4,S,BRTE,3,ALDE,6
low_gate,1,S,BRTE,3,BRTE,3.5
low_gate,1,S,BRTE,3,BRTE,3
low_gate,1,S,BRTE,3,BRTE,2.7
low_gate,1,S,BRTE,3,BRTE,4
low_gate,1,S,BRTE,3,ALDE,6
low_gate,1,S,BRTE,3,ALDE,6.4
low_gate,1,S,BRTE,3,ALDE,9
low_gate,1,S,BRTE,3,ALDE,1.5
low_gate,1,S,BRTE,3,ALDE,4.5
low_gate,1,S,BRTE,3,ALDE,5.8
low_gate,2,O,BRTE,1,ALDE,4
low_gate,2,O,BRTE,1,ALDE,5.5
low_gate,2,O,BRTE,1,ALDE,6
low_gate,2,O,BRTE,1,BRTE,6
low_gate,3,S,BRTE,2,BRTE,8.5
low_gate,3,S,BRTE,2,BRTE,3
low_gate,3,S,BRTE,2,BRTE,5
low_gate,3,S,BRTE,2,BRTE,5.5
low_gate,3,S,BRTE,2,BRTE,6
low_gate,3,S,BRTE,2,BRTE,9
low_gate,3,S,BRTE,2,BRTE,9.9
low_gate,3,S,BRTE,2,ALDE,7.5
low_gate,3,S,BRTE,2,ALDE,8.5
low_gate,3,S,BRTE,2,ALDE,9
low_gate,3,S,BRTE,2,ALDE,10
