label,root_mass
HG-supp1O-AD2,0.0004
HG-supp1O-AD1,0.0013
HG-supp4O-AD3,0.0001
HG-supp4O-AD2,0.0001
HG-supp4O-AD1,0.0001
HG-supp1O-CP2,0.0004
HG-supp1O-CP1,0.0005
HG-4OR-BT1,0.0005
HG-2SC-CP1,0.0005
HG-2SC-AD2,0.0004
HG-1SR-BT1,0.0006
HG-1SR-CP3,0.0005
HG-1SC-BT3,0.0003
HG-1SR-BT3,0.0001
HG-1SC-BT1,0.0006
HG-2OR-BT1,0.0001
HG-2SR-BT3,0.0001
HG-2OR-BT3,0.0002
HE-supp2O-CP3,0.0001
HE-supp2O-CP2,0.0004
HE-supp2O-CP1,0.0006
HE-supp1S-CP3,0.0002
HE-supp1S-CP2,0.0003
HE-supp1S-CP1,0.0001
HE-supp1O-CP5,0.0005
HE-supp1O-CP4,0.0002
HE-supp1O-CP3,0.0009
HE-supp1O-CP2,0.001
HE-supp3O-CP3,0.001
HE-supp3O-CP2,0.0023
HE-supp3O-CP1,0.0014
HE-supp2S-CP3,0.0006
HE-supp2S-CP2,0.0009
HE-supp2S-CP1,0.0005
HE-supp4O-CP3,0.0003
HE-supp4O-CP2,0.0007
HE-supp4O-CP1,0.0008
HE-supp1O-CP1,0.0014
HE-supp3S-CP3,0.0004
HE-supp3S-CP2,0.0007
HE-supp3S-CP1,0.0003
HE-supp3O-AD2,0.0015
HE-supp3O-AD1,0.0022
LG-supp1S-BT3,0.0028
LG-supp1S-BT2,0.0013
LG-supp1S-BT1,0.0029
LG-supp2O-AD3,0.0017
LG-supp2O-AD2,0.0033
LG-supp2O-AD1,0.0013
LG-supp1S-AD3,0.0029
LG-supp1S-AD2,0.004
LG-supp1S-AD1,0.0018
LG-supp3O-AD3,0.0039
LG-supp3O-AD2,0.002
LG-supp3O-AD1,0.0017
LG-supp3S-AD3,0.0019
LG-supp3S-AD2,0.0018
LG-supp3S-AD1,0.0011
LG-supp1O-AD1,0.0026
LG-1OC-CP2,0.0008
LG-1SR-BT1,0.0011
LG-3OR-CP3,0.001
LG-3SC-CP2,0.0006
LG-3OC-CP3,0.0017
LG-1OR-CP2,0.001
LG-3OR-BT2,0.0007
LG-1SR-CP1,0.0014
LG-2OC-CP1,0.0006
LG-1SC-CP3,0.0007
LG-3OC-CP2,0.0011
LG-2SR-CP1,0.002
LG-2SR-CP3,0.0009
LG-3SR-CP1,0.0016
LG-2OC-BT1,0.0004
LG-4SR-BT3,0.0017
LG-2SR-BT2,0.0005
LG-4OR-CP3,0.0013
LG-1SC-BT3,0.0007
LG-3SC-BT2,0.0012
LG-4OR-CP2,0.0015
LG-4OR-BT2,0.0008
LG-supp1O-AD2,0.0048
LG-supp1O-AD3,0.0016
LG-3SR-CP3,0.0057
HN-supp3S-AD,0.0001
HN-3SC-BT2,0.0001
HN-3SR-BT2,0.0006
HE-supp4S-CP3,0.0004
HE-supp4S-CP2,0.0005
HE-supp4S-CP1,0.0004
HE-1OC-BT3,0.0001
HE-4SC-AD1,0.0001
HE-2SC-BT1,0.0007
HE-2SR-CP2,0.0006
HE-4SR-BT2,0.0002
HE-3SC-CP1,0.0003
HE-1SC-CP3,0.0002
HE-2SR-CP3,0.0005
HE-4OR-CP1,0.0001
HE-2SC-CP3,0.0003
HE-4SR-CP1,0.0005
HE-2SC-CP2,0.0006
HE-1OR-BT2,0.0004
LG-supp1S-CP3,0.0005
LG-supp1S-CP2,0.0004
LG-supp1S-CP1,0.0002
LG-supp2S-CP2,0.0005
LG-supp2S-CP1,0.0007
LG-supp3S-AD3,0.0018
LG-supp2S-AD2,0.0019
LG-supp2S-AD1,0.0005
LG-supp3S-BT3,0.0006
LG-supp3S-BT2,0.0008
LG-supp3S-BT1,0.0006
LG-supp4S-BT2,0.0012
LG-supp4S-BT1,0.0016
LG-supp4O-BT3,0.0017
LG-supp4O-BT2,0.0004
LG-supp4O-BT1,0.0024
LG-supp4S-AD3,0.0015
LG-supp4S-AD2,0.002
LG-supp4S-AD1,0.0024
LG-supp2S-CP2,0.0018
LG-supp4S-CP1,0.002
LG-supp4O-AD3,0.0081
LG-supp4O-AD2,0.0019
LG-supp4O-AD1,0.004
LG-supp3O-BT3,0.0018
LG-supp3O-BT2,0.0008
LG-supp3O-BT1,0.0017
LG-supp2S-BT3,0.0001
LG-supp2S-BT2,0.0005
LG-supp2S-BT1,0.0001
LG-supp2O-BT3,0.0009
LG-supp2O-BT2,0.0007
LG-supp2O-BT1,0.0009
LG-supp1O-CP3,0.0012
LG-supp1O-CP2,0.001
LG-supp1O-CP1,0.0006
LG-supp1O-BT3,0.0031
LG-supp1O-BT2,0.0016
LG-supp1O-BT1,0.0008
HN-supp4O-CP3,0.0005
HN-supp4O-CP2,0.0011
HN-supp4O-CP1,0.0003
HN-supp4O-AD,0.0001
HN-4SR-BT2,0.0001
HN-supp1S-CP,0.0001
HN-4SR-BT1,0.0001
LN-supp2S-BT3,0.0004
LN-supp2S-BT2,0.0006
LN-supp2S-BT1,0.0004
LN-supp1S-BT3,0.0013
LN-supp1S-BT2,0.0005
LN-supp1S-BT1,0.0003
LN-supp2O-BT3,0.0006
LN-supp2O-BT2,0.0001
LN-supp2O-BT1,0.0008
LN-supp3O-BT3,0.0004
LN-supp3O-BT2,0.0001
LN-supp3O-BT1,0.0006
LN-supp1O-BT3,0.0009
LN-supp1O-BT2,0.0011
LN-supp1O-BT1,0.0024
LN-supp3S-BT3,0.0004
LN-supp3S-BT2,0.0001
LN-supp3S-BT1,0.0001
LN-supp4S-BT3,0.001
LN-supp4S-BT2,0.0005
LN-supp4S-BT1,0.0025
LN-supp1S-AD3,0.0006
LN-supp1S-AD2,0.0027
LN-supp3O-CP,0.0006
LN-supp4S-AD3,0.0025
LN-supp4S-AD2,0.0024
LN-supp4S-AD1,0.0012
LN-supp3O-AD2,0.001
LN-supp3O-AD1,0.0019
LN-supp1O-AD4,0.0012
LN-supp1O-AD3,0.0005
LN-supp1O-AD2,0.0004
LN-supp1O-AD1,0.0028
LN-supp3S-CP,0.0007
LN-supp3S-AD,0.0014
LN-supp2O-AD3,0.0018
LN-supp2O-AD2,0.001
LN-supp2O-AD1,0.0028
LN-supp2S-AD3,0.0009
LN-supp2S-AD2,0.0015
LN-supp2S-AD1,0.0011
LN-1SC-CP3,0.0009
LN-4SC-CP1,0.0005
LN-1OC-AD3,0.0007
LN-2OR-CP3,0.0009
LN-1SR-AD2,0.0006
LN-1OR-CP2,0.0007
LN-1SC-PD3,0.0007
LN-2OR-PD1,0.0011
LN-1SR-PD2,0.0018
LN-1SC-BT1,0.0004
LN-3SC-BT1,0.0005
LN-3OR-BT2,0.0002
LN-3OC-BT3,0.0003
LN-2OC-BT2,0.0006
LN-1OR-BT1,0.0004
LN-3OC-BT2,0.0004
LN-2OC-BT3,0.0011
LN-4SC-BT2,0.0007
LN-4SC-BT3,0.0001