"","site","shrub","patch","subplot","species","id","seed_number","total_seed_mass","X","elevation"
"3","low_gate","1","open","C","COPA","2",0,0,"","low"
"4","low_gate","1","shrub","R","BRTE","1",10,0.0177,"","low"
"5","low_gate","3","open","R","COPA","3",0,0,"","low"
"6","low_gate","3","shrub","C","COPA","2",0,0,"","low"
"7","low_gate","3","open","C","COPA","3",0,0,"","low"
"8","low_gate","1","open","R","COPA","2",0,0,"","low"
"11","low_gate","3","shrub","R","COPA","3",0,0,"","low"
"33","low_gate","1","open","R","COPA","3",0,0,"","low"
"34","low_gate","3","open","R","BRTE","2",3,0.007,"","low"
"35","low_gate","1","shrub","R","COPA","1",0,0,"","low"
"36","low_gate","2","open","C","COPA","1",0,0,"","low"
"37","low_gate","1","shrub","C","COPA","3",0,0,"","low"
"38","low_gate","3","open","C","COPA","2",0,0,"","low"
"39","low_gate","2","shrub","R","COPA","1",0,0,"","low"
"40","low_gate","2","shrub","R","COPA","3",0,0,"","low"
"41","low_gate","2","open","R","ALDE","1",0,0,"","low"
"42","low_gate","3","shrub","R","COPA","1",0,0,"","low"
"43","low_gate","2","open","C","BRTE","1",0,0,"","low"
"44","low_gate","4","shrub","R","BRTE","3",0,0,"needed more time","low"
"45","low_gate","2","shrub","R","BRTE","2",0,0,"","low"
"46","low_gate","4","open","R","COPA","3",0,0,"","low"
"47","low_gate","1","shrub","C","BRTE","3",2,0.005,"","low"
"48","low_gate","3","shrub","C","BRTE","2",4,0.006,"","low"
"49","low_gate","4","open","R","COPA","2",0,0,"","low"
"50","low_gate","4","open","R","BRTE","2",0,0,"","low"
"90","high_gate","4","open","R","BRTE","1",0,0,"","high"
"91","high_gate","2","shrub","C","COPA","1",0,0,"","high"
"92","high_gate","2","shrub","C","ALDE","2",0,0,"","high"
"93","high_gate","1","shrub","R","BRTE","1",0,0,"","high"
"94","high_gate","1","shrub","R","BRTE","2",0,0,"","high"
"95","high_gate","1","shrub","C","BRTE","3",0,0,"","high"
"96","high_gate","1","shrub","R","BRTE","3",0,0,"","high"
"97","high_gate","1","shrub","C","BRTE","1",0,0,"","high"
"98","high_gate","2","open","R","BRTE","1",0,0,"","high"
"99","high_gate","2","shrub","R","BRTE","3",0,0,"","high"
"100","high_gate","2","open","R","BRTE","3",0,0,"","high"
"102","high_north","3","shrub","C","BRTE","2",0,0,"","high"
"103","high_north","3","shrub","R","BRTE","2",0,0,"","high"
"107","high_north","4","shrub","R","COPA","3",0,0,"","high"
"109","high_north","4","shrub","R","BRTE","2",0,0,"","high"
"111","high_north","4","shrub","R","BRTE","1",0,0,"","high"
"164","low_north","4","shrub","C","BRTE","2",3,0.0037,"","low"
"165","low_north","1","shrub","C","COPA","3",0,0,"","low"
"166","low_north","4","shrub","C","COPA","1",0,0,"","low"
"167","low_north","1","open","C","ALDE","3",0,0,"","low"
"168","low_north","2","open","R","COPA","3",0,0,"","low"
"169","low_north","2","open","R","COPA","1",0,0,"","low"
"170","low_north","1","shrub","R","ALDE","2",0,0,"","low"
"171","low_north","1","open","R","COPA","2",0,0,"","low"
"172","low_north","1","shrub","C","PODO","3",0,0,"","low"
"173","low_north","2","open","R","PODO","1",0,0,"","low"
"174","low_north","1","shrub","R","PODO","2",0,0,"","low"
"175","low_north","1","shrub","C","BRTE","1",1,6e-04,"","low"
"176","low_north","3","shrub","C","BRTE","1",1,0.0027,"","low"
"177","low_north","3","open","R","BRTE","2",1,0.0015,"","low"
"178","low_north","3","open","C","BRTE","3",1,0.0018,"","low"
"179","low_north","2","open","C","BRTE","2",0,0,"","low"
"180","low_north","1","open","R","BRTE","1",0,0,"","low"
"181","low_north","3","open","C","BRTE","2",2,0.0024,"","low"
"182","low_north","2","open","C","BRTE","3",0,0,"","low"
"183","low_north","4","shrub","C","BRTE","2",0,0,"","low"
"184","low_north","4","shrub","C","BRTE","3",0,0,"","low"
"216","high_east","1","open","C","BRTE","3",0,0,"","high"
"217","high_east","4","shrub","C","ALDE","1",0,0,"","high"
"218","high_east","2","shrub","C","BRTE","1",0,0,"","high"
"219","high_east","3","shrub","R","COPA","2",0,0,"","high"
"220","high_east","2","shrub","R","COPA","2",0,0,"","high"
"221","high_east","4","shrub","R","BRTE","2",0,0,"","high"
"222","high_east","2","open","C","COPA","1",0,0,"","high"
"223","high_east","1","shrub","C","COPA","3",0,0,"","high"
"224","high_east","2","shrub","R","COPA","3",0,0,"","high"
"225","high_east","4","open","R","COPA","1",0,0,"","high"
"226","high_east","2","shrub","C","COPA","3",0,0,"","high"
"227","high_east","4","shrub","R","COPA","1",0,0,"","high"
"228","high_east","2","shrub","C","COPA","2",0,0,"","high"
"229","high_east","1","open","R","BRTE","2",1,0.0011,"","high"
