date,site,shrub,patch,VWC,notes
4/12/2024,low_north,,shrub,19.8,didn't take measurements at each shrub
4/12/2024,low_north,,open,22.5,
4/12/2024,low_gate,,shrub,18.1,didn't take measurements at each shrub
4/12/2024,low_gate,,open,18.8,
4/24/2024,low_gate,1,shrub,13.3,
4/24/2024,low_gate,1,cage,11.7,
4/24/2024,low_gate,1,open,10.9,
4/24/2024,low_gate,2,shrub,12.6,
4/24/2024,low_gate,2,cage,11.3,
4/24/2024,low_gate,2,open,7.3,
4/24/2024,low_gate,3,shrub,14.5,
4/24/2024,low_gate,3,cage,11.7,
4/24/2024,low_gate,3,open,10.3,
4/24/2024,low_gate,4,shrub,12.5,
4/24/2024,low_gate,4,cage,9.3,
4/24/2024,low_gate,4,open,10.6,
4/24/2024,low_north,1,shrub,15.8,
4/24/2024,low_north,1,cage,12.6,
4/24/2024,low_north,1,open,9,
4/24/2024,low_north,2,shrub,12.8,
4/24/2024,low_north,2,cage,9.7,
4/24/2024,low_north,2,open,9.5,
4/24/2024,low_north,3,shrub,10.2,
4/24/2024,low_north,3,cage,10.7,
4/24/2024,low_north,3,open,9.6,
4/24/2024,low_north,4,shrub,11.9,
4/24/2024,low_north,4,open,10.6,
4/25/2024,high_gate,1,open,22.6,rained within 24 hours
4/25/2024,high_gate,1,shrub,26.9,
4/25/2024,high_gate,2,open,18.8,
4/25/2024,high_gate,2,shrub,23.1,
4/25/2024,high_gate,3,open,15.5,
4/25/2024,high_gate,3,shrub,11.8,
4/25/2024,high_gate,4,open,10.8,
4/25/2024,high_gate,4,shrub,17,
4/25/2024,high_north,1,open,24.8,rained within 24 hours
4/25/2024,high_north,1,shrub,27.6,
4/25/2024,high_north,2,open,14.1,
4/25/2024,high_north,2,shrub,15.4,
4/25/2024,high_north,3,open,14.5,
4/25/2024,high_north,3,shrub,17.1,
4/25/2024,high_north,4,open,27,
4/25/2024,high_north,4,shrub,27.5,
4/30/2024,low_north,1,shrub,30.2,rained within 48 hours
4/30/2024,low_north,1,cage,32.6,
4/30/2024,low_north,1,open,28.9,
4/30/2024,low_north,2,shrub,20.7,
4/30/2024,low_north,2,cage,27.1,
4/30/2024,low_north,2,open,28.6,
4/30/2024,low_north,3,shrub,18.5,
4/30/2024,low_north,3,cage,22.4,
4/30/2024,low_north,3,open,24.4,
4/30/2024,low_north,4,shrub,24.5,
4/30/2024,low_north,4,open,26.2,
4/30/2024,low_gate,1,shrub,21.8,
4/30/2024,low_gate,1,cage,22.1,
4/30/2024,low_gate,1,open,22.7,
4/30/2024,low_gate,2,shrub,26.1,
4/30/2024,low_gate,2,cage,28,
4/30/2024,low_gate,2,open,25.6,
4/30/2024,low_gate,3,shrub,16.8,
4/30/2024,low_gate,3,cage,23.5,
4/30/2024,low_gate,3,open,21,
4/30/2024,low_gate,4,shrub,24.9,
4/30/2024,low_gate,4,cage,23.6,
4/30/2024,low_gate,4,open,29,
5/1/2024,high_gate,1,open,32.5,
5/1/2024,high_gate,1,shrub,29.2,
5/1/2024,high_gate,2,open,30.1,
5/1/2024,high_gate,2,shrub,23.1,
5/1/2024,high_gate,3,open,25.5,
5/1/2024,high_gate,3,shrub,21.6,
5/1/2024,high_gate,4,open,26.7,
5/1/2024,high_gate,4,shrub,23.7,
5/1/2024,high_east,1,open,29.5,
5/1/2024,high_east,1,shrub,32.1,
5/1/2024,high_east,2,open,29.9,
5/1/2024,high_east,2,shrub,30,
5/1/2024,high_east,3,open,29.9,
5/1/2024,high_east,3,shrub,26.5,
5/1/2024,high_east,4,open,35.2,
5/1/2024,high_east,4,shrub,29.3,
5/1/2024,high_north,1,open,36.1,
5/1/2024,high_north,1,shrub,29,
5/1/2024,high_north,2,open,25.1,
5/1/2024,high_north,2,shrub,26.4,
5/1/2024,high_north,3,open,33.3,
5/1/2024,high_north,3,shrub,28.3,
5/1/2024,high_north,4,open,35.3,
5/1/2024,high_north,4,shrub,28.4,
5/7/2024,low_north,1,shrub,25.3,
5/7/2024,low_north,1,cage,21.1,
5/7/2024,low_north,1,open,24.6,
5/7/2024,low_north,2,shrub,16.3,
5/7/2024,low_north,2,cage,18.2,
5/7/2024,low_north,2,open,16.2,
5/7/2024,low_north,3,shrub,20.1,
5/7/2024,low_north,3,cage,23.6,
5/7/2024,low_north,3,open,20.8,
5/7/2024,low_north,4,shrub,20.1,
5/7/2024,low_north,4,open,22.2,
5/7/2024,low_gate,1,shrub,19.1,
5/7/2024,low_gate,1,cage,19.6,
5/7/2024,low_gate,1,open,22.3,
5/7/2024,low_gate,2,shrub,20.8,
5/7/2024,low_gate,2,cage,21.9,
5/7/2024,low_gate,2,open,20.1,
5/7/2024,low_gate,3,shrub,17.1,
5/7/2024,low_gate,3,cage,18.5,
5/7/2024,low_gate,3,open,22.8,
5/7/2024,low_gate,4,shrub,16.7,
5/7/2024,low_gate,4,cage,19,
5/7/2024,low_gate,4,open,17.8,
5/7/2024,high_north,1,open,31.1,snowing on and off
5/7/2024,high_north,1,shrub,25.8,
5/7/2024,high_north,2,open,25.4,
5/7/2024,high_north,2,shrub,19.8,
5/7/2024,high_north,3,open,25.6,
5/7/2024,high_north,3,shrub,23.4,
5/7/2024,high_north,4,open,27.4,
5/7/2024,high_north,4,shrub,29.3,
5/7/2024,high_gate,1,open,28.7,started snowing
5/7/2024,high_gate,1,shrub,24.9,
5/7/2024,high_gate,2,open,26.7,
5/7/2024,high_gate,2,shrub,24.2,
5/7/2024,high_gate,3,open,27.5,
5/7/2024,high_gate,3,shrub,22.4,
5/7/2024,high_gate,4,open,22.1,
5/7/2024,high_gate,4,shrub,24,
5/7/2024,high_east,1,open,28.6,snowing on and off
5/7/2024,high_east,1,shrub,26.4,
5/7/2024,high_east,2,open,30.6,
5/7/2024,high_east,2,shrub,28.9,
5/7/2024,high_east,3,open,25.6,
5/7/2024,high_east,3,shrub,27.1,
5/7/2024,high_east,4,open,33,
5/7/2024,high_east,4,shrub,29.4,
5/15/2024,low_gate,1,shrub,12.8,
5/15/2024,low_gate,1,cage,15.7,
5/15/2024,low_gate,1,open,12.1,
5/15/2024,low_gate,2,shrub,19.2,
5/15/2024,low_gate,2,cage,17.3,
5/15/2024,low_gate,2,open,12.1,
5/15/2024,low_gate,3,shrub,13.6,
5/15/2024,low_gate,3,cage,15.3,
5/15/2024,low_gate,3,open,13.5,
5/15/2024,low_gate,4,shrub,14.4,
5/15/2024,low_gate,4,cage,13.9,
5/15/2024,low_gate,4,open,10.6,
5/15/2024,low_north,1,shrub,17.5,
5/15/2024,low_north,1,cage,16,
5/15/2024,low_north,1,open,13.4,
5/15/2024,low_north,2,shrub,15.3,
5/15/2024,low_north,2,cage,12.5,
5/15/2024,low_north,2,open,12.3,
5/15/2024,low_north,3,shrub,17,
5/15/2024,low_north,3,cage,15.1,
5/15/2024,low_north,3,open,13.3,
5/15/2024,low_north,4,shrub,15.5,
5/15/2024,low_north,4,open,14.8,
5/16/2024,high_east,1,open,20.2,
5/16/2024,high_east,1,shrub,23.4,
5/16/2024,high_east,2,open,23.8,
5/16/2024,high_east,2,shrub,24.1,
5/16/2024,high_east,3,open,23.2,
5/16/2024,high_east,3,shrub,22.4,
5/16/2024,high_east,4,open,23.4,
5/16/2024,high_east,4,shrub,27.9,
5/16/2024,high_gate,1,open,21.9,
5/16/2024,high_gate,1,shrub,25.7,
5/16/2024,high_gate,2,open,18.6,
5/16/2024,high_gate,2,shrub,19.8,
5/16/2024,high_gate,3,open,17.5,
5/16/2024,high_gate,3,shrub,21,
5/16/2024,high_gate,4,open,13.3,
5/16/2024,high_gate,4,shrub,16.1,
5/16/2024,high_north,1,open,20.7,
5/16/2024,high_north,1,shrub,22.2,
5/16/2024,high_north,2,open,13.2,
5/16/2024,high_north,2,shrub,16.1,
5/16/2024,high_north,3,open,17.6,
5/16/2024,high_north,3,shrub,19.3,
5/16/2024,high_north,4,open,22.2,
5/16/2024,high_north,4,shrub,27.6,
5/21/2024,high_east,1,open,14.3,
5/21/2024,high_east,1,shrub,18.9,
5/21/2024,high_east,2,open,15.7,
5/21/2024,high_east,2,shrub,20.1,
5/21/2024,high_east,3,open,16.1,
5/21/2024,high_east,3,shrub,18.7,
5/21/2024,high_east,4,open,15.4,
5/21/2024,high_east,4,shrub,20.2,
5/21/2024,high_gate,1,open,12.8,
5/21/2024,high_gate,1,shrub,18.1,
5/21/2024,high_gate,2,open,10.9,
5/21/2024,high_gate,2,shrub,12.8,
5/21/2024,high_gate,3,open,12.7,
5/21/2024,high_gate,3,shrub,11.1,
5/21/2024,high_gate,4,open,7.9,
5/21/2024,high_gate,4,shrub,11.8,
5/21/2024,high_north,1,open,11.8,
5/21/2024,high_north,1,shrub,15.6,
5/21/2024,high_north,2,open,8.1,
5/21/2024,high_north,2,shrub,9.1,
5/21/2024,high_north,3,open,9.9,
5/21/2024,high_north,3,shrub,12.6,
5/21/2024,high_north,4,open,12.8,
5/21/2024,high_north,4,shrub,16.6,
5/21/2024,low_north,1,open,6.8,
5/21/2024,low_north,1,shrub,13.3,couldn't get soil moisture at low because probe failed
5/28/2024,low_north,1,shrub,16.7,
5/28/2024,low_north,1,cage,17,
5/28/2024,low_north,1,open,15.5,
5/28/2024,low_north,2,shrub,15.8,
5/28/2024,low_north,2,cage,14.3,
5/28/2024,low_north,2,open,15.5,
5/28/2024,low_north,3,shrub,16.7,
5/28/2024,low_north,3,cage,15.5,
5/28/2024,low_north,3,open,14.2,
5/28/2024,low_north,4,shrub,16.4,
5/28/2024,low_north,4,open,12.5,
5/28/2024,low_gate,1,shrub,11.8,
5/28/2024,low_gate,1,cage,9.8,
5/28/2024,low_gate,1,open,10.4,
5/28/2024,low_gate,2,shrub,10.9,
5/28/2024,low_gate,2,cage,9.8,
5/28/2024,low_gate,2,open,10.4,
5/28/2024,low_gate,3,shrub,13.4,
5/28/2024,low_gate,3,cage,8.8,
5/28/2024,low_gate,3,open,9,
5/28/2024,low_gate,4,shrub,10.1,
5/28/2024,low_gate,4,cage,10.4,
5/28/2024,low_gate,4,open,8.7,
5/30/2024,high_north,1,open,17.2,rained within 24 hours
5/30/2024,high_north,1,shrub,19.3,
5/30/2024,high_north,2,open,16.5,
5/30/2024,high_north,2,shrub,19.2,
5/30/2024,high_north,3,open,19.3,
5/30/2024,high_north,3,shrub,18.7,
5/30/2024,high_north,4,open,18.4,
5/30/2024,high_north,4,shrub,29.5,
5/30/2024,high_east,1,open,17.7,rained within 24 hours
5/30/2024,high_east,1,shrub,18.2,
5/30/2024,high_east,2,open,19,
5/30/2024,high_east,2,shrub,19.4,
5/30/2024,high_east,3,open,15.5,
5/30/2024,high_east,3,shrub,21.3,
5/30/2024,high_east,4,open,18.2,
5/30/2024,high_east,4,shrub,21,
5/30/2024,high_gate,1,shrub,17.5,rained within 24 hours
5/30/2024,high_gate,1,open,16.2,
5/30/2024,high_gate,2,shrub,17.3,
5/30/2024,high_gate,2,open,19.9,
5/30/2024,high_gate,3,shrub,15.4,
5/30/2024,high_gate,3,open,15,
5/30/2024,high_gate,4,shrub,17.7,
5/30/2024,high_gate,4,open,13.5,
6/5/2024,low_north,1,shrub,15.9,
6/5/2024,low_north,1,cage,13.5,
6/5/2024,low_north,1,open,12.1,
6/5/2024,low_north,2,shrub,11.5,
6/5/2024,low_north,2,cage,10.1,
6/5/2024,low_north,2,open,9.2,
6/5/2024,low_north,3,shrub,10.6,
6/5/2024,low_north,3,cage,11.3,
6/5/2024,low_north,3,open,10.9,
6/5/2024,low_north,4,shrub,9.8,
6/5/2024,low_north,4,open,10.7,
6/5/2024,low_gate,1,shrub,9.4,
6/5/2024,low_gate,1,cage,9.7,
6/5/2024,low_gate,1,open,9.3,
6/5/2024,low_gate,2,shrub,11.3,
6/5/2024,low_gate,2,cage,9.1,
6/5/2024,low_gate,2,open,10.6,
6/5/2024,low_gate,3,shrub,9.5,
6/5/2024,low_gate,3,cage,9.7,
6/5/2024,low_gate,3,open,7.8,
6/5/2024,low_gate,4,shrub,9.2,
6/5/2024,low_gate,4,cage,9.2,
6/5/2024,low_gate,4,open,7.8,
6/6/2024,high_gate,1,shrub,9.9,
6/6/2024,high_gate,1,open,9.2,
6/6/2024,high_gate,2,shrub,9.5,
6/6/2024,high_gate,2,open,8.3,
6/6/2024,high_gate,3,shrub,10,
6/6/2024,high_gate,3,open,10.6,
6/6/2024,high_gate,4,shrub,11.3,
6/6/2024,high_gate,4,open,9.2,
6/6/2024,high_north,1,shrub,10.5,
6/6/2024,high_north,1,open,9.8,
6/6/2024,high_north,2,shrub,9.8,
6/6/2024,high_north,2,open,7.7,
6/6/2024,high_north,3,shrub,9.2,
6/6/2024,high_north,3,open,7.3,
6/6/2024,high_north,4,shrub,13.5,
6/6/2024,high_north,4,open,8.1,
6/6/2024,high_east,1,shrub,9.2,
6/6/2024,high_east,1,open,7.2,
6/6/2024,high_east,2,shrub,9.7,
6/6/2024,high_east,2,open,6.1,
6/6/2024,high_east,3,shrub,9.4,
6/6/2024,high_east,3,open,6.3,
6/6/2024,high_east,4,shrub,9.6,
6/6/2024,high_east,4,open,9.3,
6/11/2024,low_north,1,shrub,11.6,
6/11/2024,low_north,1,cage,9.7,
6/11/2024,low_north,1,open,9.9,
6/11/2024,low_north,2,shrub,11.6,
6/11/2024,low_north,2,cage,9.6,
6/11/2024,low_north,2,open,7.7,
6/11/2024,low_north,3,shrub,10.3,
6/11/2024,low_north,3,cage,10.5,
6/11/2024,low_north,3,open,8.8,
6/11/2024,low_north,4,shrub,9.8,
6/11/2024,low_north,4,open,8.1,
6/12/2024,low_gate,1,shrub,12.1,
6/12/2024,low_gate,1,cage,10.9,
6/12/2024,low_gate,1,open,11.1,
6/12/2024,low_gate,2,shrub,12,
6/12/2024,low_gate,2,cage,13.3,
6/12/2024,low_gate,2,open,11.7,
6/12/2024,low_gate,3,shrub,17.7,
6/12/2024,low_gate,3,cage,13.5,
6/12/2024,low_gate,3,open,14.3,
6/12/2024,low_gate,4,shrub,14.5,
6/12/2024,low_gate,4,cage,12.7,
6/12/2024,low_gate,4,open,10.4,
6/13/2024,high_gate,1,shrub,11.4,
6/13/2024,high_gate,1,open,10.4,
6/13/2024,high_gate,2,shrub,10.4,
6/13/2024,high_gate,2,open,11.5,
6/13/2024,high_gate,3,shrub,10.8,
6/13/2024,high_gate,3,open,12.3,
6/13/2024,high_gate,4,shrub,10,
6/13/2024,high_gate,4,open,11.3,
6/13/2024,high_north,1,shrub,10.5,
6/13/2024,high_north,1,open,11.4,
6/13/2024,high_north,2,shrub,10.4,
6/13/2024,high_north,2,open,11,
6/13/2024,high_north,3,shrub,9.4,
6/13/2024,high_north,3,open,8.4,
6/13/2024,high_north,4,shrub,12.7,
6/13/2024,high_north,4,open,11,
6/13/2024,high_east,1,shrub,12.1,
6/13/2024,high_east,1,open,9.8,
6/13/2024,high_east,2,shrub,11.8,
6/13/2024,high_east,2,open,9,
6/13/2024,high_east,3,shrub,14,
6/13/2024,high_east,3,open,12.1,
6/13/2024,high_east,4,shrub,14.5,
6/13/2024,high_east,4,open,11.7,
6/17/2024,low_north,1,shrub,8.2,
6/17/2024,low_north,1,cage,7.1,
6/17/2024,low_north,1,open,6.5,
6/17/2024,low_north,2,shrub,7.3,
6/17/2024,low_north,2,cage,4.8,
6/17/2024,low_north,2,open,4.7,
6/17/2024,low_north,3,shrub,5.6,
6/17/2024,low_north,3,cage,5.2,
6/17/2024,low_north,3,open,5.1,
6/17/2024,low_north,4,shrub,5.7,
6/17/2024,low_north,4,open,6.1,
6/17/2024,low_gate,1,shrub,6.9,
6/17/2024,low_gate,1,cage,4.7,
6/17/2024,low_gate,1,open,6.9,
6/17/2024,low_gate,2,shrub,6.3,
6/17/2024,low_gate,2,cage,4.1,
6/17/2024,low_gate,2,open,5.4,
6/17/2024,low_gate,3,shrub,7.7,
6/17/2024,low_gate,3,cage,5.7,
6/17/2024,low_gate,3,open,5.5,
6/17/2024,low_gate,4,shrub,6.6,
6/17/2024,low_gate,4,cage,7.3,
6/17/2024,low_gate,4,open,5.3,
6/19/2024,high_gate,1,shrub,7.7,
6/19/2024,high_gate,1,open,7.3,
6/19/2024,high_gate,2,shrub,7,
6/19/2024,high_gate,2,open,6.3,
6/19/2024,high_gate,3,shrub,6,
6/19/2024,high_gate,3,open,8.2,
6/19/2024,high_gate,4,shrub,11.6,
6/19/2024,high_gate,4,open,5.1,
6/19/2024,high_north,1,shrub,6.8,
6/19/2024,high_north,1,open,6,
6/19/2024,high_north,2,shrub,5.6,
6/19/2024,high_north,2,open,5.2,
6/19/2024,high_north,3,shrub,6,
6/19/2024,high_north,3,open,6.3,
6/19/2024,high_north,4,shrub,7.5,
6/19/2024,high_north,4,open,4.3,
6/19/2024,high_east,1,shrub,7.4,
6/19/2024,high_east,1,open,5.3,
6/19/2024,high_east,2,shrub,8.2,
6/19/2024,high_east,2,open,6.2,
6/19/2024,high_east,3,shrub,5.3,
6/19/2024,high_east,3,open,5.4,
6/19/2024,high_east,4,shrub,6.3,
6/19/2024,high_east,4,open,6,
6/25/2024,low_north,1,shrub,5.8,
6/25/2024,low_north,1,open,5,
6/25/2024,low_north,2,shrub,6.1,
6/25/2024,low_north,2,open,4.4,
6/25/2024,low_north,3,shrub,5.1,
6/25/2024,low_north,3,open,4.8,
6/25/2024,low_north,4,shrub,4.8,
6/25/2024,low_north,4,open,6.9,
6/25/2024,low_gate,1,shrub,4.7,
6/25/2024,low_gate,1,open,4.3,
6/25/2024,low_gate,2,shrub,5.4,
6/25/2024,low_gate,2,open,2.9,
6/25/2024,low_gate,3,shrub,4.9,
6/25/2024,low_gate,3,open,3.5,
6/25/2024,low_gate,4,shrub,3.6,
6/25/2024,low_gate,4,open,3.1,
6/25/2024,high_north,1,shrub,4.2,
6/25/2024,high_north,1,open,2.3,
6/25/2024,high_north,2,shrub,2.6,
6/25/2024,high_north,2,open,2.5,
6/25/2024,high_north,3,shrub,1.9,
6/25/2024,high_north,3,open,3.5,
6/25/2024,high_north,4,shrub,6.2,
6/25/2024,high_north,4,open,3.9,
7/1/2024,high_gate,1,shrub,5.5,
7/1/2024,high_gate,1,open,3.8,
7/1/2024,high_gate,2,shrub,6.6,
7/1/2024,high_gate,2,open,3.3,
7/1/2024,high_gate,3,shrub,5.2,
7/1/2024,high_gate,3,open,3.6,
7/1/2024,high_gate,4,shrub,5.7,
7/1/2024,high_gate,4,open,4.3,
7/1/2024,high_north,1,shrub,6.2,
7/1/2024,high_north,1,open,5.7,
7/1/2024,high_north,2,shrub,6.6,
7/1/2024,high_north,2,open,4.6,
7/1/2024,high_north,3,shrub,3.9,
7/1/2024,high_north,3,open,3.3,
7/1/2024,high_north,4,shrub,9.8,
7/1/2024,high_north,4,open,4.2,
7/1/2024,high_east,1,shrub,5.9,
7/1/2024,high_east,1,open,3.1,
7/1/2024,high_east,2,shrub,4.7,
7/1/2024,high_east,2,open,3.5,
7/1/2024,high_east,3,shrub,3.5,
7/1/2024,high_east,3,open,4.8,
7/1/2024,high_east,4,shrub,3.1,
7/1/2024,high_east,4,open,4.6,
7/1/2024,low_north,1,shrub,3.7,
7/1/2024,low_north,1,open,2.6,
7/1/2024,low_north,2,shrub,3.4,
7/1/2024,low_north,2,open,2.8,
7/1/2024,low_north,3,shrub,2.9,
7/1/2024,low_north,3,open,2.2,
7/1/2024,low_north,4,shrub,2.4,
7/1/2024,low_north,4,open,1.5,
