"","site","shrub","patch","subplot","species","id","aboveground_mass"
"1","high_gate","2","open","R","BRTE","3",0.0013
"2","high_gate","2","shrub","R","BRTE","3",0.0012
"3","high_gate","2","open","R","BRTE","1",0.0019
"4","high_gate","1","shrub","C","BRTE","1",0.0022
"5","high_gate","1","shrub","R","BRTE","3",0.0031
"6","high_gate","1","shrub","C","BRTE","3",0.001
"7","high_gate","1","shrub","R","BRTE","2",0.0018
"8","high_gate","1","shrub","R","BRTE","1",7e-04
"9","high_gate","2","shrub","C","ALDE","2",1e-04
"10","high_gate","2","shrub","C","COPA","1",2e-04
"11","high_gate","4","open","R","BRTE","1",7e-04
"12","high_gate","1","open","supp","COPA","1",0.0014
"13","high_gate","1","open","supp","COPA","2",0.002
"14","high_gate","4","open","supp","ALDE","1",9e-04
"15","high_gate","4","open","supp","ALDE","2",4e-04
"16","high_gate","4","open","supp","ALDE","3",0.0018
"17","high_gate","1","open","supp","ALDE","1",0.0111
"18","high_gate","1","open","supp","ALDE","2",0.0034
"19","high_north","4","shrub","R","BRTE","1",0.0022
"20","high_north","1","shrub","supp","COPA","1",0.0021
"21","high_north","4","shrub","R","BRTE","2",8e-04
"22","high_north","4","open","supp","ALDE","1",0.0011
"23","high_north","4","open","supp","COPA","1",0.0071
"24","high_north","4","shrub","R","COPA","3",0.0015
"25","high_north","4","open","supp","COPA","2",0.0079
"26","high_north","4","open","supp","COPA","3",0.0081
"27","high_north","3","shrub","R","BRTE","2",0.0048
"28","high_north","3","shrub","C","BRTE","2",0.0041
"29","high_north","3","shrub","supp","ALDE","1",5e-04
"30","high_east","1","open","R","BRTE","2",0.0042
"31","high_east","2","shrub","C","COPA","2",8e-04
"32","high_east","4","shrub","R","COPA","1",7e-04
"33","high_east","2","shrub","C","COPA","3",0.0015
"34","high_east","4","open","R","COPA","1",0.0012
"35","high_east","2","shrub","R","COPA","3",0.0013
"36","high_east","1","shrub","C","COPA","3",8e-04
"37","high_east","2","open","C","COPA","1",4e-04
"38","high_east","4","shrub","R","BRTE","2",0.0014
"39","high_east","2","shrub","R","COPA","2",0.0017
"40","high_east","3","shrub","R","COPA","2",0.0015
"41","high_east","2","shrub","C","BRTE","1",1e-04
"42","high_east","4","shrub","C","ALDE","1",1e-04
"43","high_east","1","open","C","BRTE","3",8e-04
"44","high_east","4","shrub","supp","COPA","1",0.001
"45","high_east","4","shrub","supp","COPA","2",0.0031
"46","high_east","4","shrub","supp","COPA","3",0.0025
"47","high_east","4","open","supp","COPA","1",0.004
"48","high_east","4","open","supp","COPA","2",0.0087
"49","high_east","4","open","supp","COPA","3",0.0014
"50","high_east","2","shrub","supp","COPA","1",0.0061
"51","high_east","2","shrub","supp","COPA","2",0.0054
"52","high_east","2","shrub","supp","COPA","3",0.0062
"53","high_east","3","open","supp","COPA","1",0.0145
"54","high_east","3","open","supp","COPA","2",0.0301
"55","high_east","3","open","supp","COPA","3",0.0057
"56","high_east","3","open","supp","ALDE","1",0.0092
"57","high_east","3","open","supp","ALDE","2",0.0173
"58","high_east","3","shrub","supp","COPA","1",0.0029
"59","high_east","3","shrub","supp","COPA","2",0.0043
"60","high_east","3","shrub","supp","COPA","3",0.0049
"61","high_east","1","open","supp","COPA","1",0.005
"62","high_east","1","open","supp","COPA","2",0.0059
"63","high_east","1","open","supp","COPA","3",0.008
"64","high_east","1","open","supp","COPA","4",3e-04
"65","high_east","1","open","supp","COPA","5",0.0058
"66","high_east","1","shrub","supp","COPA","4",0.0028
"67","high_east","1","shrub","supp","COPA","5",0.0013
"68","high_east","1","shrub","supp","COPA","6",0.0089
"69","high_east","1","shrub","supp","COPA","1",0.0012
"70","high_east","1","shrub","supp","COPA","2",0.0059
"71","high_east","1","shrub","supp","COPA","3",7e-04
"72","high_east","2","open","supp","COPA","1",0.0098
"73","high_east","2","open","supp","COPA","2",0.0068
"74","high_east","2","open","supp","COPA","3",0.0022
"75","low_north","1","shrub","supp","ALDE","2",0.0261
"76","low_north","3","open","supp","ALDE","1",0.0083
"77","low_north","4","shrub","supp","ALDE","1",0.0055
"78","low_north","1","shrub","supp","ALDE","3",0.0017
"79","low_north","4","shrub","supp","BRTE","3",0.0234
"80","low_north","4","shrub","supp","BRTE","2",0.0077
"81","low_north","4","shrub","supp","BRTE","1",0.0532
"82","low_north","3","shrub","supp","BRTE","1",0.0054
"83","low_north","3","shrub","supp","BRTE","2",0.0071
"84","low_north","3","shrub","supp","BRTE","3",0.0069
"85","low_north","1","open","supp","BRTE","3",0.0146
"86","low_north","3","open","supp","ALDE","2",0.0038
"87","low_north","1","open","supp","BRTE","2",0.0064
"88","low_north","1","open","supp","BRTE","1",0.0123
"89","low_north","3","open","supp","BRTE","1",0.0232
"90","low_north","3","open","supp","BRTE","2",0.0072
"91","low_north","3","open","supp","BRTE","3",0.0173
"92","low_north","2","open","supp","BRTE","1",0.045
"93","low_north","2","open","supp","BRTE","2",0.0483
"94","low_north","2","open","supp","BRTE","3",0.0249
"95","low_north","1","shrub","supp","BRTE","3",0.0134
"96","low_north","1","shrub","supp","BRTE","2",0.0058
"97","low_north","1","shrub","supp","BRTE","1",0.0074
"98","low_north","2","shrub","supp","BRTE","1",0.0084
"99","low_north","2","shrub","supp","BRTE","2",0.0128
"100","low_north","2","shrub","supp","BRTE","3",0.0054
"101","low_north","4","shrub","C","BRTE","3",0.0014
"102","low_north","4","shrub","C","BRTE","2",0.0051
"103","low_north","2","open","C","BRTE","3",0.0103
"104","low_north","3","open","C","BRTE","2",0.016
"105","low_north","1","open","R","BRTE","1",0.004
"106","low_north","2","open","C","BRTE","2",0.0076
"107","low_north","3","open","C","BRTE","3",0.0102
"108","low_north","3","open","R","BRTE","2",0.0082
"109","low_north","3","shrub","C","BRTE","1",0.0073
"110","low_north","1","shrub","C","BRTE","1",0.0029
"111","low_north","1","shrub","R","PODO","2",0.0045
"112","low_north","2","open","R","PODO","1",0.0021
"113","low_north","1","shrub","C","PODO","3",0.0026
"114","low_north","1","open","R","COPA","2",0.001
"115","low_north","1","shrub","R","ALDE","2",0.0012
"116","low_north","2","open","R","COPA","1",0.0047
"117","low_north","2","open","R","COPA","3",7e-04
"118","low_north","1","open","C","ALDE","3",4e-04
"119","low_north","4","shrub","C","COPA","1",0.0028
"120","low_north","1","shrub","C","COPA","3",0.001
"121","low_north","4","shrub","C","BRTE","2",0.0121
"122","low_north","2","shrub","supp","ALDE","1",0.0079
"123","low_north","2","shrub","supp","ALDE","2",0.0075
"124","low_north","2","shrub","supp","ALDE","3",0.0039
"125","low_north","2","open","supp","ALDE","1",0.0297
"126","low_north","2","open","supp","ALDE","2",0.0073
"127","low_north","2","open","supp","ALDE","3",0.0098
"128","low_north","3","shrub","supp","ALDE","1",0.0061
"129","low_north","3","shrub","supp","COPA","1",0.0015
"130","low_north","1","open","supp","ALDE","1",0.0176
"131","low_north","1","open","supp","ALDE","2",4e-04
"132","low_north","1","open","supp","ALDE","3",0.0031
"133","low_north","1","open","supp","ALDE","4",0.0072
"134","low_north","4","shrub","supp","ALDE","2",0.0103
"135","low_north","4","shrub","supp","ALDE","3",0.0147
"136","low_north","3","open","supp","COPA","1",0.0037
"137","low_north","1","shrub","supp","ALDE","1",0.0055
"138","low_gate","4","shrub","supp","COPA","2",0.0148
"139","low_gate","2","shrub","supp","BRTE","3",0.0095
"140","low_gate","3","open","supp","BRTE","1",0.0477
"141","low_gate","4","open","supp","ALDE","2",0.0078
"142","low_gate","4","shrub","supp","COPA","1",0.0113
"143","low_gate","1","open","supp","COPA","2",0.0033
"144","low_gate","1","open","supp","COPA","3",0.0045
"145","low_gate","2","open","supp","BRTE","1",0.0186
"146","low_gate","2","open","supp","BRTE","2",0.0148
"147","low_gate","2","open","supp","BRTE","3",0.0169
"148","low_gate","2","shrub","supp","BRTE","1",0.0044
"149","low_gate","2","shrub","supp","BRTE","2",0.0064
"150","low_gate","3","open","supp","BRTE","2",0.0085
"151","low_gate","3","open","supp","BRTE","3",0.0251
"152","low_gate","4","open","supp","ALDE","1",0.0211
"153","low_gate","4","open","supp","ALDE","3",0.0224
"154","low_gate","4","shrub","supp","BRTE","2",0.11
"155","low_gate","3","shrub","supp","BRTE","1",0.0202
"156","low_gate","3","shrub","supp","BRTE","2",0.0243
"157","low_gate","1","shrub","supp","BRTE","1",0.0162
"158","low_gate","2","open","supp","ALDE","2",0.0267
"159","low_gate","1","open","supp","ALDE","2",0.0253
"160","low_gate","2","open","supp","ALDE","3",0.0081
"161","low_gate","1","shrub","supp","BRTE","2",0.0126
"162","low_gate","1","open","supp","COPA","1",0.0046
"163","low_gate","1","open","supp","BRTE","3",0.0331
"164","low_gate","1","shrub","supp","BRTE","3",0.0218
"165","low_gate","1","open","supp","ALDE","1",0.0117
"166","low_gate","3","shrub","supp","ALDE","1",0.0068
"167","low_gate","3","shrub","supp","ALDE","2",0.013
"168","low_gate","4","shrub","supp","ALDE","1",0.0092
"169","low_gate","4","shrub","supp","ALDE","2",0.0105
"170","low_gate","4","shrub","supp","ALDE","3",0.0138
"171","low_gate","4","open","supp","BRTE","2",0.0125
"172","low_gate","4","open","supp","BRTE","3",0.022
"173","low_gate","4","shrub","supp","BRTE","1",0.0308
"174","low_gate","3","shrub","supp","ALDE","3",0.0113
"175","low_gate","3","open","supp","ALDE","1",0.0055
"176","low_gate","3","open","supp","ALDE","2",0.0099
"177","low_gate","3","open","supp","ALDE","3",0.0225
"178","low_gate","1","shrub","supp","ALDE","1",0.0055
"179","low_gate","1","shrub","supp","ALDE","2",0.0214
"180","low_gate","1","shrub","supp","ALDE","3",0.0121
"181","low_gate","2","open","supp","ALDE","1",0.0036
"182","low_gate","4","open","supp","BRTE","1",0.0585
"183","low_gate","3","shrub","supp","BRTE","3",0.0187
"184","low_gate","2","shrub","supp","ALDE","3",0.0086
"185","low_gate","2","shrub","supp","ALDE","2",0.01118
"186","low_gate","2","shrub","supp","ALDE","1",0.0025
"187","low_gate","2","shrub","supp","COPA","1",0.0081
"188","low_gate","2","shrub","supp","COPA","2",0.0043
"189","low_gate","1","shrub","supp","COPA","1",0.0022
"190","low_gate","1","shrub","supp","COPA","2",0.0033
"191","low_gate","3","shrub","R","COPA","3",0.0091
"192","low_gate","1","open","supp","ALDE","3",0.0158
"193","low_gate","1","shrub","supp","COPA","3",0.002
"194","low_gate","4","open","R","BRTE","2",8e-04
"195","low_gate","4","open","R","COPA","2",0.0017
"196","low_gate","3","shrub","C","BRTE","2",0.0126
"197","low_gate","1","shrub","C","BRTE","3",0.0196
"198","low_gate","4","open","R","COPA","3",0.004
"199","low_gate","2","shrub","R","BRTE","2",0.0015
"200","low_gate","4","shrub","R","BRTE","3",0.0154
"201","low_gate","2","open","C","BRTE","1",0.0014
"202","low_gate","3","shrub","R","COPA","1",0.0016
"203","low_gate","2","open","R","ALDE","1",0.0011
"204","low_gate","2","shrub","R","COPA","3",0.0012
"205","low_gate","2","shrub","R","COPA","1",0.0038
"206","low_gate","3","open","C","COPA","2",0.0021
"207","low_gate","1","shrub","C","COPA","3",0.0022
"208","low_gate","2","open","C","COPA","1",3e-04
"209","low_gate","1","shrub","R","COPA","1",0.003
"210","low_gate","3","open","R","BRTE","2",0.0095
"211","low_gate","1","open","R","COPA","2",0.0047
"212","low_gate","3","open","C","COPA","3",0.0044
"213","low_gate","3","open","R","COPA","3",0.001
"214","low_gate","1","shrub","R","BRTE","1",0.0354
"215","low_gate","1","open","C","COPA","2",4e-04
"216","low_gate","1","open","supp","BRTE","1",0.0238
"217","low_gate","1","open","supp","BRTE","2",0.0235
"218","low_gate","3","shrub","C","COPA","2",7e-04
"219","high_gate","comp4","shrub","supp","BRTE","1",0.0034
"220","low_north","comp3","open","supp","BRTE","1",0.0017
"221","low_north","comp3","open","supp","ALDE","1",0.0023
"222","low_north","comp3","open","supp","ALDE","2",0.002
"223","low_north","comp3","open","supp","ALDE","3",0.0051
"224","low_north","comp3","open","supp","ALDE","4",0.0019
"225","high_east","comp4","shrub","supp","COPA","1",0.0041
"226","high_east","comp4","shrub","supp","COPA","2",9e-04
"227","high_east","comp4","shrub","supp","COPA","3",0.002
"228","high_east","comp4","shrub","supp","COPA","4",0.0018
"229","high_east","comp4","shrub","supp","COPA","5",0.0057
"230","high_east","comp4","shrub","supp","COPA","6",7e-04
"231","high_east","comp4","shrub","supp","COPA","7",0.0023
"232","high_east","comp4","shrub","supp","COPA","8",0.0011
"233","high_east","comp4","shrub","supp","BRTE","1",0.0019
"234","high_east","comp4","open","supp","COPA","1",0.0016
"235","high_east","comp4","open","supp","COPA","2",0.003
"236","high_east","comp1","open","supp","COPA","1",0.0027
"237","high_east","comp1","open","supp","COPA","2",0.001
"238","high_east","comp1","open","supp","COPA","3",5e-04
"239","high_east","comp1","open","supp","COPA","4",4e-04
"240","high_east","comp1","open","supp","COPA","5",0.0012
"241","high_east","comp1","open","supp","COPA","6",0.0019
"242","high_gate","comp1","open","supp","COPA","1",0.0023
"243","high_gate","comp1","open","supp","ALDE","1",0.0016
"244","high_gate","comp1","open","supp","ALDE","2",0.0019
"245","high_east","comp2","open","supp","COPA","1",0.0036
"246","high_east","comp2","open","supp","COPA","2",0.003
"247","high_east","comp2","open","supp","COPA","3",0.0035
"248","high_east","comp2","open","supp","COPA","4",0.0023
"249","high_east","comp2","open","supp","COPA","5",0.0015
"250","high_east","comp2","open","supp","COPA","6",0.0013
"251","high_east","comp2","open","supp","COPA","7",0.006
"252","high_east","comp2","open","supp","COPA","8",0.0036
"253","low_north","comp3","shrub","supp","BRTE","1",0.0033
"254","low_north","comp3","shrub","supp","BRTE","2",0.007
"255","low_north","comp3","shrub","supp","BRTE","3",0.0056
"256","low_north","comp3","shrub","supp","BRTE","4",0.0057
"257","low_north","comp3","shrub","supp","BRTE","5",0.0046
"258","low_north","comp3","shrub","supp","BRTE","6",0.045
"259","low_north","comp3","shrub","supp","BRTE","7",0.0042
"260","low_north","comp3","shrub","supp","BRTE","8",0.0118
"261","low_north","comp2","shrub","supp","ALDE","1",0.0084
"262","low_north","comp2","shrub","supp","BRTE","1",0.0129
"263","low_north","comp2","shrub","supp","BRTE","2",0.0084
"264","low_gate","comp2","shrub","supp","ALDE","1",0.0011
"265","low_gate","comp2","shrub","supp","BRTE","1",0.0065
"266","low_gate","comp2","shrub","supp","BRTE","2",0.0176
"267","low_gate","comp3","shrub","supp","BRTE","1",0.0153
"268","low_gate","comp3","shrub","supp","ALDE","1",0.0021
"269","low_gate","comp3","shrub","supp","ALDE","2",0.0056
"270","low_gate","comp3","shrub","supp","ALDE","3",9e-04
"271","low_gate","comp4","open","supp","BRTE","1",0.0124
"272","low_gate","comp4","open","supp","ALDE","1",0.009
"273","low_gate","comp4","open","supp","ALDE","2",0.0054
"274","low_gate","comp4","open","supp","ALDE","3",0.0034
"275","low_gate","comp4","open","supp","ALDE","4",0.0024
"276","low_gate","comp3","open","supp","ALDE","1",0.0338
"277","low_gate","comp3","open","supp","ALDE","2",0.0045
"278","low_gate","comp3","open","supp","ALDE","3",0.0133
"279","low_gate","comp3","open","supp","ALDE","4",0.011
"280","low_gate","comp2","open","supp","BRTE","1",0.0151
"281","low_gate","comp2","open","supp","ALDE","1",0.0046
"282","low_gate","comp2","open","supp","ALDE","2",0.0079
"283","low_gate","comp2","open","supp","ALDE","3",0.0063
"284","low_gate","comp2","open","supp","ALDE","4",0.0029
"285","low_gate","comp2","open","supp","ALDE","5",0.0017
"286","low_gate","comp2","open","supp","ALDE","6",0.0011
"287","low_gate","comp2","open","supp","ALDE","7",0.0031
"288","low_gate","comp2","open","supp","ALDE","8",0.0052
"289","low_gate","comp2","open","supp","ALDE","9",0.0012
"290","low_gate","comp2","open","supp","ALDE","10",0.04
"291","low_gate","comp1","shrub","supp","BRTE","1",0.0192
"292","low_gate","comp1","shrub","supp","BRTE","2",0.0111
"293","low_gate","comp1","shrub","supp","BRTE","3",0.0175
"294","low_gate","comp1","shrub","supp","ALDE","1",0.0214
"295","low_gate","comp1","shrub","supp","BRTE","4",0.0152
"296","low_gate","comp1","shrub","supp","BRTE","5",0.0136
"297","low_gate","comp1","shrub","supp","ALDE","2",0.0179
"298","low_gate","comp1","shrub","supp","ALDE","3",0.0086
"299","low_gate","comp1","shrub","supp","ALDE","4",0.0065
"300","low_gate","comp1","shrub","supp","ALDE","5",0.004
"301","low_gate","comp1","shrub","supp","ALDE","6",0.0222
"302","low_gate","comp1","shrub","supp","ALDE","7",0.0226
"303","low_gate","comp1","shrub","supp","ALDE","8",0.0023
"304","low_gate","comp1","shrub","supp","ALDE","9",0.009
"305","low_gate","comp1","shrub","supp","ALDE","10",0.0216
"306","low_gate","comp1","shrub","supp","ALDE","11",0.0031
"307","low_gate","comp1","shrub","supp","ALDE","12",0.0015
"308","low_gate","comp1","shrub","supp","ALDE","13",0.0034
"309","low_gate","comp1","open","supp","BRTE","1",0.0057
"310","low_gate","comp1","open","supp","BRTE","2",0.003
"311","low_gate","comp1","open","supp","ALDE","1",0.0069
"312","low_gate","comp1","open","supp","ALDE","2",0.0049
"313","low_gate","comp1","open","supp","ALDE","3",0.0068
"314","low_gate","comp1","open","supp","ALDE","4",0.0061
"315","low_gate","comp1","open","supp","ALDE","5",0.0078
"316","low_gate","comp1","open","supp","ALDE","6",0.0153
"317","low_gate","comp1","open","supp","ALDE","7",0.0115
"318","low_gate","comp1","open","supp","ALDE","8",0.0084
"319","low_gate","comp1","open","supp","ALDE","9",0.0131
"320","low_gate","comp1","open","supp","ALDE","10",0.0053
"321","low_gate","comp1","open","supp","ALDE","11",0.0049
"322","low_gate","comp1","open","supp","ALDE","12",0.0026
"323","low_north","comp4","shrub","supp","BRTE","1",0.0128
"324","low_north","comp4","shrub","supp","BRTE","2",0.0167
"325","low_north","comp4","shrub","supp","BRTE","3",0.0186
"326","low_north","comp4","shrub","supp","BRTE","4",0.0068
"327","low_north","comp4","shrub","supp","BRTE","5",0.0114
"328","low_north","comp4","shrub","supp","BRTE","6",0.0057
"329","low_north","comp4","shrub","supp","BRTE","7",0.0051
"330","low_north","comp4","shrub","supp","BRTE","8",0.0045
"331","low_north","comp4","shrub","supp","BRTE","9",0.008
"332","low_north","comp4","shrub","supp","BRTE","10",0.0313
"333","low_north","comp4","shrub","supp","BRTE","11",0.0053
"334","low_north","comp4","shrub","supp","BRTE","12",0.0126
"335","low_north","comp4","shrub","supp","BRTE","13",0.0133
"336","low_north","comp4","shrub","supp","BRTE","14",0.0064
"337","low_north","comp4","shrub","supp","BRTE","15",0.0156
"338","low_north","comp4","shrub","supp","BRTE","16",0.0213
"339","low_north","comp4","shrub","supp","BRTE","17",0.0049
"340","low_north","comp4","shrub","supp","BRTE","18",0.0127
"341","low_north","comp4","shrub","supp","BRTE","19",0.0182
"342","low_north","comp4","shrub","supp","BRTE","20",0.0135
"343","low_north","comp4","shrub","supp","BRTE","21",0.0047
"344","low_north","comp4","shrub","supp","BRTE","22",0.0066
"345","low_north","comp4","shrub","supp","BRTE","23",0.0097
"346","low_north","comp4","shrub","supp","BRTE","24",0.0062
"347","low_north","comp4","shrub","supp","BRTE","25",0.0041
"348","low_gate","comp4","shrub","supp","ALDE","1",0.0063
"349","low_gate","comp4","shrub","supp","ALDE","2",0.0053
"350","low_gate","comp4","shrub","supp","ALDE","3",0.0049
"351","low_gate","comp4","shrub","supp","ALDE","4",0.0255
"352","low_gate","comp4","shrub","supp","BRTE","1",0.0119
"353","low_gate","comp4","shrub","supp","BRTE","2",0.0139
"354","low_gate","comp4","shrub","supp","BRTE","3",0.0155
"355","low_gate","comp4","shrub","supp","BRTE","4",0.0077
"356","low_gate","comp4","shrub","supp","BRTE","5",0.0317
"357","low_north","comp1","shrub","supp","ALDE","1",0.0025
"358","low_north","comp1","shrub","supp","ALDE","2",0.0028
"359","low_north","comp1","shrub","supp","ALDE","3",0.0045
"360","low_north","comp1","shrub","supp","ALDE","4",0.0031
"361","low_north","comp1","shrub","supp","ALDE","5",0.0057
"362","low_north","comp1","shrub","supp","ALDE","6",0.004
"363","low_north","comp1","shrub","supp","BRTE","1",0.0037
"364","low_north","comp1","shrub","supp","BRTE","2",0.0046
"365","low_north","comp2","open","supp","BRTE","1",0.0048
"366","low_north","comp2","open","supp","BRTE","2",0.0174
"367","low_north","comp2","open","supp","BRTE","3",0.0071
"368","low_north","comp2","open","supp","BRTE","4",0.0334
"369","low_north","comp2","open","supp","BRTE","5",0.0111
"370","low_north","comp2","open","supp","BRTE","6",0.0144
"371","low_north","comp2","open","supp","BRTE","7",0.0114
"372","low_north","comp2","open","supp","BRTE","8",0.0098
"373","low_north","comp2","open","supp","BRTE","9",0.0919
"374","low_north","comp2","open","supp","BRTE","10",0.0166
"375","low_north","comp2","open","supp","BRTE","11",0.0028
"376","low_north","comp2","open","supp","BRTE","12",0.0126
"377","low_north","comp2","open","supp","ALDE","1",0.0043
"378","low_north","comp2","open","supp","ALDE","2",0.0423
"379","low_north","comp2","open","supp","ALDE","3",0.0081
"380","low_north","comp2","open","supp","ALDE","4",0.0114
"381","low_north","comp2","open","supp","ALDE","5",0.0373
"382","low_north","comp2","open","supp","ALDE","6",0.0274
"383","low_north","comp2","open","supp","ALDE","7",0.0051
"384","low_north","comp2","open","supp","ALDE","8",0.0029
"385","low_north","comp2","open","supp","ALDE","9",0.011
"386","low_north","comp2","open","supp","ALDE","10",0.0104
"387","low_north","comp2","open","supp","ALDE","11",0.0048
"388","low_north","comp2","open","supp","ALDE","12",0.0066
"389","low_north","comp2","open","supp","ALDE","13",0.0056
"390","low_north","comp2","open","supp","ALDE","14",0.0049
"391","low_north","comp2","open","supp","ALDE","15",0.0035
"392","low_north","comp2","open","supp","ALDE","16",0.0047
"393","low_north","comp2","open","supp","ALDE","17",0.0046
"394","low_north","comp2","open","supp","ALDE","18",0.0214
"395","low_north","comp2","open","supp","ALDE","19",0.0026
"396","low_north","comp2","open","supp","ALDE","20",0.0024
