label,aboveground_mass
HG-2OR-BT3,0.0013
HG-2SR-BT3,0.0012
HG-2OR-BT1,0.0019
HG-1SC-BT1,0.0022
HG-1SR-BT3,0.0031
HG-1SC-BT3,0.001
HG-1SR-BT2,0.0018
HG-1SR-BT1,0.0007
HG-2SC-AD2,0.0001
HG-2SC-CP1,0.0002
HG-4OR-BT1,0.0007
HG-supp1O-CP1,0.0014
HG-supp1O-CP2,0.002
HG-supp4O-AD1,0.0009
HG-supp4O-AD2,0.0004
HG-supp4O-AD3,0.0018
HG-supp1O-AD1,0.0111
HG-supp1O-AD2,0.0034
HN-4SR-BT1,0.0022
HN-supp1S-CP,0.0021
HN-4SR-BT2,0.0008
HN-supp4O-AD,0.0011
HN-supp4O-CP1,0.0071
HN-4SR-CP3,0.0015
HN-supp4O-CP2,0.0079
HN-supp4O-CP3,0.0081
HN-3SR-BT2,0.0048
HN-3SC-BT2,0.0041
HN-supp3S-AD,0.0005
HE-1OR-BT2,0.0042
HE-2SC-CP2,0.0008
HE-4SR-CP1,0.0007
HE-2SC-CP3,0.0015
HE-4OR-CP1,0.0012
HE-2SR-CP3,0.0013
HE-1SC-CP3,0.0008
HE-2OC-CP1,0.0004
HE-4SR-BT2,0.0014
HE-2SR-CP2,0.0017
HE-3SR-CP2,0.0015
HE-2SC-BT1,0.0001
HE-4SC-AD1,0.0001
HE-1OC-BT3,0.0008
HE-supp4S-CP1,0.001
HE-supp4S-CP2,0.0031
HE-supp4S-CP3,0.0025
HE-supp4O-CP1,0.004
HE-supp4O-CP2,0.0087
HE-supp4O-CP3,0.0014
HE-supp2S-CP1,0.0061
HE-supp2S-CP2,0.0054
HE-supp2S-CP3,0.0062
HE-supp3O-CP1,0.0145
HE-supp3O-CP2,0.0301
HE-supp3O-CP3,0.0057
HE-supp3O-AD1,0.0092
HE-supp3O-AD2,0.0173
HE-supp3S-CP1,0.0029
HE-supp3S-CP2,0.0043
HE-supp3S-CP3,0.0049
HE-supp1O-CP1,0.005
HE-supp1O-CP2,0.0059
HE-supp1O-CP3,0.008
HE-supp1O-CP4,0.0003
HE-supp1O-CP5,0.0058
HE-supp1S-CP4,0.0028
HE-supp1S-CP5,0.0013
HE-supp1S-CP6,0.0089
HE-supp1S-CP1,0.0012
HE-supp1S-CP2,0.0059
HE-supp1S-CP3,0.0007
HE-supp2O-CP1,0.0098
HE-supp2O-CP2,0.0068
HE-supp2O-CP3,0.0022
LN-supp1S-AD2,0.0261
LN-supp3O-AD1,0.0083
LN-supp4S-AD1,0.0055
LN-supp1S-AD3,0.0017
LN-supp4S-BT3,0.0234
LN-supp4S-BT2,0.0077
LN-supp4S-BT1,0.0532
LN-supp3S-BT1,0.0054
LN-supp3S-BT2,0.0071
LN-supp3S-BT3,0.0069
LN-supp1O-BT3,0.0146
LN-supp3O-AD2,0.0038
LN-supp1O-BT2,0.0064
LN-supp1O-BT1,0.0123
LN-supp3O-BT1,0.0232
LN-supp3O-BT2,0.0072
LN-supp3O-BT3,0.0173
LN-supp2O-BT1,0.045
LN-supp2O-BT2,0.0483
LN-supp2O-BT3,0.0249
LN-supp1S-BT3,0.0134
LN-supp1S-BT2,0.0058
LN-supp1S-BT1,0.0074
LN-supp2S-BT1,0.0084
LN-supp2S-BT2,0.0128
LN-supp2S-BT3,0.0054
LN-4SC-BT3,0.0014
LN-4SC-BT2,0.0051
LN-2OC-BT3,0.0103
LN-3OC-BT2,0.016
LN-1OR-BT1,0.004
LN-2OC-BT2,0.0076
LN-3OC-BT3,0.0102
LN-3OR-BT2,0.0082
LN-3SC-BT1,0.0073
LN-1SC-BT1,0.0029
LN-1SR-PD2,0.0045
LN-2OR-PD1,0.0021
LN-1SC-PD3,0.0026
LN-1OR-CP2,0.001
LN-1SR-AD2,0.0012
LN-2OR-CP1,0.0047
LN-2OR-CP3,0.0007
LN-1OC-AD3,0.0004
LN-4SC-CP1,0.0028
LN-1SC-CP3,0.001
LN-4SC-BT2,0.0121
LN-supp2S-AD1,0.0079
LN-supp2S-AD2,0.0075
LN-supp2S-AD3,0.0039
LN-supp2O-AD1,0.0297
LN-supp2O-AD2,0.0073
LN-supp2O-AD3,0.0098
LN-supp3S-AD,0.0061
LN-supp3S-CP,0.0015
LN-supp1O-AD1,0.0176
LN-supp1O-AD2,0.0004
LN-supp1O-AD3,0.0031
LN-supp1O-AD4,0.0072
LN-supp4S-AD2,0.0103
LN-supp4S-AD3,0.0147
LN-supp3O-CP,0.0037
LN-supp1S-AD1,0.0055
LG-supp4S-CP2,0.0148
LG-supp2S-BT3,0.0095
LG-supp3O-BT1,0.0477
LG-supp4O-AD2,0.0078
LG-supp4S-CP1,0.0113
LG-supp1O-CP2,0.0033
LG-supp1O-CP3,0.0045
LG-supp2O-BT1,0.0186
LG-supp2O-BT2,0.0148
LG-supp2O-BT3,0.0169
LG-supp2S-BT1,0.0044
LG-supp2S-BT2,0.0064
LG-supp3O-BT2,0.0085
LG-supp3O-BT3,0.0251
LG-supp4O-AD1,0.0211
LG-supp4O-AD3,0.0224
LG-supp4S-BT2,0.11
LG-supp3S-BT1,0.0202
LG-supp3S-BT2,0.0243
LG-supp1S-BT1,0.0162
LG-supp2O-AD2,0.0267
LG-supp1O-AD2,0.0253
LG-supp2O-AD3,0.0081
LG-supp1S-BT2,0.0126
LG-supp1O-CP1,0.0046
LG-supp1O-BT3,0.0331
LG-supp1S-BT3,0.0218
LG-supp1O-AD1,0.0117
LG-supp3S-AD1,0.0068
LG-supp3S-AD2,0.013
LG-supp4S-AD1,0.0092
LG-supp4S-AD2,0.0105
LG-supp4S-AD3,0.0138
LG-supp4O-BT2,0.0125
LG-supp4O-BT3,0.022
LG-supp4S-BT1,0.0308
LG-supp3S-AD3,0.0113
LG-supp3O-AD1,0.0055
LG-supp3O-AD2,0.0099
LG-supp3O-AD3,0.0225
LG-supp1S-AD1,0.0055
LG-supp1S-AD2,0.0214
LG-supp1S-AD3,0.0121
LG-supp2O-AD1,0.0036
LG-supp4O-BT1,0.0585
LG-supp3S-BT3,0.0187
LG-supp2S-AD3,0.0086
LG-supp2S-AD2,0.01118
LG-supp2S-AD1,0.0025
LG-supp2S-CP1,0.0081
LG-supp2S-CP2,0.0043
LG-supp1S-CP1,0.0022
LG-supp1S-CP2,0.0033
LG-3SR-CP3,0.0091
LG-supp1O-AD3,0.0158
LG-supp1S-CP3,0.002
LG-4OR-BT2,0.0008
LG-4OR-CP2,0.0017
LG-3SC-BT2,0.0126
LG-1SC-BT3,0.0196
LG-4OR-CP3,0.004
LG-2SR-BT2,0.0015
LG-4SR-BT3,0.0154
LG-2OC-BT1,0.0014
LG-3SR-CP1,0.0016
LG-2OR-AD1,0.0011
LG-2SR-CP3,0.0012
LG-2SR-CP1,0.0038
LG-3OC-CP2,0.0021
LG-1SC-CP3,0.0022
LG-2OC-CP1,0.0003
LG-1SR-CP1,0.003
LG-3OR-BT2,0.0095
LG-1OR-CP2,0.0047
LG-3OC-CP3,0.0044
LG-3OR-CP3,0.001
LG-1SR-BT1,0.0354
LG-1OC-CP2,0.0004
LG-supp1O-BT1,0.0238
LG-supp1O-BT2,0.0235
LG-3SC-CP2,0.0007
HG-comp4S-BT1,0.0034
LN-comp3O-BT1,0.0017
LN-comp3O-AD1,0.0023
LN-comp3O-AD2,0.002
LN-comp3O-AD3,0.0051
LN-comp3O-AD4,0.0019
HE-comp4S-CP1,0.0041
HE-comp4S-CP2,0.0009
HE-comp4S-CP3,0.002
HE-comp4S-CP4,0.0018
HE-comp4S-CP5,0.0057
HE-comp4S-CP6,0.0007
HE-comp4S-CP7,0.0023
HE-comp4S-CP8,0.0011
HE-comp4S-BT1,0.0019
HE-comp4O-CP1,0.0016
HE-comp4O-CP2,0.003
HE-comp1O-CP1,0.0027
HE-comp1O-CP2,0.001
HE-comp1O-CP3,0.0005
HE-comp1O-CP4,0.0004
HE-comp1O-CP5,0.0012
HE-comp1O-CP6,0.0019
HG-comp1O-CP1,0.0023
HG-comp1O-AD1,0.0016
HG-comp1O-AD2,0.0019
HE-comp2O-CP1,0.0036
HE-comp2O-CP2,0.003
HE-comp2O-CP3,0.0035
HE-comp2O-CP4,0.0023
HE-comp2O-CP5,0.0015
HE-comp2O-CP6,0.0013
HE-comp2O-CP7,0.006
HE-comp2O-CP8,0.0036
LN-comp3S-BT1,0.0033
LN-comp3S-BT2,0.007
LN-comp3S-BT3,0.0056
LN-comp3S-BT4,0.0057
LN-comp3S-BT5,0.0046
LN-comp3S-BT6,0.045
LN-comp3S-BT7,0.0042
LN-comp3S-BT8,0.0118
LN-comp2S-AD1,0.0084
LN-comp2S-BT1,0.0129
LN-comp2S-BT2,0.0084
LG-comp2S-AD1,0.0011
LG-comp2S-BT1,0.0065
LG-comp2S-BT2,0.0176
LG-comp3S-BT1,0.0153
LG-comp3S-AD1,0.0021
LG-comp3S-AD2,0.0056
LG-comp3S-AD3,0.0009
LG-comp4O-BT1,0.0124
LG-comp4O-AD1,0.009
LG-comp4O-AD2,0.0054
LG-comp4O-AD3,0.0034
LG-comp4O-AD4,0.0024
LG-comp3O-AD1,0.0338
LG-comp3O-AD2,0.0045
LG-comp3O-AD3,0.0133
LG-comp3O-AD4,0.011
LG-comp2O-BT1,0.0151
LG-comp2O-AD1,0.0046
LG-comp2O-AD2,0.0079
LG-comp2O-AD3,0.0063
LG-comp2O-AD4,0.0029
LG-comp2O-AD5,0.0017
LG-comp2O-AD6,0.0011
LG-comp2O-AD7,0.0031
LG-comp2O-AD8,0.0052
LG-comp2O-AD9,0.0012
LG-comp2O-AD10,0.04
LG-comp1S-BT1,0.0192
LG-comp1S-BT2,0.0111
LG-comp1S-BT3,0.0175
LG-comp1S-AD1,0.0214
LG-comp1S-BT4,0.0152
LG-comp1S-BT5,0.0136
LG-comp1S-AD2,0.0179
LG-comp1S-AD3,0.0086
LG-comp1S-AD4,0.0065
LG-comp1S-AD5,0.004
LG-comp1S-AD6,0.0222
LG-comp1S-AD7,0.0226
LG-comp1S-AD8,0.0023
LG-comp1S-AD9,0.009
LG-comp1S-AD10,0.0216
LG-comp1S-AD11,0.0031
LG-comp1S-AD12,0.0015
LG-comp1S-AD13,0.0034
LG-comp1O-BT1,0.0057
LG-comp1O-BT2,0.003
LG-comp1O-AD1,0.0069
LG-comp1O-AD2,0.0049
LG-comp1O-AD3,0.0068
LG-comp1O-AD4,0.0061
LG-comp1O-AD5,0.0078
LG-comp1O-AD6,0.0153
LG-comp1O-AD7,0.0115
LG-comp1O-AD8,0.0084
LG-comp1O-AD9,0.0131
LG-comp1O-AD10,0.0053
LG-comp1O-AD11,0.0049
LG-comp1O-AD12,0.0026
LN-comp4S-BT1,0.0128
LN-comp4S-BT2,0.0167
LN-comp4S-BT3,0.0186
LN-comp4S-BT4,0.0068
LN-comp4S-BT5,0.0114
LN-comp4S-BT6,0.0057
LN-comp4S-BT7,0.0051
LN-comp4S-BT8,0.0045
LN-comp4S-BT9,0.008
LN-comp4S-BT10,0.0313
LN-comp4S-BT11,0.0053
LN-comp4S-BT12,0.0126
LN-comp4S-BT13,0.0133
LN-comp4S-BT14,0.0064
LN-comp4S-BT15,0.0156
LN-comp4S-BT16,0.0213
LN-comp4S-BT17,0.0049
LN-comp4S-BT18,0.0127
LN-comp4S-BT19,0.0182
LN-comp4S-BT20,0.0135
LN-comp4S-BT21,0.0047
LN-comp4S-BT22,0.0066
LN-comp4S-BT23,0.0097
LN-comp4S-BT24,0.0062
LN-comp4S-BT25,0.0041
LG-comp4S-AD1,0.0063
LG-comp4S-AD2,0.0053
LG-comp4S-AD3,0.0049
LG-comp4S-AD4,0.0255
LG-comp4S-BT1,0.0119
LG-comp4S-BT2,0.0139
LG-comp4S-BT3,0.0155
LG-comp4S-BT4,0.0077
LG-comp4S-BT5,0.0317
LN-comp1S-AD1,0.0025
LN-comp1S-AD2,0.0028
LN-comp1S-AD3,0.0045
LN-comp1S-AD4,0.0031
LN-comp1S-AD5,0.0057
LN-comp1S-AD6,0.004
LN-comp1S-BT1,0.0037
LN-comp1S-BT2,0.0046
LN-comp2O-BT1,0.0048
LN-comp2O-BT2,0.0174
LN-comp2O-BT3,0.0071
LN-comp2O-BT4,0.0334
LN-comp2O-BT5,0.0111
LN-comp2O-BT6,0.0144
LN-comp2O-BT7,0.0114
LN-comp2O-BT8,0.0098
LN-comp2O-BT9,0.0919
LN-comp2O-BT10,0.0166
LN-comp2O-BT11,0.0028
LN-comp2O-BT12,0.0126
LN-comp2O-AD1,0.0043
LN-comp2O-AD2,0.0423
LN-comp2O-AD3,0.0081
LN-comp2O-AD4,0.0114
LN-comp2O-AD5,0.0373
LN-comp2O-AD6,0.0274
LN-comp2O-AD7,0.0051
LN-comp2O-AD8,0.0029
LN-comp2O-AD9,0.011
LN-comp2O-AD10,0.0104
LN-comp2O-AD11,0.0048
LN-comp2O-AD12,0.0066
LN-comp2O-AD13,0.0056
LN-comp2O-AD14,0.0049
LN-comp2O-AD15,0.0035
LN-comp2O-AD16,0.0047
LN-comp2O-AD17,0.0046
LN-comp2O-AD18,0.0214
LN-comp2O-AD19,0.0026
LN-comp2O-AD20,0.0024