date,site,quad,aspect,species,id,distance_shrub,phenophase,height,total_leaf_mass,total_leaf_area,seed_number,total_seed_mass,root,notes
6/21/2023,low_gate,T1,north,Alyssum desertorum,1,71,5,6.4,1.1,0.159,seeds immature,,,no seeds for Collomia or Cordylanthus
6/21/2023,low_gate,T1,north,Alyssum desertorum,2,64.9,5,7.4,1.7,0.161,seeds immature,,,
6/21/2023,low_gate,T1,north,Alyssum desertorum,3,32.5,5,7.5,0.6,0.132,seeds immature,,,
6/21/2023,low_gate,T1,north,Alyssum desertorum,4,49.2,4,7.4,1.5,0.26,seeds immature,,,
6/21/2023,low_gate,T1,north,Alyssum desertorum,5,43.9,4,7.6,0.9,0.132,seeds immature,,,
6/21/2023,low_gate,T1,north,Collinsia parviflora,1,91.4,5,5.5,0.6,0.094,2,1.2,,
6/21/2023,low_gate,T1,north,Collinsia parviflora,2,75.9,5,5.9,2.4,0.373,10,8,,
6/21/2023,low_gate,T1,north,Collinsia parviflora,3,11.5,4,14.2,3,0.389,13,12.3,,
6/21/2023,low_gate,T1,north,Collinsia parviflora,4,90.1,5,5.2,1.8,0.262,4,3.8,,
6/21/2023,low_gate,T1,north,Collinsia parviflora,5,107.8,5,4.4,2.3,0.314,10,7.4,,
6/21/2023,low_gate,T1,south,Alyssum desertorum,1,94.1,4,11.3,4.7,0.52,seeds immature,,,
6/21/2023,low_gate,T1,south,Alyssum desertorum,2,85.4,5,5.9,1.1,0.179,seeds immature,,,
6/21/2023,low_gate,T1,south,Alyssum desertorum,3,111,5,13,3.4,0.395,seeds immature,,,
6/21/2023,low_gate,T1,south,Alyssum desertorum,4,86.1,5,8.3,0.9,0.198,seeds immature,,,
6/21/2023,low_gate,T1,south,Alyssum desertorum,5,29.8,4,11.2,2.9,0.635,seeds immature,,,
6/21/2023,low_gate,T1,south,Collinsia parviflora,1,25.4,4,15.5,5,0.696,6,5,,
6/21/2023,low_gate,T1,south,Collinsia parviflora,2,116.2,6,5.2,1.6,0.283,7,5,,
6/21/2023,low_gate,T1,south,Collinsia parviflora,3,31.6,4,13.7,1.8,0.33,8,6,,
6/21/2023,low_gate,T1,south,Collinsia parviflora,4,86,5,9.5,2.9,0.354,16,12,,
6/21/2023,low_gate,T1,south,Collinsia parviflora,5,50.6,4,15.9,1.1,0.29,15,12,,
6/21/2023,low_gate,T2,north,Alyssum desertorum,1,49.6,5,6.6,1.5,0.195,,,,
6/21/2023,low_gate,T2,north,Alyssum desertorum,2,35.4,4,9.7,2.5,0.32,seeds immature,,,
6/21/2023,low_gate,T2,north,Alyssum desertorum,3,63.3,5,4.8,1.3,0.145,seeds immature,,,
6/21/2023,low_gate,T2,north,Alyssum desertorum,4,109.2,5,6.4,1.2,0.171,seeds immature,,,
6/21/2023,low_gate,T2,north,Alyssum desertorum,5,95.2,5,5.5,0.8,0.088,seeds immature,,,
6/21/2023,low_gate,T2,north,Collinsia parviflora,1,84.4,5,10.1,2.4,0.306,30,20.9,,
6/21/2023,low_gate,T2,north,Collinsia parviflora,2,90.6,5,2.9,1.7,0.258,10,7.8,,
6/21/2023,low_gate,T2,north,Collinsia parviflora,3,54.2,5,12.5,2.8,0.321,23,17.1,,
6/21/2023,low_gate,T2,north,Collinsia parviflora,4,80.8,5,11.3,3.3,0.426,15,13,,
6/21/2023,low_gate,T2,north,Collinsia parviflora,5,49.4,5,9.1,2,0.371,30,22,,
6/21/2023,low_gate,T2,south,Alyssum desertorum,1,90.8,5,7.2,1.3,0.152,seeds immature,,,
6/21/2023,low_gate,T2,south,Alyssum desertorum,2,40.2,5,8.2,1.1,0.193,seeds immature,,,
6/21/2023,low_gate,T2,south,Alyssum desertorum,3,38.6,4,6.2,1.2,0.179,seeds immature,,,
6/21/2023,low_gate,T2,south,Alyssum desertorum,4,99,5,4.3,0.6,0.067,seeds immature,,,
6/21/2023,low_gate,T2,south,Alyssum desertorum,5,86,5,6.5,0.4,0.06,seeds immature,,,
6/21/2023,low_gate,T2,south,Collinsia parviflora,1,59.8,5,5.4,1.9,0.301,6,4.1,,
6/21/2023,low_gate,T2,south,Collinsia parviflora,2,29.8,4,12.4,1.8,0.39,4,4.8,,
6/21/2023,low_gate,T2,south,Collinsia parviflora,3,97.2,5,1.9,1.1,0.164,3,1.8,,
6/21/2023,low_gate,T2,south,Collinsia parviflora,4,70.1,5,6.7,2.6,0.297,6,5.7,,
6/21/2023,low_gate,T2,south,Collinsia parviflora,5,46.2,5,5.5,3,0.329,10,7.5,,
6/21/2023,low_north,T1,north,Alyssum desertorum,1,19,4,9.1,1.2,0.23,seeds immature,,,
6/21/2023,low_north,T1,north,Alyssum desertorum,2,100.4,5,2.4,0.4,0.056,seeds immature,,,
6/21/2023,low_north,T1,north,Alyssum desertorum,3,57.2,4,5.8,0.6,0.081,seeds immature,,,
6/21/2023,low_north,T1,north,Alyssum desertorum,4,94.6,5,5.1,0.5,0.084,seeds immature,,,
6/21/2023,low_north,T1,north,Alyssum desertorum,5,52,4,6,0.6,0.154,seeds immature,,,
6/21/2023,low_north,T1,north,Collomia linearis,1,55.4,3,8.1,6.3,1.665,seeds immature,,,
6/21/2023,low_north,T1,north,Collomia linearis,2,94.88,3,7.9,3.3,0.526,seeds immature,,,
6/21/2023,low_north,T1,north,Collomia linearis,3,46.6,3,7,3.4,0.798,seeds immature,,,
6/21/2023,low_north,T1,north,Collomia linearis,4,50.2,4,7.1,2.9,0.653,seeds immature,,,
6/21/2023,low_north,T1,north,Collomia linearis,5,84.4,3,4.5,4.7,0.641,seeds immature,,,
6/21/2023,low_north,T1,south,Alyssum desertorum,1,76.2,5,4.2,1,0.139,seeds immature,,,
6/21/2023,low_north,T1,south,Alyssum desertorum,2,55.8,5,5.4,0.4,0.096,seeds immature,,,
6/21/2023,low_north,T1,south,Alyssum desertorum,3,74.6,4,6.6,1.8,0.245,seeds immature,,,
6/21/2023,low_north,T1,south,Alyssum desertorum,4,105.4,4,6.2,1.4,0.244,seeds immature,,,
6/21/2023,low_north,T1,south,Alyssum desertorum,5,85.6,4,6.9,2.1,0.268,seeds immature,,,
6/21/2023,low_north,T1,south,Collomia linearis,1,74.8,3,8.7,5.2,0.56,seeds immature,,,
6/21/2023,low_north,T1,south,Collomia linearis,2,63.2,3,5,2.9,0.481,seeds immature,,,
6/21/2023,low_north,T1,south,Collomia linearis,3,110.1,3,6.8,3.9,0.452,seeds immature,,,
6/21/2023,low_north,T1,south,Collomia linearis,4,71.8,3,8.9,6.7,0.908,seeds immature,,,
6/21/2023,low_north,T1,south,Collomia linearis,5,86.6,4,6.8,5.3,0.577,seeds immature,,,
6/21/2023,low_north,T2,north,Alyssum desertorum,1,60.8,4,6,1.2,0.167,seeds immature,,,
6/21/2023,low_north,T2,north,Alyssum desertorum,2,57.2,4,4.4,0.1,0.061,seeds immature,,,
6/21/2023,low_north,T2,north,Alyssum desertorum,3,57.8,5,5.7,0.3,0.163,seeds immature,,,
6/21/2023,low_north,T2,north,Alyssum desertorum,4,60.6,5,5.7,0.4,0.117,seeds immature,,,
6/21/2023,low_north,T2,north,Alyssum desertorum,5,113.2,5,6.8,0.4,0.117,seeds immature,,,
6/21/2023,low_north,T2,north,Collomia linearis,1,127,3,7.9,8.2,1.209,seeds immature,,,
6/21/2023,low_north,T2,north,Collomia linearis,2,69.4,3,9.3,5.7,0.814,seeds immature,,,
6/21/2023,low_north,T2,north,Collomia linearis,3,121.8,3,7.8,2.8,0.558,seeds immature,,,
6/21/2023,low_north,T2,north,Collomia linearis,4,83.8,4,8.1,4.5,0.694,seeds immature,,,
6/21/2023,low_north,T2,north,Collomia linearis,5,90,4,7.2,5.3,0.631,seeds immature,,,
6/21/2023,low_north,T2,south,Alyssum desertorum,1,76.6,4,5,0.7,0.113,seeds immature,,,
6/21/2023,low_north,T2,south,Alyssum desertorum,2,41.8,4,11.3,1.5,0.232,seeds immature,,,
6/21/2023,low_north,T2,south,Alyssum desertorum,3,84.8,5,5.4,1.3,0.163,seeds immature,,,
6/21/2023,low_north,T2,south,Alyssum desertorum,4,58,4,3,1.1,0.205,seeds immature,,,
6/21/2023,low_north,T2,south,Alyssum desertorum,5,87.2,5,6.5,0.8,0.142,seeds immature,,,
6/21/2023,low_north,T2,south,Collomia linearis,1,58.2,3,10.2,4.6,0.87,seeds immature,,,
6/21/2023,low_north,T2,south,Collomia linearis,2,55.4,3,8.2,4.8,0.799,seeds immature,,,
6/21/2023,low_north,T2,south,Collomia linearis,3,112.8,5,5.7,2.8,0.362,seeds immature,,,
6/21/2023,low_north,T2,south,Collomia linearis,4,91.6,4,9.1,5.3,0.718,seeds immature,,,
6/21/2023,low_north,T2,south,Collomia linearis,5,44.8,3,13,9.6,1.224,seeds immature,,,
6/22/2023,high_bench,T1,north,Alyssum desertorum,1,70.2,5,5.7,0.7,0.12,seeds immature,,,
6/22/2023,high_bench,T1,north,Alyssum desertorum,2,78,5,5.4,0.7,0.102,seeds immature,,,
6/22/2023,high_bench,T1,north,Alyssum desertorum,3,44.8,4,9,1.3,0.211,seeds immature,,,
6/22/2023,high_bench,T1,north,Alyssum desertorum,4,99.4,4,8.5,1.8,0.242,seeds immature,,,
6/22/2023,high_bench,T1,north,Alyssum desertorum,5,49.8,4,10.1,2.3,0.319,seeds immature,,,
6/22/2023,high_bench,T1,south,Alyssum desertorum,1,51.8,5,6.2,1.2,0.143,seeds immature,,,
6/22/2023,high_bench,T1,south,Alyssum desertorum,2,111.6,4,7.6,1.2,0.189,seeds immature,,,
6/22/2023,high_bench,T1,south,Alyssum desertorum,3,80.2,5,5.1,0.5,0.115,seeds immature,,,
6/22/2023,high_bench,T1,south,Alyssum desertorum,4,90.6,5,6,0.3,0.103,seeds immature,,,
6/22/2023,high_bench,T1,south,Alyssum desertorum,5,75.8,5,4.9,0.5,0.119,seeds immature,,,
6/22/2023,high_bench,T2,north,Alyssum desertorum,1,44.2,5,4.9,0.6,0.071,seeds immature,,,
6/22/2023,high_bench,T2,north,Alyssum desertorum,2,55,4,9.8,1.8,0.207,seeds immature,,,
6/22/2023,high_bench,T2,north,Alyssum desertorum,3,64.2,4,9,2.8,0.344,seeds immature,,,
6/22/2023,high_bench,T2,north,Alyssum desertorum,4,68.4,5,5.9,0.9,0.125,seeds immature,,,
6/22/2023,high_bench,T2,north,Alyssum desertorum,5,107.8,5,7.9,1.3,0.189,seeds immature,,,
6/22/2023,high_bench,T2,south,Alyssum desertorum,1,63.8,5,6.9,1.1,0.174,seeds immature,,,
6/22/2023,high_bench,T2,south,Alyssum desertorum,2,80.2,5,6.1,1.4,0.198,seeds immature,,,
6/22/2023,high_bench,T2,south,Alyssum desertorum,3,74.2,5,5.5,0.9,0.12,seeds immature,,,
6/22/2023,high_bench,T2,south,Alyssum desertorum,4,65.6,4,9.1,1.5,0.203,seeds immature,,,
6/22/2023,high_bench,T2,south,Alyssum desertorum,5,99.8,5,5.2,0.7,0.12,seeds immature,,,
6/22/2023,high_9,T1,north,Collinsia parviflora,1,109.8,3,9.6,2.6,0.462,6,3.7,,
6/22/2023,high_9,T1,north,Collinsia parviflora,2,94,5,4.2,0.9,0.181,6,3.8,,
6/22/2023,high_9,T1,north,Collinsia parviflora,3,44.4,5,5.5,2.5,0.357,7,4.4,,
6/22/2023,high_9,T1,north,Collinsia parviflora,4,47,4,8.9,0.9,0.147,3,3.6,,
6/22/2023,high_9,T1,north,Collinsia parviflora,5,39.8,4,6.9,1,0.163,5,4,,
6/22/2023,high_9,T1,south,Collinsia parviflora,1,103.2,6,2,0.8,0.159,9,5.4,,
6/22/2023,high_9,T1,south,Collinsia parviflora,2,34.6,4,7.2,2.7,0.381,8,4.5,,
6/22/2023,high_9,T1,south,Collinsia parviflora,3,40.6,5,4,1.8,0.307,16,7.6,,
6/22/2023,high_9,T1,south,Collinsia parviflora,4,45.8,4,2.9,2.5,0.255,no seeds,,,
6/22/2023,high_9,T1,south,Collinsia parviflora,5,49.8,3,8,2.2,0.363,5,3.2,,
6/22/2023,high_9,T2,north,Collinsia parviflora,1,43.8,5,10.3,3.4,0.443,12,7.4,,
6/22/2023,high_9,T2,north,Collinsia parviflora,2,38.8,4,10.5,2.8,0.395,7,9.4,,
6/22/2023,high_9,T2,north,Collinsia parviflora,3,88.6,4,8.7,2.8,0.416,6,3.6,,
6/22/2023,high_9,T2,north,Collinsia parviflora,4,39.8,5,9.6,2.4,0.368,8,6,,
6/22/2023,high_9,T2,north,Collinsia parviflora,5,113.2,5,7.5,1.8,0.38,4,2.1,,
6/22/2023,high_9,T2,south,Collinsia parviflora,1,59.4,5,8.3,0.9,0.141,3,2.2,,
6/22/2023,high_9,T2,south,Collinsia parviflora,2,53,5,11.2,2.1,0.267,7,5.8,,
6/22/2023,high_9,T2,south,Collinsia parviflora,3,122.2,5,6.5,0.7,0.151,5,3.1,,
6/22/2023,high_9,T2,south,Collinsia parviflora,4,39,5,9.7,2.1,0.321,11,7.5,,
6/22/2023,high_9,T2,south,Collinsia parviflora,5,31.8,4,13.1,3.4,0.392,8,8.6,,
7/13/2023,low_east,T1,north,Alyssum desertorum,1,29.4,6,5.4,0.1,0.06,11,3.4,,
7/13/2023,low_east,T1,north,Alyssum desertorum,2,98.6,6,1.4,no leaves remaining,,no seeds remaining,,,
7/13/2023,low_east,T1,north,Alyssum desertorum,3,111.2,6,5.3,no leaves remaining,,no seeds remaining,,,
7/13/2023,low_east,T1,north,Alyssum desertorum,4,61.4,6,6.6,0.6,0.137,51,15.2,,
7/13/2023,low_east,T1,north,Alyssum desertorum,5,105.2,6,6.9,no leaves remaining,,21,8.1,,
7/13/2023,low_east,T1,south,Alyssum desertorum,1,57,6,8.6,0,0.029,38,14.5,,
7/13/2023,low_east,T1,south,Alyssum desertorum,2,39.8,6,8.9,0.7,0.104,28,13.9,,
7/13/2023,low_east,T1,south,Alyssum desertorum,3,61.2,6,7.5,no leaves remaining,,10,4.3,,
7/13/2023,low_east,T1,south,Alyssum desertorum,4,57.2,6,8.5,no leaves remaining,,9,3.1,,
7/13/2023,low_east,T1,south,Alyssum desertorum,5,56,6,6.5,no leaves remaining,,8,2.2,,
7/13/2023,low_east,T2,north,Alyssum desertorum,1,37.8,6,5,no leaves remaining,,7,1.4,,
7/13/2023,low_east,T2,north,Alyssum desertorum,2,46.6,6,6.3,no leaves remaining,,10,3.3,,
7/13/2023,low_east,T2,north,Alyssum desertorum,3,45.6,6,8.4,no leaves remaining,,23,7.6,,
7/13/2023,low_east,T2,north,Alyssum desertorum,4,66,6,3.8,no leaves remaining,,4,1.2,,
7/13/2023,low_east,T2,north,Alyssum desertorum,5,65,6,4.4,no leaves remaining,,3,0.1,,
7/13/2023,low_east,T2,south,Alyssum desertorum,1,78.8,6,5.4,no leaves remaining,,5,1.3,,
7/13/2023,low_east,T2,south,Alyssum desertorum,2,120,6,4.9,no leaves remaining,,4,1,,
7/13/2023,low_east,T2,south,Alyssum desertorum,3,104.2,6,3.3,no leaves remaining,,10,4,,
7/13/2023,low_east,T2,south,Alyssum desertorum,4,23.6,6,5.5,no leaves remaining,,12,4,,
7/13/2023,low_east,T2,south,Alyssum desertorum,5,27.2,6,5.4,no leaves remaining,,18,6.7,,
7/13/2023,high_10,T1,north,Polygonum aviculare,1,79.8,5,27,15.4,1.176,20,16.1,,
7/13/2023,high_10,T1,north,Polygonum aviculare,2,59.4,5,20.1,11.3,1.132,7,5.7,,
7/13/2023,high_10,T1,north,Polygonum aviculare,3,101.4,5,17.6,10.9,0.877,19,18.4,,
7/13/2023,high_10,T1,north,Polygonum aviculare,4,84.8,5,21.9,9.3,0.746,11,11.3,,
7/13/2023,high_10,T1,north,Polygonum aviculare,5,85.2,5,22.7,9.9,1.126,11,8.9,,
7/13/2023,high_10,T1,north,Cordylanthus sp.,1,48.6,1,5.9,5,0.597,not yet fruiting,,,
7/13/2023,high_10,T1,north,Cordylanthus sp.,2,69.2,1,11.4,4.8,0.607,not yet fruiting,,,
7/13/2023,high_10,T1,north,Cordylanthus sp.,3,102,1,13.4,7.5,0.728,not yet fruiting,,,
7/13/2023,high_10,T1,north,Cordylanthus sp.,4,91.2,1,6.3,1.7,0.193,not yet fruiting,,,
7/13/2023,high_10,T1,north,Cordylanthus sp.,5,82.4,1,15.5,6.5,0.593,not yet fruiting,,,
7/13/2023,high_10,T1,south,Polygonum aviculare,1,102.2,6,18.2,12.4,0.92,4,3.4,,
7/13/2023,high_10,T1,south,Polygonum aviculare,2,91.4,5,14.6,6.1,0.439,1,0.4,,
7/13/2023,high_10,T1,south,Polygonum aviculare,3,92.6,5,15.9,8,0.594,3,1.9,,
7/13/2023,high_10,T1,south,Polygonum aviculare,4,101.8,5,14.9,9.1,0.755,7,7.8,,
7/13/2023,high_10,T1,south,Polygonum aviculare,5,105.8,5,22,12.5,1.061,6,9,,
7/13/2023,high_10,T1,south,Cordylanthus sp.,1,40.2,1,3.6,1.5,0.181,not yet fruiting,,,
7/13/2023,high_10,T1,south,Cordylanthus sp.,2,34.2,1,8.3,4.3,0.425,not yet fruiting,,,
7/13/2023,high_10,T1,south,Cordylanthus sp.,3,51.2,1,8.5,3.2,0.268,not yet fruiting,,,
7/13/2023,high_10,T1,south,Cordylanthus sp.,4,52,1,8.4,1.8,0.227,not yet fruiting,,,
7/13/2023,high_10,T1,south,Cordylanthus sp.,5,35.8,1,19.9,7.2,0.84,not yet fruiting,,,
7/13/2023,high_10,T2,north,Polygonum aviculare,1,61.6,5,10.7,10.1,0.871,1,0.5,,
7/13/2023,high_10,T2,north,Polygonum aviculare,2,57.8,5,13.7,9.5,0.803,6,5.3,,
7/13/2023,high_10,T2,north,Polygonum aviculare,3,52.6,5,21.1,14.6,1.087,15,14.6,,
7/13/2023,high_10,T2,north,Polygonum aviculare,4,91.8,5,18.2,12,0.864,2,1.4,,
7/13/2023,high_10,T2,north,Polygonum aviculare,5,49,5,18.7,12.3,0.911,12,12.1,,
7/13/2023,high_10,T2,north,Cordylanthus sp.,1,38.2,1,9.6,3.6,0.614,not yet fruiting,,,
7/13/2023,high_10,T2,north,Cordylanthus sp.,2,85.4,2,11.5,4.1,0.596,not yet fruiting,,,
7/13/2023,high_10,T2,north,Cordylanthus sp.,3,84.2,1,13.4,5.6,0.588,not yet fruiting,,,
7/13/2023,high_10,T2,north,Cordylanthus sp.,4,96.8,1,12.8,1.1,0.133,not yet fruiting,,,
7/13/2023,high_10,T2,north,Cordylanthus sp.,5,30.2,1,8.2,4.1,0.529,not yet fruiting,,,
7/13/2023,high_10,T2,south,Polygonum aviculare,1,,,,,,,,,couldn't find any Polygonum in T2-S 
7/13/2023,high_10,T2,south,Polygonum aviculare,2,,,,,,,,,
7/13/2023,high_10,T2,south,Polygonum aviculare,3,,,,,,,,,
7/13/2023,high_10,T2,south,Polygonum aviculare,4,,,,,,,,,
7/13/2023,high_10,T2,south,Polygonum aviculare,5,,,,,,,,,
7/13/2023,high_10,T2,south,Cordylanthus sp.,1,99,1,19.1,5.8,0.61,no seeds,,,
7/13/2023,high_10,T2,south,Cordylanthus sp.,2,29.8,1,8.6,4.5,0.55,no seeds,,,
7/13/2023,high_10,T2,south,Cordylanthus sp.,3,90.4,1,20.8,7.6,0.565,no seeds,,,
7/13/2023,high_10,T2,south,Cordylanthus sp.,4,84.6,1,13.5,9.2,1.39,no seeds,,,three leaves but image of two merged together
7/13/2023,high_10,T2,south,Cordylanthus sp.,5,68.2,1,10.6,11,0.888,no seeds,,,
