Plot Title: HGshrub,,
#,"Date Time, GMT-06:00","Temp, °F (LGR S/N: 2006476, SEN S/N: 2006476)"
1,4/29/2024 19:00,61.227
2,4/30/2024 1:00,58.131
3,4/30/2024 7:00,57.268
4,4/30/2024 13:00,58.131
5,4/30/2024 19:00,59.851
6,5/1/2024 1:00,44.922
7,5/1/2024 7:00,33.607
8,5/1/2024 13:00,44.013
9,5/1/2024 19:00,43.099
10,5/2/2024 1:00,35.951
11,5/2/2024 7:00,33.607
12,5/2/2024 13:00,55.711
13,5/2/2024 19:00,48.871
14,5/3/2024 1:00,41.439
15,5/3/2024 7:00,37.107
16,5/3/2024 13:00,50.113
17,5/3/2024 19:00,50.29
18,5/4/2024 1:00,41.439
19,5/4/2024 7:00,37.87
20,5/4/2024 13:00,60.024
21,5/4/2024 19:00,53.274
22,5/5/2024 1:00,47.982
23,5/5/2024 7:00,45.828
24,5/5/2024 13:00,46.548
25,5/5/2024 19:00,45.828
26,5/6/2024 1:00,41.439
27,5/6/2024 7:00,40.509
28,5/6/2024 13:00,47.266
29,5/6/2024 19:00,46.008
30,5/7/2024 1:00,39.007
31,5/7/2024 7:00,37.679
32,5/7/2024 13:00,47.446
33,5/7/2024 19:00,45.648
34,5/8/2024 1:00,39.573
35,5/8/2024 7:00,38.44
36,5/8/2024 13:00,46.548
37,5/8/2024 19:00,47.982
38,5/9/2024 1:00,40.696
39,5/9/2024 7:00,39.384
40,5/9/2024 13:00,56.23
41,5/9/2024 19:00,52.925
42,5/10/2024 1:00,43.831
43,5/10/2024 7:00,40.509
44,5/10/2024 13:00,63.626
45,5/10/2024 19:00,60.883
46,5/11/2024 1:00,47.266
47,5/11/2024 7:00,43.466
48,5/11/2024 13:00,67.735
49,5/11/2024 19:00,60.712
50,5/12/2024 1:00,49.582
51,5/12/2024 7:00,45.828
52,5/12/2024 13:00,69.964
53,5/12/2024 19:00,63.626
54,5/13/2024 1:00,52.401
55,5/13/2024 7:00,48.16
56,5/13/2024 13:00,72.718
57,5/13/2024 19:00,58.82
58,5/14/2024 1:00,50.995
59,5/14/2024 7:00,47.266
60,5/14/2024 13:00,59.68
61,5/14/2024 19:00,56.057
62,5/15/2024 1:00,47.802
63,5/15/2024 7:00,46.548
64,5/15/2024 13:00,60.883
65,5/15/2024 19:00,58.993
66,5/16/2024 1:00,49.404
67,5/16/2024 7:00,46.728
68,5/16/2024 13:00,70.824
69,5/16/2024 19:00,64.825
70,5/17/2024 1:00,50.466
71,5/17/2024 7:00,46.548
72,5/17/2024 13:00,68.248
73,5/17/2024 19:00,60.368
74,5/18/2024 1:00,46.908
75,5/18/2024 7:00,42.179
76,5/18/2024 13:00,67.564
77,5/18/2024 19:00,58.993
78,5/19/2024 1:00,50.819
79,5/19/2024 7:00,44.922
80,5/19/2024 13:00,61.912
81,5/19/2024 19:00,55.537
82,5/20/2024 1:00,45.104
83,5/20/2024 7:00,42.548
84,5/20/2024 13:00,57.958
85,5/20/2024 19:00,52.05
86,5/21/2024 1:00,43.831
87,5/21/2024 7:00,41.067
88,5/21/2024 13:00,53.274
89,5/21/2024 19:00,54.669
90,5/22/2024 1:00,44.742
91,5/22/2024 7:00,44.922
92,5/22/2024 13:00,46.008
93,5/22/2024 19:00,49.582
94,5/23/2024 1:00,43.099
95,5/23/2024 7:00,40.881
96,5/23/2024 13:00,43.099
97,5/23/2024 19:00,49.404
98,5/24/2024 1:00,41.067
99,5/24/2024 7:00,38.629
100,5/24/2024 13:00,59.164
101,5/24/2024 19:00,54.495
102,5/25/2024 1:00,44.56
103,5/25/2024 7:00,42.363
104,5/25/2024 13:00,50.643
105,5/25/2024 19:00,46.008
106,5/26/2024 1:00,45.648
107,5/26/2024 7:00,41.625
108,5/26/2024 13:00,64.31
109,5/26/2024 19:00,62.254
110,5/27/2024 1:00,49.582
111,5/27/2024 7:00,44.195
112,5/27/2024 13:00,67.221
113,5/27/2024 19:00,64.139
114,5/28/2024 1:00,50.643
115,5/28/2024 7:00,47.266
116,5/28/2024 13:00,71.856
117,5/28/2024 19:00,63.797
118,5/29/2024 1:00,54.842
119,5/29/2024 7:00,51.172
120,5/29/2024 13:00,56.923
121,5/29/2024 19:00,53.1
122,5/30/2024 1:00,46.728
123,5/30/2024 7:00,43.282
124,5/30/2024 13:00,56.404
125,5/30/2024 19:00,56.577
126,5/31/2024 1:00,47.446
127,5/31/2024 7:00,42.915
128,5/31/2024 13:00,68.248
129,5/31/2024 19:00,64.31
130,6/1/2024 1:00,49.759
131,6/1/2024 7:00,46.369
132,6/1/2024 13:00,71.339
133,6/1/2024 19:00,62.769
134,6/2/2024 1:00,54.669
135,6/2/2024 7:00,51.699
136,6/2/2024 13:00,64.481
137,6/2/2024 19:00,61.741
138,6/3/2024 1:00,52.75
139,6/3/2024 7:00,52.05
140,6/3/2024 13:00,57.096
141,6/3/2024 19:00,60.712
142,6/4/2024 1:00,51.523
143,6/4/2024 7:00,45.828
144,6/4/2024 13:00,71.339
145,6/4/2024 19:00,64.481
146,6/5/2024 1:00,53.798
147,6/5/2024 7:00,49.582
148,6/5/2024 13:00,78.274
149,6/5/2024 19:00,71.683
150,6/6/2024 1:00,55.537
151,6/6/2024 7:00,51.172
152,6/6/2024 13:00,79.678
153,6/6/2024 19:00,68.763
154,6/7/2024 1:00,57.268
155,6/7/2024 7:00,53.623
156,6/7/2024 13:00,82.686
157,6/7/2024 19:00,72.891
158,6/8/2024 1:00,59.337
159,6/8/2024 7:00,54.495
160,6/8/2024 13:00,83.043
161,6/8/2024 19:00,75.312
162,6/9/2024 1:00,58.993
163,6/9/2024 7:00,56.404
164,6/9/2024 13:00,78.8
165,6/9/2024 19:00,63.797
166,6/10/2024 1:00,57.958
167,6/10/2024 7:00,54.842
168,6/10/2024 13:00,69.449
169,6/10/2024 19:00,69.449
170,6/11/2024 1:00,57.958
171,6/11/2024 7:00,53.449
172,6/11/2024 13:00,77.574
173,6/11/2024 19:00,70.48
174,6/12/2024 1:00,57.958
175,6/12/2024 7:00,53.274
176,6/12/2024 13:00,80.382
177,6/12/2024 19:00,73.234
178,6/13/2024 1:00,56.577
179,6/13/2024 7:00,52.05
180,6/13/2024 13:00,81.797
181,6/13/2024 19:00,75.139
182,6/14/2024 1:00,61.569
183,6/14/2024 7:00,58.647
184,6/14/2024 13:00,83.399
185,6/14/2024 19:00,74.964
186,6/15/2024 1:00,59.851
187,6/15/2024 7:00,56.577
188,6/15/2024 13:00,77.225
189,6/15/2024 19:00,66.537
190,6/16/2024 1:00,54.495
191,6/16/2024 7:00,49.05
192,6/16/2024 13:00,77.923
193,6/16/2024 19:00,69.622
194,6/17/2024 1:00,57.096
195,6/17/2024 7:00,54.495
196,6/17/2024 13:00,55.189
197,6/17/2024 19:00,54.147
198,6/18/2024 1:00,46.908
199,6/18/2024 7:00,43.831
200,6/18/2024 13:00,63.968
201,6/18/2024 19:00,61.227
202,6/19/2024 1:00,46.369
203,6/19/2024 7:00,43.466
204,6/19/2024 13:00,74.446
205,6/19/2024 19:00,68.592
206,6/20/2024 1:00,49.937
207,6/20/2024 7:00,46.548
208,6/20/2024 13:00,80.911
209,6/20/2024 19:00,76.703
210,6/21/2024 1:00,55.884
211,6/21/2024 7:00,51.874
212,6/21/2024 13:00,83.399
213,6/21/2024 19:00,73.926
214,6/22/2024 1:00,57.785
215,6/22/2024 7:00,53.973
216,6/22/2024 13:00,87.004
217,6/22/2024 19:00,78.8
218,6/23/2024 1:00,59.851
219,6/23/2024 7:00,56.577
220,6/23/2024 13:00,89.755
221,6/23/2024 19:00,80.911
222,6/24/2024 1:00,60.195
223,6/24/2024 7:00,57.096
224,6/24/2024 13:00,90.867
225,6/24/2024 19:00,79.326
226,6/25/2024 1:00,60.883
227,6/25/2024 7:00,56.75
228,6/25/2024 13:00,92.363
229,6/25/2024 19:00,82.686
230,6/26/2024 1:00,62.254
231,6/26/2024 7:00,58.303
232,6/26/2024 13:00,70.48
233,6/26/2024 19:00,73.58
234,6/27/2024 1:00,60.368
235,6/27/2024 7:00,58.131
236,6/27/2024 13:00,77.574
237,6/27/2024 19:00,73.58
238,6/28/2024 1:00,56.057
239,6/28/2024 7:00,50.819
240,6/28/2024 13:00,77.574
241,6/28/2024 19:00,71.339
242,6/29/2024 1:00,56.23
243,6/29/2024 7:00,53.1
244,6/29/2024 13:00,86.277
245,6/29/2024 19:00,80.911
246,6/30/2024 1:00,63.455
247,6/30/2024 7:00,59.337
248,6/30/2024 13:00,90.124
249,6/30/2024 19:00,79.326
250,7/1/2024 1:00,64.139
251,7/1/2024 7:00,59.68
252,7/1/2024 13:00,72.199
253,7/1/2024 19:00,59.68
254,7/2/2024 1:00,55.711
255,7/2/2024 7:00,50.643
256,7/2/2024 13:00,75.139
257,7/2/2024 19:00,71.683
258,7/3/2024 1:00,57.958
259,7/3/2024 7:00,53.449
260,7/3/2024 13:00,74.446
261,7/3/2024 19:00,68.592
262,7/4/2024 1:00,55.364
263,7/4/2024 7:00,51.523
264,7/4/2024 13:00,75.484
265,7/4/2024 19:00,73.062
266,7/5/2024 1:00,56.923
267,7/5/2024 7:00,52.401
268,7/5/2024 13:00,82.864
269,7/5/2024 19:00,78.098
270,7/6/2024 1:00,59.68
271,7/6/2024 7:00,54.322
272,7/6/2024 13:00,87.733
273,7/6/2024 19:00,76.006
274,7/7/2024 1:00,56.923
275,7/7/2024 7:00,54.495
276,7/7/2024 13:00,85.014
277,7/7/2024 19:00,78.098
278,7/8/2024 1:00,59.337
279,7/8/2024 7:00,55.884
280,7/8/2024 13:00,92.55
281,7/8/2024 19:00,83.221
282,7/9/2024 1:00,62.769
283,7/9/2024 7:00,58.647
284,7/9/2024 13:00,109.18
285,7/9/2024 19:00,103.307
286,7/10/2024 1:00,73.407
287,7/10/2024 7:00,61.227
288,7/10/2024 13:00,98.699
289,7/10/2024 19:00,77.4
290,7/11/2024 1:00,76.876
291,7/11/2024 7:00,74.271
292,7/11/2024 13:00,75.484
293,7/11/2024 19:00,77.574
294,7/12/2024 1:00,77.225
295,7/12/2024 7:00,74.791
296,7/12/2024 13:00,75.832
297,7/12/2024 19:00,78.098
298,7/13/2024 1:00,77.749
299,7/13/2024 7:00,75.484
300,7/13/2024 13:00,76.181
301,7/13/2024 19:00,78.274
302,7/14/2024 1:00,77.749
303,7/14/2024 7:00,76.876
304,7/14/2024 13:00,77.749
305,7/14/2024 19:00,79.326
306,7/15/2024 1:00,78.975
307,7/15/2024 7:00,77.05
308,7/15/2024 13:00,77.749
309,7/15/2024 19:00,78.624
310,7/16/2024 1:00,78.098
311,7/16/2024 7:00,75.832
312,7/16/2024 13:00,76.181
313,7/16/2024 19:00,77.574
314,7/17/2024 1:00,77.05
315,7/17/2024 7:00,74.964
316,7/17/2024 13:00,76.181
317,7/17/2024 19:00,78.098
318,7/18/2024 1:00,76.876
319,7/18/2024 7:00,74.964
320,7/18/2024 13:00,75.659
321,7/18/2024 19:00,77.923
322,7/19/2024 1:00,77.05
323,7/19/2024 7:00,75.312
324,7/19/2024 13:00,76.876
325,7/19/2024 19:00,78.274
326,7/20/2024 1:00,77.4
327,7/20/2024 7:00,75.139
328,7/20/2024 13:00,76.006
329,7/20/2024 19:00,78.098
330,7/21/2024 1:00,77.749
331,7/21/2024 7:00,75.659
332,7/21/2024 13:00,76.354
333,7/21/2024 19:00,78.624
334,7/22/2024 1:00,78.274
335,7/22/2024 7:00,76.354
336,7/22/2024 13:00,77.225
337,7/22/2024 19:00,78.8
338,7/23/2024 1:00,77.574
339,7/23/2024 7:00,74.619
340,7/23/2024 13:00,76.006
341,7/23/2024 19:00,77.923
342,7/24/2024 1:00,77.225
343,7/24/2024 7:00,75.312
344,7/24/2024 13:00,76.181
345,7/24/2024 19:00,77.923
346,7/25/2024 1:00,77.4
347,7/25/2024 7:00,76.181
348,7/25/2024 13:00,76.876
349,7/25/2024 19:00,77.574
350,7/26/2024 1:00,76.354
351,7/26/2024 7:00,74.619
352,7/26/2024 13:00,75.312
353,7/26/2024 19:00,76.876
354,7/27/2024 1:00,75.832
355,7/27/2024 7:00,74.098
356,7/27/2024 13:00,72.891
357,7/27/2024 19:00,74.098
358,7/28/2024 1:00,72.718
359,7/28/2024 7:00,71.512
360,7/28/2024 13:00,72.545
361,7/28/2024 19:00,74.791
362,7/29/2024 1:00,74.098
363,7/29/2024 7:00,72.199
364,7/29/2024 13:00,73.753
365,7/29/2024 19:00,75.139
366,7/30/2024 1:00,74.098
367,7/30/2024 7:00,72.028
368,7/30/2024 13:00,73.407
369,7/30/2024 19:00,75.312
370,7/31/2024 1:00,73.926
371,7/31/2024 7:00,72.372
372,7/31/2024 13:00,73.234
373,7/31/2024 19:00,75.139
374,8/1/2024 1:00,74.098
375,8/1/2024 7:00,72.028
376,8/1/2024 13:00,73.062
377,8/1/2024 19:00,75.139
378,8/2/2024 1:00,74.964
379,8/2/2024 7:00,73.062
380,8/2/2024 13:00,74.098
381,8/2/2024 19:00,76.006
382,8/3/2024 1:00,75.832
383,8/3/2024 7:00,74.098
384,8/3/2024 13:00,75.139
385,8/3/2024 19:00,77.574
386,8/4/2024 1:00,77.574
387,8/4/2024 7:00,75.832
388,8/4/2024 13:00,76.181
389,8/4/2024 19:00,77.749
390,8/5/2024 1:00,77.4
391,8/5/2024 7:00,75.659
392,8/5/2024 13:00,76.354
393,8/5/2024 19:00,78.098
394,8/6/2024 1:00,77.05
395,8/6/2024 7:00,75.659
396,8/6/2024 13:00,76.354
397,8/6/2024 19:00,77.749
398,8/7/2024 1:00,76.876
399,8/7/2024 7:00,74.791
400,8/7/2024 13:00,75.484
401,8/7/2024 19:00,76.703
402,8/8/2024 1:00,75.832
403,8/8/2024 7:00,72.891
404,8/8/2024 13:00,73.58
405,8/8/2024 19:00,75.832
406,8/9/2024 1:00,75.139
407,8/9/2024 7:00,73.234
408,8/9/2024 13:00,73.753
409,8/9/2024 19:00,74.098
410,8/10/2024 1:00,70.824
411,8/10/2024 7:00,69.964
412,8/10/2024 13:00,71.168
413,8/10/2024 19:00,73.926
414,8/11/2024 1:00,73.926
415,8/11/2024 7:00,72.199
416,8/11/2024 13:00,72.545
417,8/11/2024 19:00,74.791
418,8/12/2024 1:00,74.619
419,8/12/2024 7:00,73.407
420,8/12/2024 13:00,74.098
421,8/12/2024 19:00,75.484
422,8/13/2024 1:00,70.824
423,8/13/2024 7:00,69.107
424,8/13/2024 13:00,74.964
425,8/13/2024 19:00,74.098
426,8/14/2024 1:00,69.107
427,8/14/2024 7:00,67.392
428,8/14/2024 13:00,76.181
429,8/14/2024 19:00,75.484
430,8/15/2024 1:00,70.48
431,8/15/2024 7:00,67.735
432,8/15/2024 13:00,74.098
433,8/15/2024 19:00,75.832
434,8/16/2024 1:00,70.48
435,8/16/2024 7:00,67.735
436,8/16/2024 13:00,74.446
437,8/16/2024 19:00,76.006
438,8/17/2024 1:00,71.683
439,8/17/2024 7:00,68.421
440,8/17/2024 13:00,75.832
441,8/17/2024 19:00,73.062
442,8/18/2024 1:00,69.793
443,8/18/2024 7:00,68.421
444,8/18/2024 13:00,74.619
445,8/18/2024 19:00,77.749
446,8/19/2024 1:00,71.683
447,8/19/2024 7:00,69.793
448,8/19/2024 13:00,74.791
449,8/19/2024 19:00,76.876
450,8/20/2024 1:00,73.407
451,8/20/2024 7:00,70.824
452,8/20/2024 13:00,76.006
453,8/20/2024 19:00,77.05
454,8/21/2024 1:00,72.891
455,8/21/2024 7:00,68.934
456,8/21/2024 13:00,74.619
457,8/21/2024 19:00,75.832
458,8/22/2024 1:00,70.137
459,8/22/2024 7:00,67.564
460,8/22/2024 13:00,73.58
461,8/22/2024 19:00,76.181
462,8/23/2024 1:00,71.512
463,8/23/2024 7:00,69.107
464,8/23/2024 13:00,75.312
