Plot Title: HNopen,,
#,"Date Time, GMT-07:00","Temp, °F (LGR S/N: 2002220, SEN S/N: 2002220)"
1,11/18/2023 15:00,43.648
2,11/18/2023 21:00,33.805
3,11/19/2023 3:00,34.394
4,11/19/2023 9:00,35.564
5,11/19/2023 15:00,38.25
6,11/19/2023 21:00,34.198
7,11/20/2023 3:00,31.816
8,11/20/2023 9:00,30.808
9,11/20/2023 15:00,37.488
10,11/20/2023 21:00,32.018
11,11/21/2023 3:00,30.198
12,11/21/2023 9:00,29.79
13,11/21/2023 15:00,33.607
14,11/21/2023 21:00,31.012
15,11/22/2023 3:00,29.79
16,11/22/2023 9:00,29.174
17,11/22/2023 15:00,32.815
18,11/22/2023 21:00,31.816
19,11/23/2023 3:00,31.617
20,11/23/2023 9:00,31.415
21,11/23/2023 15:00,32.418
22,11/23/2023 21:00,31.816
23,11/24/2023 3:00,31.617
24,11/24/2023 9:00,31.415
25,11/24/2023 15:00,31.816
26,11/24/2023 21:00,30.198
27,11/25/2023 3:00,28.555
28,11/25/2023 9:00,27.091
29,11/25/2023 15:00,32.018
30,11/25/2023 21:00,29.586
31,11/26/2023 3:00,28.346
32,11/26/2023 9:00,27.93
33,11/26/2023 15:00,29.379
34,11/26/2023 21:00,27.93
35,11/27/2023 3:00,27.091
36,11/27/2023 9:00,26.881
37,11/27/2023 15:00,30.808
38,11/27/2023 21:00,25.174
39,11/28/2023 3:00,22.33
40,11/28/2023 9:00,21.884
41,11/28/2023 15:00,32.218
42,11/28/2023 21:00,28.139
43,11/29/2023 3:00,23.216
44,11/29/2023 9:00,22.552
45,11/29/2023 15:00,31.816
46,11/29/2023 21:00,27.091
47,11/30/2023 3:00,24.31
48,11/30/2023 9:00,21.884
49,11/30/2023 15:00,30.198
50,11/30/2023 21:00,26.881
51,12/1/2023 3:00,25.819
52,12/1/2023 9:00,24.526
53,12/1/2023 15:00,27.93
54,12/1/2023 21:00,27.93
55,12/2/2023 3:00,27.93
56,12/2/2023 9:00,27.511
57,12/2/2023 15:00,28.346
58,12/2/2023 21:00,28.555
59,12/3/2023 3:00,26.031
60,12/3/2023 9:00,26.245
61,12/3/2023 15:00,28.762
62,12/3/2023 21:00,28.969
63,12/4/2023 3:00,28.969
64,12/4/2023 9:00,29.379
65,12/4/2023 15:00,30.403
66,12/4/2023 21:00,30.607
67,12/5/2023 3:00,30.808
68,12/5/2023 9:00,31.012
69,12/5/2023 15:00,31.617
70,12/5/2023 21:00,31.617
71,12/6/2023 3:00,31.617
72,12/6/2023 9:00,31.617
73,12/6/2023 15:00,32.218
74,12/6/2023 21:00,31.816
75,12/7/2023 3:00,31.816
76,12/7/2023 9:00,31.816
77,12/7/2023 15:00,31.816
78,12/7/2023 21:00,31.415
79,12/8/2023 3:00,31.415
80,12/8/2023 9:00,31.012
81,12/8/2023 15:00,31.012
82,12/8/2023 21:00,29.995
83,12/9/2023 3:00,28.346
84,12/9/2023 9:00,26.031
85,12/9/2023 15:00,28.555
86,12/9/2023 21:00,27.721
87,12/10/2023 3:00,27.511
88,12/10/2023 9:00,27.721
89,12/10/2023 15:00,28.969
90,12/10/2023 21:00,29.174
91,12/11/2023 3:00,29.379
92,12/11/2023 9:00,29.586
93,12/11/2023 15:00,30.403
94,12/11/2023 21:00,30.198
95,12/12/2023 3:00,29.79
96,12/12/2023 9:00,29.174
97,12/12/2023 15:00,30.403
98,12/12/2023 21:00,29.586
99,12/13/2023 3:00,28.555
100,12/13/2023 9:00,27.721
101,12/13/2023 15:00,29.995
102,12/13/2023 21:00,29.174
103,12/14/2023 3:00,27.93
104,12/14/2023 9:00,26.668
105,12/14/2023 15:00,29.379
106,12/14/2023 21:00,28.139
107,12/15/2023 3:00,27.091
108,12/15/2023 9:00,26.458
109,12/15/2023 15:00,29.379
110,12/15/2023 21:00,28.346
111,12/16/2023 3:00,27.511
112,12/16/2023 9:00,26.881
113,12/16/2023 15:00,29.174
114,12/16/2023 21:00,27.93
115,12/17/2023 3:00,27.091
116,12/17/2023 9:00,26.245
117,12/17/2023 15:00,29.174
118,12/17/2023 21:00,28.139
119,12/18/2023 3:00,27.091
120,12/18/2023 9:00,26.881
121,12/18/2023 15:00,29.174
122,12/18/2023 21:00,28.969
123,12/19/2023 3:00,28.555
124,12/19/2023 9:00,28.969
125,12/19/2023 15:00,30.403
126,12/19/2023 21:00,29.79
127,12/20/2023 3:00,29.379
128,12/20/2023 9:00,29.79
129,12/20/2023 15:00,31.012
130,12/20/2023 21:00,31.617
131,12/21/2023 3:00,31.012
132,12/21/2023 9:00,30.607
133,12/21/2023 15:00,32.018
134,12/21/2023 21:00,32.018
135,12/22/2023 3:00,32.018
136,12/22/2023 9:00,32.018
137,12/22/2023 15:00,32.018
138,12/22/2023 21:00,32.018
139,12/23/2023 3:00,32.018
140,12/23/2023 9:00,32.018
141,12/23/2023 15:00,32.018
142,12/23/2023 21:00,32.018
143,12/24/2023 3:00,31.816
144,12/24/2023 9:00,31.617
145,12/24/2023 15:00,31.816
146,12/24/2023 21:00,31.415
147,12/25/2023 3:00,30.607
148,12/25/2023 9:00,30.607
149,12/25/2023 15:00,31.213
150,12/25/2023 21:00,29.586
151,12/26/2023 3:00,28.346
152,12/26/2023 9:00,27.511
153,12/26/2023 15:00,29.379
154,12/26/2023 21:00,28.555
155,12/27/2023 3:00,28.346
156,12/27/2023 9:00,28.346
157,12/27/2023 15:00,29.379
158,12/27/2023 21:00,28.346
159,12/28/2023 3:00,28.346
160,12/28/2023 9:00,27.93
161,12/28/2023 15:00,30.198
162,12/28/2023 21:00,28.762
163,12/29/2023 3:00,27.93
164,12/29/2023 9:00,27.511
165,12/29/2023 15:00,30.198
166,12/29/2023 21:00,29.586
167,12/30/2023 3:00,28.346
168,12/30/2023 9:00,27.721
169,12/30/2023 15:00,30.403
170,12/30/2023 21:00,30.198
171,12/31/2023 3:00,28.969
172,12/31/2023 9:00,27.93
173,12/31/2023 15:00,30.808
174,12/31/2023 21:00,29.379
175,1/1/2024 3:00,27.091
176,1/1/2024 9:00,25.819
177,1/1/2024 15:00,30.198
178,1/1/2024 21:00,28.346
179,1/2/2024 3:00,26.031
180,1/2/2024 9:00,25.39
181,1/2/2024 15:00,29.379
182,1/2/2024 21:00,27.091
183,1/3/2024 3:00,25.174
184,1/3/2024 9:00,24.31
185,1/3/2024 15:00,28.139
186,1/3/2024 21:00,27.511
187,1/4/2024 3:00,27.511
188,1/4/2024 9:00,27.091
189,1/4/2024 15:00,29.586
190,1/4/2024 21:00,29.174
191,1/5/2024 3:00,28.555
192,1/5/2024 9:00,28.139
193,1/5/2024 15:00,29.79
194,1/5/2024 21:00,27.302
195,1/6/2024 3:00,24.526
196,1/6/2024 9:00,24.96
197,1/6/2024 15:00,26.458
198,1/6/2024 21:00,26.245
199,1/7/2024 3:00,26.881
200,1/7/2024 9:00,26.881
201,1/7/2024 15:00,27.721
202,1/7/2024 21:00,27.511
203,1/8/2024 3:00,26.881
204,1/8/2024 9:00,26.245
205,1/8/2024 15:00,26.881
206,1/8/2024 21:00,26.881
207,1/9/2024 3:00,26.881
208,1/9/2024 9:00,27.091
209,1/9/2024 15:00,27.511
210,1/9/2024 21:00,27.511
211,1/10/2024 3:00,27.721
212,1/10/2024 9:00,27.511
213,1/10/2024 15:00,27.93
214,1/10/2024 21:00,28.139
215,1/11/2024 3:00,28.139
216,1/11/2024 9:00,27.721
217,1/11/2024 15:00,27.93
218,1/11/2024 21:00,28.139
219,1/12/2024 3:00,28.139
220,1/12/2024 9:00,28.139
221,1/12/2024 15:00,28.346
222,1/12/2024 21:00,28.139
223,1/13/2024 3:00,27.302
224,1/13/2024 9:00,26.668
225,1/13/2024 15:00,26.668
226,1/13/2024 21:00,26.458
227,1/14/2024 3:00,26.245
228,1/14/2024 9:00,26.031
229,1/14/2024 15:00,26.458
230,1/14/2024 21:00,26.881
231,1/15/2024 3:00,26.881
232,1/15/2024 9:00,26.458
233,1/15/2024 15:00,26.668
234,1/15/2024 21:00,26.668
235,1/16/2024 3:00,26.031
236,1/16/2024 9:00,25.605
237,1/16/2024 15:00,26.031
238,1/16/2024 21:00,26.031
239,1/17/2024 3:00,26.031
240,1/17/2024 9:00,26.245
241,1/17/2024 15:00,26.881
242,1/17/2024 21:00,27.302
243,1/18/2024 3:00,27.302
244,1/18/2024 9:00,27.511
245,1/18/2024 15:00,27.721
246,1/18/2024 21:00,27.93
247,1/19/2024 3:00,27.93
248,1/19/2024 9:00,28.139
249,1/19/2024 15:00,28.555
250,1/19/2024 21:00,28.762
251,1/20/2024 3:00,28.762
252,1/20/2024 9:00,28.762
253,1/20/2024 15:00,29.174
254,1/20/2024 21:00,29.379
255,1/21/2024 3:00,29.586
256,1/21/2024 9:00,29.586
257,1/21/2024 15:00,29.79
258,1/21/2024 21:00,29.79
259,1/22/2024 3:00,29.995
260,1/22/2024 9:00,29.995
261,1/22/2024 15:00,30.198
262,1/22/2024 21:00,30.198
263,1/23/2024 3:00,30.403
264,1/23/2024 9:00,30.403
265,1/23/2024 15:00,30.403
266,1/23/2024 21:00,30.607
267,1/24/2024 3:00,30.607
268,1/24/2024 9:00,30.607
269,1/24/2024 15:00,30.808
270,1/24/2024 21:00,30.808
271,1/25/2024 3:00,30.808
272,1/25/2024 9:00,30.808
273,1/25/2024 15:00,30.808
274,1/25/2024 21:00,30.808
275,1/26/2024 3:00,30.808
276,1/26/2024 9:00,30.607
277,1/26/2024 15:00,30.403
278,1/26/2024 21:00,30.403
279,1/27/2024 3:00,30.403
280,1/27/2024 9:00,30.403
281,1/27/2024 15:00,30.607
282,1/27/2024 21:00,30.607
283,1/28/2024 3:00,30.607
284,1/28/2024 9:00,30.808
285,1/28/2024 15:00,30.808
286,1/28/2024 21:00,31.012
287,1/29/2024 3:00,31.012
288,1/29/2024 9:00,31.012
289,1/29/2024 15:00,32.018
290,1/29/2024 21:00,31.816
291,1/30/2024 3:00,31.816
292,1/30/2024 9:00,31.816
293,1/30/2024 15:00,31.816
294,1/30/2024 21:00,31.816
295,1/31/2024 3:00,31.816
296,1/31/2024 9:00,31.816
297,1/31/2024 15:00,31.816
298,1/31/2024 21:00,31.816
299,2/1/2024 3:00,31.816
300,2/1/2024 9:00,31.816
301,2/1/2024 15:00,31.816
302,2/1/2024 21:00,31.816
303,2/2/2024 3:00,31.816
304,2/2/2024 9:00,31.816
305,2/2/2024 15:00,31.816
306,2/2/2024 21:00,31.816
307,2/3/2024 3:00,31.816
308,2/3/2024 9:00,31.816
309,2/3/2024 15:00,31.816
310,2/3/2024 21:00,31.816
311,2/4/2024 3:00,31.816
312,2/4/2024 9:00,31.816
313,2/4/2024 15:00,31.816
314,2/4/2024 21:00,31.816
315,2/5/2024 3:00,31.816
316,2/5/2024 9:00,31.816
317,2/5/2024 15:00,31.816
318,2/5/2024 21:00,31.816
319,2/6/2024 3:00,31.816
320,2/6/2024 9:00,31.816
321,2/6/2024 15:00,31.816
322,2/6/2024 21:00,31.816
323,2/7/2024 3:00,31.816
324,2/7/2024 9:00,31.816
325,2/7/2024 15:00,31.816
326,2/7/2024 21:00,31.816
327,2/8/2024 3:00,31.816
328,2/8/2024 9:00,31.816
329,2/8/2024 15:00,31.816
330,2/8/2024 21:00,31.816
331,2/9/2024 3:00,31.816
332,2/9/2024 9:00,31.816
333,2/9/2024 15:00,31.816
334,2/9/2024 21:00,31.816
335,2/10/2024 3:00,31.816
336,2/10/2024 9:00,31.816
337,2/10/2024 15:00,31.816
338,2/10/2024 21:00,31.816
339,2/11/2024 3:00,31.816
340,2/11/2024 9:00,31.816
341,2/11/2024 15:00,31.816
342,2/11/2024 21:00,31.816
343,2/12/2024 3:00,31.816
344,2/12/2024 9:00,31.816
345,2/12/2024 15:00,31.816
346,2/12/2024 21:00,31.816
347,2/13/2024 3:00,31.816
348,2/13/2024 9:00,31.816
349,2/13/2024 15:00,31.816
350,2/13/2024 21:00,31.816
351,2/14/2024 3:00,31.816
352,2/14/2024 9:00,31.816
353,2/14/2024 15:00,31.816
354,2/14/2024 21:00,31.816
355,2/15/2024 3:00,31.816
356,2/15/2024 9:00,31.816
357,2/15/2024 15:00,31.816
358,2/15/2024 21:00,31.816
359,2/16/2024 3:00,31.816
360,2/16/2024 9:00,31.816
361,2/16/2024 15:00,31.816
362,2/16/2024 21:00,31.816
363,2/17/2024 3:00,31.816
364,2/17/2024 9:00,31.816
365,2/17/2024 15:00,31.617
366,2/17/2024 21:00,31.617
367,2/18/2024 3:00,31.617
368,2/18/2024 9:00,31.415
369,2/18/2024 15:00,31.415
370,2/18/2024 21:00,31.415
371,2/19/2024 3:00,31.415
372,2/19/2024 9:00,31.415
373,2/19/2024 15:00,31.415
374,2/19/2024 21:00,31.617
375,2/20/2024 3:00,31.617
376,2/20/2024 9:00,31.617
377,2/20/2024 15:00,31.617
378,2/20/2024 21:00,31.617
379,2/21/2024 3:00,31.617
380,2/21/2024 9:00,31.617
381,2/21/2024 15:00,31.617
382,2/21/2024 21:00,31.617
383,2/22/2024 3:00,31.816
384,2/22/2024 9:00,31.617
385,2/22/2024 15:00,31.617
386,2/22/2024 21:00,31.617
387,2/23/2024 3:00,31.617
388,2/23/2024 9:00,31.617
389,2/23/2024 15:00,31.617
390,2/23/2024 21:00,31.617
391,2/24/2024 3:00,31.617
392,2/24/2024 9:00,31.617
393,2/24/2024 15:00,31.617
394,2/24/2024 21:00,31.617
395,2/25/2024 3:00,31.617
396,2/25/2024 9:00,31.617
397,2/25/2024 15:00,31.617
398,2/25/2024 21:00,31.617
399,2/26/2024 3:00,31.617
400,2/26/2024 9:00,31.617
401,2/26/2024 15:00,31.617
402,2/26/2024 21:00,31.617
403,2/27/2024 3:00,31.617
404,2/27/2024 9:00,31.617
405,2/27/2024 15:00,31.617
406,2/27/2024 21:00,31.415
407,2/28/2024 3:00,31.415
408,2/28/2024 9:00,31.213
409,2/28/2024 15:00,31.213
410,2/28/2024 21:00,31.213
411,2/29/2024 3:00,31.213
412,2/29/2024 9:00,31.213
413,2/29/2024 15:00,31.213
414,2/29/2024 21:00,31.213
415,3/1/2024 3:00,31.415
416,3/1/2024 9:00,31.415
417,3/1/2024 15:00,31.415
418,3/1/2024 21:00,31.415
419,3/2/2024 3:00,31.617
420,3/2/2024 9:00,31.617
421,3/2/2024 15:00,31.617
422,3/2/2024 21:00,31.617
423,3/3/2024 3:00,31.617
424,3/3/2024 9:00,31.617
425,3/3/2024 15:00,31.617
426,3/3/2024 21:00,31.617
427,3/4/2024 3:00,31.617
428,3/4/2024 9:00,31.415
429,3/4/2024 15:00,31.415
430,3/4/2024 21:00,31.415
431,3/5/2024 3:00,31.415
432,3/5/2024 9:00,31.415
433,3/5/2024 15:00,31.415
434,3/5/2024 21:00,31.415
435,3/6/2024 3:00,31.415
436,3/6/2024 9:00,31.415
437,3/6/2024 15:00,31.415
438,3/6/2024 21:00,31.415
439,3/7/2024 3:00,31.617
440,3/7/2024 9:00,31.415
441,3/7/2024 15:00,31.617
442,3/7/2024 21:00,31.617
443,3/8/2024 3:00,31.617
444,3/8/2024 9:00,31.415
445,3/8/2024 15:00,31.415
446,3/8/2024 21:00,31.415
447,3/9/2024 3:00,31.415
448,3/9/2024 9:00,31.415
449,3/9/2024 15:00,31.415
450,3/9/2024 21:00,31.415
451,3/10/2024 3:00,31.415
452,3/10/2024 9:00,31.415
453,3/10/2024 15:00,31.415
454,3/10/2024 21:00,31.415
455,3/11/2024 3:00,31.415
456,3/11/2024 9:00,31.415
457,3/11/2024 15:00,31.415
458,3/11/2024 21:00,31.617
459,3/12/2024 3:00,31.617
460,3/12/2024 9:00,31.617
461,3/12/2024 15:00,31.617
462,3/12/2024 21:00,31.617
463,3/13/2024 3:00,31.617
464,3/13/2024 9:00,31.617
465,3/13/2024 15:00,31.617
466,3/13/2024 21:00,31.816
467,3/14/2024 3:00,31.816
468,3/14/2024 9:00,31.816
469,3/14/2024 15:00,31.816
470,3/14/2024 21:00,31.816
471,3/15/2024 3:00,31.617
472,3/15/2024 9:00,31.816
473,3/15/2024 15:00,31.617
474,3/15/2024 21:00,31.617
475,3/16/2024 3:00,31.617
476,3/16/2024 9:00,31.617
477,3/16/2024 15:00,31.617
478,3/16/2024 21:00,31.816
479,3/17/2024 3:00,31.816
480,3/17/2024 9:00,31.816
481,3/17/2024 15:00,31.816
482,3/17/2024 21:00,31.816
483,3/18/2024 3:00,31.816
484,3/18/2024 9:00,31.816
485,3/18/2024 15:00,31.816
486,3/18/2024 21:00,31.816
487,3/19/2024 3:00,31.816
488,3/19/2024 9:00,31.816
489,3/19/2024 15:00,31.816
490,3/19/2024 21:00,31.816
491,3/20/2024 3:00,31.816
492,3/20/2024 9:00,31.816
493,3/20/2024 15:00,31.816
494,3/20/2024 21:00,31.816
495,3/21/2024 3:00,31.816
496,3/21/2024 9:00,31.816
497,3/21/2024 15:00,31.816
498,3/21/2024 21:00,31.816
499,3/22/2024 3:00,31.816
500,3/22/2024 9:00,31.816
501,3/22/2024 15:00,31.816
502,3/22/2024 21:00,31.816
503,3/23/2024 3:00,31.816
504,3/23/2024 9:00,31.816
505,3/23/2024 15:00,32.018
506,3/23/2024 21:00,31.816
507,3/24/2024 3:00,31.816
508,3/24/2024 9:00,31.816
509,3/24/2024 15:00,31.816
510,3/24/2024 21:00,31.816
511,3/25/2024 3:00,32.018
512,3/25/2024 9:00,31.816
513,3/25/2024 15:00,32.018
514,3/25/2024 21:00,32.018
515,3/26/2024 3:00,31.816
516,3/26/2024 9:00,32.018
517,3/26/2024 15:00,32.018
518,3/26/2024 21:00,32.018
519,3/27/2024 3:00,32.018
520,3/27/2024 9:00,32.018
521,3/27/2024 15:00,32.018
522,3/27/2024 21:00,32.018
523,3/28/2024 3:00,32.018
524,3/28/2024 9:00,32.018
525,3/28/2024 15:00,32.018
526,3/28/2024 21:00,31.816
527,3/29/2024 3:00,31.816
528,3/29/2024 9:00,31.816
529,3/29/2024 15:00,31.816
530,3/29/2024 21:00,32.018
531,3/30/2024 3:00,31.816
532,3/30/2024 9:00,31.816
533,3/30/2024 15:00,32.018
534,3/30/2024 21:00,32.018
535,3/31/2024 3:00,31.816
536,3/31/2024 9:00,32.018
537,3/31/2024 15:00,32.018
538,3/31/2024 21:00,32.018
539,4/1/2024 3:00,32.018
540,4/1/2024 9:00,31.816
541,4/1/2024 15:00,32.018
542,4/1/2024 21:00,32.018
543,4/2/2024 3:00,32.018
544,4/2/2024 9:00,32.018
545,4/2/2024 15:00,32.018
546,4/2/2024 21:00,31.816
547,4/3/2024 3:00,32.018
548,4/3/2024 9:00,32.018
549,4/3/2024 15:00,32.018
550,4/3/2024 21:00,32.018
551,4/4/2024 3:00,32.018
552,4/4/2024 9:00,32.018
553,4/4/2024 15:00,32.018
554,4/4/2024 21:00,32.018
555,4/5/2024 3:00,32.018
556,4/5/2024 9:00,32.018
557,4/5/2024 15:00,32.218
558,4/5/2024 21:00,32.018
559,4/6/2024 3:00,32.018
560,4/6/2024 9:00,32.018
561,4/6/2024 15:00,32.218
562,4/6/2024 21:00,32.218
563,4/7/2024 3:00,32.018
564,4/7/2024 9:00,32.018
565,4/7/2024 15:00,44.195
566,4/7/2024 21:00,37.488
567,4/8/2024 3:00,34.002
568,4/8/2024 9:00,33.013
569,4/8/2024 15:00,53.274
570,4/8/2024 21:00,40.509
571,4/9/2024 3:00,34.786
572,4/9/2024 9:00,33.805
573,4/9/2024 15:00,55.537
574,4/9/2024 21:00,41.994
575,4/10/2024 3:00,35.564
576,4/10/2024 9:00,34.198
577,4/10/2024 15:00,59.68
578,4/10/2024 21:00,44.013
579,4/11/2024 3:00,36.531
580,4/11/2024 9:00,34.981
581,4/11/2024 15:00,56.75
582,4/11/2024 21:00,44.379
583,4/12/2024 3:00,37.679
584,4/12/2024 9:00,41.439
585,4/12/2024 15:00,55.017
586,4/12/2024 21:00,47.266
587,4/13/2024 3:00,40.696
588,4/13/2024 9:00,44.195
589,4/13/2024 15:00,64.139
590,4/13/2024 21:00,49.937
591,4/14/2024 3:00,41.067
592,4/14/2024 9:00,44.56
593,4/14/2024 15:00,64.481
594,4/14/2024 21:00,49.759
595,4/15/2024 3:00,44.742
596,4/15/2024 9:00,44.56
597,4/15/2024 15:00,58.647
598,4/15/2024 21:00,47.982
599,4/16/2024 3:00,40.509
600,4/16/2024 9:00,43.831
601,4/16/2024 15:00,53.1
602,4/16/2024 21:00,45.286
603,4/17/2024 3:00,40.321
604,4/17/2024 9:00,40.321
605,4/17/2024 15:00,54.147
606,4/17/2024 21:00,40.134
607,4/18/2024 3:00,34.981
608,4/18/2024 9:00,33.805
609,4/18/2024 15:00,56.923
610,4/18/2024 21:00,40.696
611,4/19/2024 3:00,34.981
612,4/19/2024 9:00,34.002
613,4/19/2024 15:00,57.268
614,4/19/2024 21:00,41.81
615,4/20/2024 3:00,35.564
616,4/20/2024 9:00,34.394
617,4/20/2024 15:00,62.769
618,4/20/2024 21:00,47.266
619,4/21/2024 3:00,38.44
620,4/21/2024 9:00,41.067
621,4/21/2024 15:00,55.189
622,4/21/2024 21:00,45.648
623,4/22/2024 3:00,38.44
624,4/22/2024 9:00,40.696
625,4/22/2024 15:00,62.425
626,4/22/2024 21:00,48.339
627,4/23/2024 3:00,39.007
628,4/23/2024 9:00,41.439
629,4/23/2024 15:00,63.968
630,4/23/2024 21:00,49.404
631,4/24/2024 3:00,41.254
632,4/24/2024 9:00,46.369
633,4/24/2024 15:00,67.221
634,4/24/2024 21:00,53.798
635,4/25/2024 3:00,47.266
636,4/25/2024 9:00,47.446
637,4/25/2024 15:00,61.227
