Plot Title: HNshrub,,
#,"Date Time, GMT-07:00","Temp, °F (LGR S/N: 2006483, SEN S/N: 2006483)"
1,11/18/2023 15:00,37.87
2,11/18/2023 21:00,34.198
3,11/19/2023 3:00,34.59
4,11/19/2023 9:00,35.758
5,11/19/2023 15:00,37.87
6,11/19/2023 21:00,34.981
7,11/20/2023 3:00,33.411
8,11/20/2023 9:00,32.617
9,11/20/2023 15:00,33.213
10,11/20/2023 21:00,32.418
11,11/21/2023 3:00,31.617
12,11/21/2023 9:00,31.617
13,11/21/2023 15:00,32.418
14,11/21/2023 21:00,31.816
15,11/22/2023 3:00,31.012
16,11/22/2023 9:00,31.012
17,11/22/2023 15:00,32.218
18,11/22/2023 21:00,32.218
19,11/23/2023 3:00,32.218
20,11/23/2023 9:00,32.018
21,11/23/2023 15:00,32.418
22,11/23/2023 21:00,32.418
23,11/24/2023 3:00,32.218
24,11/24/2023 9:00,32.018
25,11/24/2023 15:00,32.218
26,11/24/2023 21:00,31.213
27,11/25/2023 3:00,30.607
28,11/25/2023 9:00,29.79
29,11/25/2023 15:00,31.415
30,11/25/2023 21:00,29.995
31,11/26/2023 3:00,29.995
32,11/26/2023 9:00,29.995
33,11/26/2023 15:00,30.808
34,11/26/2023 21:00,30.198
35,11/27/2023 3:00,29.79
36,11/27/2023 9:00,29.79
37,11/27/2023 15:00,31.617
38,11/27/2023 21:00,28.762
39,11/28/2023 3:00,27.511
40,11/28/2023 9:00,27.091
41,11/28/2023 15:00,30.607
42,11/28/2023 21:00,28.139
43,11/29/2023 3:00,26.668
44,11/29/2023 9:00,26.458
45,11/29/2023 15:00,30.198
46,11/29/2023 21:00,27.511
47,11/30/2023 3:00,26.881
48,11/30/2023 9:00,25.605
49,11/30/2023 15:00,30.198
50,11/30/2023 21:00,28.346
51,12/1/2023 3:00,28.139
52,12/1/2023 9:00,27.302
53,12/1/2023 15:00,29.586
54,12/1/2023 21:00,29.79
55,12/2/2023 3:00,29.79
56,12/2/2023 9:00,29.586
57,12/2/2023 15:00,30.198
58,12/2/2023 21:00,30.198
59,12/3/2023 3:00,28.969
60,12/3/2023 9:00,28.762
61,12/3/2023 15:00,30.403
62,12/3/2023 21:00,30.607
63,12/4/2023 3:00,30.607
64,12/4/2023 9:00,30.808
65,12/4/2023 15:00,31.415
66,12/4/2023 21:00,31.617
67,12/5/2023 3:00,31.816
68,12/5/2023 9:00,31.816
69,12/5/2023 15:00,32.018
70,12/5/2023 21:00,32.018
71,12/6/2023 3:00,32.218
72,12/6/2023 9:00,32.218
73,12/6/2023 15:00,32.218
74,12/6/2023 21:00,32.218
75,12/7/2023 3:00,32.218
76,12/7/2023 9:00,32.218
77,12/7/2023 15:00,32.218
78,12/7/2023 21:00,31.816
79,12/8/2023 3:00,31.816
80,12/8/2023 9:00,31.415
81,12/8/2023 15:00,31.213
82,12/8/2023 21:00,30.403
83,12/9/2023 3:00,29.174
84,12/9/2023 9:00,28.139
85,12/9/2023 15:00,29.379
86,12/9/2023 21:00,29.379
87,12/10/2023 3:00,29.174
88,12/10/2023 9:00,29.379
89,12/10/2023 15:00,30.403
90,12/10/2023 21:00,30.607
91,12/11/2023 3:00,30.607
92,12/11/2023 9:00,30.808
93,12/11/2023 15:00,31.213
94,12/11/2023 21:00,31.213
95,12/12/2023 3:00,30.808
96,12/12/2023 9:00,30.198
97,12/12/2023 15:00,31.012
98,12/12/2023 21:00,30.403
99,12/13/2023 3:00,29.586
100,12/13/2023 9:00,28.969
101,12/13/2023 15:00,30.403
102,12/13/2023 21:00,30.198
103,12/14/2023 3:00,29.379
104,12/14/2023 9:00,28.346
105,12/14/2023 15:00,30.198
106,12/14/2023 21:00,29.586
107,12/15/2023 3:00,28.555
108,12/15/2023 9:00,28.139
109,12/15/2023 15:00,30.198
110,12/15/2023 21:00,29.79
111,12/16/2023 3:00,28.969
112,12/16/2023 9:00,28.139
113,12/16/2023 15:00,30.403
114,12/16/2023 21:00,29.379
115,12/17/2023 3:00,28.139
116,12/17/2023 9:00,27.302
117,12/17/2023 15:00,30.198
118,12/17/2023 21:00,29.174
119,12/18/2023 3:00,27.721
120,12/18/2023 9:00,27.721
121,12/18/2023 15:00,30.403
122,12/18/2023 21:00,30.198
123,12/19/2023 3:00,29.586
124,12/19/2023 9:00,29.995
125,12/19/2023 15:00,31.415
126,12/19/2023 21:00,31.415
127,12/20/2023 3:00,30.403
128,12/20/2023 9:00,30.808
129,12/20/2023 15:00,31.816
130,12/20/2023 21:00,32.218
131,12/21/2023 3:00,31.213
132,12/21/2023 9:00,31.213
133,12/21/2023 15:00,32.018
134,12/21/2023 21:00,32.418
135,12/22/2023 3:00,32.418
136,12/22/2023 9:00,32.418
137,12/22/2023 15:00,32.418
138,12/22/2023 21:00,32.418
139,12/23/2023 3:00,32.418
140,12/23/2023 9:00,32.418
141,12/23/2023 15:00,32.418
142,12/23/2023 21:00,32.218
143,12/24/2023 3:00,31.816
144,12/24/2023 9:00,30.808
145,12/24/2023 15:00,31.213
146,12/24/2023 21:00,30.198
147,12/25/2023 3:00,28.969
148,12/25/2023 9:00,28.969
149,12/25/2023 15:00,29.586
150,12/25/2023 21:00,27.93
151,12/26/2023 3:00,26.668
152,12/26/2023 9:00,26.031
153,12/26/2023 15:00,28.346
154,12/26/2023 21:00,28.139
155,12/27/2023 3:00,28.139
156,12/27/2023 9:00,28.346
157,12/27/2023 15:00,29.379
158,12/27/2023 21:00,28.555
159,12/28/2023 3:00,28.555
160,12/28/2023 9:00,28.555
161,12/28/2023 15:00,30.198
162,12/28/2023 21:00,29.379
163,12/29/2023 3:00,28.555
164,12/29/2023 9:00,28.346
165,12/29/2023 15:00,30.607
166,12/29/2023 21:00,30.607
167,12/30/2023 3:00,29.174
168,12/30/2023 9:00,28.762
169,12/30/2023 15:00,30.808
170,12/30/2023 21:00,30.808
171,12/31/2023 3:00,29.586
172,12/31/2023 9:00,28.969
173,12/31/2023 15:00,31.012
174,12/31/2023 21:00,29.379
175,1/1/2024 3:00,27.721
176,1/1/2024 9:00,26.668
177,1/1/2024 15:00,30.808
178,1/1/2024 21:00,28.762
179,1/2/2024 3:00,26.668
180,1/2/2024 9:00,26.458
181,1/2/2024 15:00,30.403
182,1/2/2024 21:00,28.139
183,1/3/2024 3:00,26.245
184,1/3/2024 9:00,25.605
185,1/3/2024 15:00,29.174
186,1/3/2024 21:00,28.346
187,1/4/2024 3:00,28.555
188,1/4/2024 9:00,28.346
189,1/4/2024 15:00,30.607
190,1/4/2024 21:00,29.995
191,1/5/2024 3:00,29.379
192,1/5/2024 9:00,29.174
193,1/5/2024 15:00,30.403
194,1/5/2024 21:00,27.721
195,1/6/2024 3:00,25.605
196,1/6/2024 9:00,26.245
197,1/6/2024 15:00,28.139
198,1/6/2024 21:00,27.93
199,1/7/2024 3:00,28.346
200,1/7/2024 9:00,28.346
201,1/7/2024 15:00,28.555
202,1/7/2024 21:00,27.93
203,1/8/2024 3:00,26.668
204,1/8/2024 9:00,25.605
205,1/8/2024 15:00,27.302
206,1/8/2024 21:00,27.511
207,1/9/2024 3:00,27.511
208,1/9/2024 9:00,27.721
209,1/9/2024 15:00,27.93
210,1/9/2024 21:00,28.346
211,1/10/2024 3:00,28.555
212,1/10/2024 9:00,28.555
213,1/10/2024 15:00,28.762
214,1/10/2024 21:00,28.555
215,1/11/2024 3:00,28.139
216,1/11/2024 9:00,27.93
217,1/11/2024 15:00,28.555
218,1/11/2024 21:00,28.555
219,1/12/2024 3:00,28.139
220,1/12/2024 9:00,27.511
221,1/12/2024 15:00,27.091
222,1/12/2024 21:00,25.605
223,1/13/2024 3:00,23.655
224,1/13/2024 9:00,23.436
225,1/13/2024 15:00,24.744
226,1/13/2024 21:00,25.605
227,1/14/2024 3:00,26.245
228,1/14/2024 9:00,26.031
229,1/14/2024 15:00,26.458
230,1/14/2024 21:00,26.881
231,1/15/2024 3:00,26.458
232,1/15/2024 9:00,24.744
233,1/15/2024 15:00,25.39
234,1/15/2024 21:00,25.39
235,1/16/2024 3:00,24.96
236,1/16/2024 9:00,25.174
237,1/16/2024 15:00,25.819
238,1/16/2024 21:00,26.031
239,1/17/2024 3:00,26.245
240,1/17/2024 9:00,26.668
241,1/17/2024 15:00,27.302
242,1/17/2024 21:00,27.511
243,1/18/2024 3:00,27.721
244,1/18/2024 9:00,27.721
245,1/18/2024 15:00,27.93
246,1/18/2024 21:00,28.346
247,1/19/2024 3:00,28.346
248,1/19/2024 9:00,28.555
249,1/19/2024 15:00,28.969
250,1/19/2024 21:00,29.174
251,1/20/2024 3:00,29.379
252,1/20/2024 9:00,29.379
253,1/20/2024 15:00,29.995
254,1/20/2024 21:00,30.403
255,1/21/2024 3:00,30.607
256,1/21/2024 9:00,30.607
257,1/21/2024 15:00,30.808
258,1/21/2024 21:00,30.808
259,1/22/2024 3:00,31.012
260,1/22/2024 9:00,31.012
261,1/22/2024 15:00,31.213
262,1/22/2024 21:00,31.213
263,1/23/2024 3:00,31.213
264,1/23/2024 9:00,31.213
265,1/23/2024 15:00,31.415
266,1/23/2024 21:00,31.816
267,1/24/2024 3:00,32.018
268,1/24/2024 9:00,32.018
269,1/24/2024 15:00,31.816
270,1/24/2024 21:00,31.816
271,1/25/2024 3:00,31.816
272,1/25/2024 9:00,31.816
273,1/25/2024 15:00,31.816
274,1/25/2024 21:00,31.816
275,1/26/2024 3:00,31.816
276,1/26/2024 9:00,31.415
277,1/26/2024 15:00,31.213
278,1/26/2024 21:00,31.213
279,1/27/2024 3:00,31.213
280,1/27/2024 9:00,31.012
281,1/27/2024 15:00,31.213
282,1/27/2024 21:00,31.213
283,1/28/2024 3:00,31.213
284,1/28/2024 9:00,31.213
285,1/28/2024 15:00,31.415
286,1/28/2024 21:00,31.816
287,1/29/2024 3:00,32.018
288,1/29/2024 9:00,32.018
289,1/29/2024 15:00,32.018
290,1/29/2024 21:00,32.018
291,1/30/2024 3:00,32.218
292,1/30/2024 9:00,32.218
293,1/30/2024 15:00,32.218
294,1/30/2024 21:00,32.218
295,1/31/2024 3:00,32.218
296,1/31/2024 9:00,32.018
297,1/31/2024 15:00,32.218
298,1/31/2024 21:00,32.218
299,2/1/2024 3:00,32.018
300,2/1/2024 9:00,31.816
301,2/1/2024 15:00,32.218
302,2/1/2024 21:00,32.218
303,2/2/2024 3:00,32.218
304,2/2/2024 9:00,32.218
305,2/2/2024 15:00,32.218
306,2/2/2024 21:00,32.218
307,2/3/2024 3:00,32.218
308,2/3/2024 9:00,32.218
309,2/3/2024 15:00,32.218
310,2/3/2024 21:00,32.218
311,2/4/2024 3:00,32.218
312,2/4/2024 9:00,32.218
313,2/4/2024 15:00,32.218
314,2/4/2024 21:00,32.218
315,2/5/2024 3:00,32.218
316,2/5/2024 9:00,32.218
317,2/5/2024 15:00,32.218
318,2/5/2024 21:00,32.218
319,2/6/2024 3:00,32.218
320,2/6/2024 9:00,32.218
321,2/6/2024 15:00,32.218
322,2/6/2024 21:00,32.218
323,2/7/2024 3:00,32.218
324,2/7/2024 9:00,32.218
325,2/7/2024 15:00,32.218
326,2/7/2024 21:00,32.218
327,2/8/2024 3:00,32.218
328,2/8/2024 9:00,32.218
329,2/8/2024 15:00,32.218
330,2/8/2024 21:00,32.218
331,2/9/2024 3:00,32.218
332,2/9/2024 9:00,32.218
333,2/9/2024 15:00,32.218
334,2/9/2024 21:00,32.218
335,2/10/2024 3:00,32.218
336,2/10/2024 9:00,32.218
337,2/10/2024 15:00,32.218
338,2/10/2024 21:00,32.218
339,2/11/2024 3:00,32.218
340,2/11/2024 9:00,32.218
341,2/11/2024 15:00,32.218
342,2/11/2024 21:00,32.018
343,2/12/2024 3:00,32.018
344,2/12/2024 9:00,32.018
345,2/12/2024 15:00,32.018
346,2/12/2024 21:00,32.018
347,2/13/2024 3:00,32.018
348,2/13/2024 9:00,32.018
349,2/13/2024 15:00,32.018
350,2/13/2024 21:00,31.816
351,2/14/2024 3:00,31.816
352,2/14/2024 9:00,31.816
353,2/14/2024 15:00,31.816
354,2/14/2024 21:00,31.816
355,2/15/2024 3:00,31.816
356,2/15/2024 9:00,31.816
357,2/15/2024 15:00,31.816
358,2/15/2024 21:00,32.018
359,2/16/2024 3:00,32.018
360,2/16/2024 9:00,32.018
361,2/16/2024 15:00,31.617
362,2/16/2024 21:00,31.415
363,2/17/2024 3:00,31.213
364,2/17/2024 9:00,31.012
365,2/17/2024 15:00,31.012
366,2/17/2024 21:00,31.012
367,2/18/2024 3:00,31.012
368,2/18/2024 9:00,31.012
369,2/18/2024 15:00,31.213
370,2/18/2024 21:00,31.415
371,2/19/2024 3:00,31.617
372,2/19/2024 9:00,31.617
373,2/19/2024 15:00,31.617
374,2/19/2024 21:00,31.816
375,2/20/2024 3:00,31.816
376,2/20/2024 9:00,31.816
377,2/20/2024 15:00,31.816
378,2/20/2024 21:00,32.018
379,2/21/2024 3:00,32.018
380,2/21/2024 9:00,32.018
381,2/21/2024 15:00,32.018
382,2/21/2024 21:00,32.018
383,2/22/2024 3:00,32.018
384,2/22/2024 9:00,32.018
385,2/22/2024 15:00,32.018
386,2/22/2024 21:00,32.018
387,2/23/2024 3:00,32.018
388,2/23/2024 9:00,31.816
389,2/23/2024 15:00,31.816
390,2/23/2024 21:00,31.816
391,2/24/2024 3:00,31.617
392,2/24/2024 9:00,31.617
393,2/24/2024 15:00,31.617
394,2/24/2024 21:00,31.816
395,2/25/2024 3:00,31.816
396,2/25/2024 9:00,31.816
397,2/25/2024 15:00,31.816
398,2/25/2024 21:00,31.816
399,2/26/2024 3:00,32.018
400,2/26/2024 9:00,32.018
401,2/26/2024 15:00,32.018
402,2/26/2024 21:00,32.018
403,2/27/2024 3:00,31.816
404,2/27/2024 9:00,31.617
405,2/27/2024 15:00,31.415
406,2/27/2024 21:00,31.415
407,2/28/2024 3:00,31.213
408,2/28/2024 9:00,31.012
409,2/28/2024 15:00,31.012
410,2/28/2024 21:00,31.213
411,2/29/2024 3:00,31.213
412,2/29/2024 9:00,31.213
413,2/29/2024 15:00,31.213
414,2/29/2024 21:00,31.415
415,3/1/2024 3:00,31.617
416,3/1/2024 9:00,31.617
417,3/1/2024 15:00,31.617
418,3/1/2024 21:00,31.816
419,3/2/2024 3:00,31.816
420,3/2/2024 9:00,31.816
421,3/2/2024 15:00,31.816
422,3/2/2024 21:00,32.018
423,3/3/2024 3:00,32.018
424,3/3/2024 9:00,32.018
425,3/3/2024 15:00,31.816
426,3/3/2024 21:00,31.816
427,3/4/2024 3:00,31.816
428,3/4/2024 9:00,31.816
429,3/4/2024 15:00,31.816
430,3/4/2024 21:00,31.816
431,3/5/2024 3:00,31.816
432,3/5/2024 9:00,31.816
433,3/5/2024 15:00,31.816
434,3/5/2024 21:00,31.816
435,3/6/2024 3:00,31.816
436,3/6/2024 9:00,31.816
437,3/6/2024 15:00,31.816
438,3/6/2024 21:00,31.816
439,3/7/2024 3:00,31.816
440,3/7/2024 9:00,31.816
441,3/7/2024 15:00,31.816
442,3/7/2024 21:00,32.018
443,3/8/2024 3:00,31.816
444,3/8/2024 9:00,31.816
445,3/8/2024 15:00,31.816
446,3/8/2024 21:00,31.816
447,3/9/2024 3:00,31.816
448,3/9/2024 9:00,31.816
449,3/9/2024 15:00,31.816
450,3/9/2024 21:00,31.816
451,3/10/2024 3:00,31.816
452,3/10/2024 9:00,31.816
453,3/10/2024 15:00,31.816
454,3/10/2024 21:00,31.816
455,3/11/2024 3:00,31.816
456,3/11/2024 9:00,31.816
457,3/11/2024 15:00,31.816
458,3/11/2024 21:00,31.816
459,3/12/2024 3:00,32.018
460,3/12/2024 9:00,32.018
461,3/12/2024 15:00,32.018
462,3/12/2024 21:00,32.018
463,3/13/2024 3:00,32.018
464,3/13/2024 9:00,32.018
465,3/13/2024 15:00,32.018
466,3/13/2024 21:00,32.018
467,3/14/2024 3:00,32.018
468,3/14/2024 9:00,32.218
469,3/14/2024 15:00,32.018
470,3/14/2024 21:00,32.218
471,3/15/2024 3:00,32.218
472,3/15/2024 9:00,32.218
473,3/15/2024 15:00,32.018
474,3/15/2024 21:00,32.018
475,3/16/2024 3:00,32.018
476,3/16/2024 9:00,32.018
477,3/16/2024 15:00,32.018
478,3/16/2024 21:00,32.218
479,3/17/2024 3:00,32.218
480,3/17/2024 9:00,32.218
481,3/17/2024 15:00,32.218
482,3/17/2024 21:00,32.218
483,3/18/2024 3:00,32.218
484,3/18/2024 9:00,32.218
485,3/18/2024 15:00,32.218
486,3/18/2024 21:00,32.218
487,3/19/2024 3:00,32.218
488,3/19/2024 9:00,32.218
489,3/19/2024 15:00,32.218
490,3/19/2024 21:00,32.218
491,3/20/2024 3:00,32.218
492,3/20/2024 9:00,32.218
493,3/20/2024 15:00,32.218
494,3/20/2024 21:00,32.218
495,3/21/2024 3:00,32.218
496,3/21/2024 9:00,32.218
497,3/21/2024 15:00,32.218
498,3/21/2024 21:00,32.218
499,3/22/2024 3:00,32.218
500,3/22/2024 9:00,32.418
501,3/22/2024 15:00,32.418
502,3/22/2024 21:00,32.418
503,3/23/2024 3:00,32.418
504,3/23/2024 9:00,32.418
505,3/23/2024 15:00,32.418
506,3/23/2024 21:00,32.218
507,3/24/2024 3:00,32.418
508,3/24/2024 9:00,32.418
509,3/24/2024 15:00,32.418
510,3/24/2024 21:00,32.218
511,3/25/2024 3:00,32.418
512,3/25/2024 9:00,32.418
513,3/25/2024 15:00,32.418
514,3/25/2024 21:00,32.418
515,3/26/2024 3:00,32.218
516,3/26/2024 9:00,32.218
517,3/26/2024 15:00,32.418
518,3/26/2024 21:00,32.218
519,3/27/2024 3:00,32.418
520,3/27/2024 9:00,32.218
521,3/27/2024 15:00,32.218
522,3/27/2024 21:00,32.418
523,3/28/2024 3:00,32.418
524,3/28/2024 9:00,32.418
525,3/28/2024 15:00,32.418
526,3/28/2024 21:00,32.418
527,3/29/2024 3:00,32.418
528,3/29/2024 9:00,32.418
529,3/29/2024 15:00,32.418
530,3/29/2024 21:00,32.418
531,3/30/2024 3:00,32.418
532,3/30/2024 9:00,32.418
533,3/30/2024 15:00,32.218
534,3/30/2024 21:00,32.418
535,3/31/2024 3:00,32.418
536,3/31/2024 9:00,32.418
537,3/31/2024 15:00,32.418
538,3/31/2024 21:00,32.418
539,4/1/2024 3:00,32.418
540,4/1/2024 9:00,32.418
541,4/1/2024 15:00,32.418
542,4/1/2024 21:00,32.418
543,4/2/2024 3:00,32.418
544,4/2/2024 9:00,32.418
545,4/2/2024 15:00,32.418
546,4/2/2024 21:00,32.418
547,4/3/2024 3:00,32.418
548,4/3/2024 9:00,32.418
549,4/3/2024 15:00,32.418
550,4/3/2024 21:00,32.418
551,4/4/2024 3:00,32.418
552,4/4/2024 9:00,32.418
553,4/4/2024 15:00,36.723
554,4/4/2024 21:00,32.617
555,4/5/2024 3:00,32.418
556,4/5/2024 9:00,32.617
557,4/5/2024 15:00,34.59
558,4/5/2024 21:00,32.617
559,4/6/2024 3:00,32.418
560,4/6/2024 9:00,32.418
561,4/6/2024 15:00,35.175
562,4/6/2024 21:00,33.013
563,4/7/2024 3:00,32.418
564,4/7/2024 9:00,32.418
565,4/7/2024 15:00,39.384
566,4/7/2024 21:00,34.786
567,4/8/2024 3:00,33.013
568,4/8/2024 9:00,32.617
569,4/8/2024 15:00,40.134
570,4/8/2024 21:00,36.914
571,4/9/2024 3:00,33.411
572,4/9/2024 9:00,33.013
573,4/9/2024 15:00,46.369
574,4/9/2024 21:00,39.007
575,4/10/2024 3:00,34.394
576,4/10/2024 9:00,33.607
577,4/10/2024 15:00,46.188
578,4/10/2024 21:00,40.509
579,4/11/2024 3:00,35.37
580,4/11/2024 9:00,34.198
581,4/11/2024 15:00,46.548
582,4/11/2024 21:00,40.881
583,4/12/2024 3:00,36.723
584,4/12/2024 9:00,37.679
585,4/12/2024 15:00,47.802
586,4/12/2024 21:00,44.922
587,4/13/2024 3:00,40.509
588,4/13/2024 9:00,40.509
589,4/13/2024 15:00,54.322
590,4/13/2024 21:00,47.802
591,4/14/2024 3:00,41.439
592,4/14/2024 9:00,41.254
593,4/14/2024 15:00,55.537
594,4/14/2024 21:00,47.802
595,4/15/2024 3:00,44.013
596,4/15/2024 9:00,43.831
597,4/15/2024 15:00,52.75
598,4/15/2024 21:00,46.369
599,4/16/2024 3:00,41.254
600,4/16/2024 9:00,40.881
601,4/16/2024 15:00,49.759
602,4/16/2024 21:00,44.742
603,4/17/2024 3:00,40.881
604,4/17/2024 9:00,38.818
605,4/17/2024 15:00,46.369
606,4/17/2024 21:00,39.007
607,4/18/2024 3:00,35.37
608,4/18/2024 9:00,34.394
609,4/18/2024 15:00,44.922
610,4/18/2024 21:00,38.818
611,4/19/2024 3:00,35.175
612,4/19/2024 9:00,34.198
613,4/19/2024 15:00,46.369
614,4/19/2024 21:00,39.76
615,4/20/2024 3:00,35.564
616,4/20/2024 9:00,34.59
617,4/20/2024 15:00,49.759
618,4/20/2024 21:00,44.379
619,4/21/2024 3:00,38.25
620,4/21/2024 9:00,39.76
621,4/21/2024 15:00,49.937
622,4/21/2024 21:00,44.56
623,4/22/2024 3:00,39.384
624,4/22/2024 9:00,38.061
625,4/22/2024 15:00,52.925
626,4/22/2024 21:00,46.548
627,4/23/2024 3:00,39.384
628,4/23/2024 9:00,39.76
629,4/23/2024 15:00,56.23
630,4/23/2024 21:00,47.624
631,4/24/2024 3:00,41.625
632,4/24/2024 9:00,43.099
633,4/24/2024 15:00,58.476
634,4/24/2024 21:00,51.523
635,4/25/2024 3:00,46.728
636,4/25/2024 9:00,47.088
637,4/25/2024 15:00,61.398
