Plot Title: LGcage,,
#,"Date Time, GMT-06:00","Temp, °F (LGR S/N: 21780490, SEN S/N: 21780490)"
1,4/29/2024 19:00,60.539
2,4/30/2024 1:00,57.785
3,4/30/2024 7:00,56.923
4,4/30/2024 13:00,57.096
5,4/30/2024 19:00,49.582
6,5/1/2024 1:00,39.947
7,5/1/2024 7:00,35.175
8,5/1/2024 13:00,46.548
9,5/1/2024 19:00,45.286
10,5/2/2024 1:00,36.145
11,5/2/2024 7:00,33.805
12,5/2/2024 13:00,51.874
13,5/2/2024 19:00,50.29
14,5/3/2024 1:00,41.81
15,5/3/2024 7:00,36.914
16,5/3/2024 13:00,53.798
17,5/3/2024 19:00,53.274
18,5/4/2024 1:00,43.099
19,5/4/2024 7:00,37.488
20,5/4/2024 13:00,56.923
21,5/4/2024 19:00,57.958
22,5/5/2024 1:00,49.759
23,5/5/2024 7:00,47.266
24,5/5/2024 13:00,48.339
25,5/5/2024 19:00,47.802
26,5/6/2024 1:00,41.81
27,5/6/2024 7:00,40.134
28,5/6/2024 13:00,50.29
29,5/6/2024 19:00,53.623
30,5/7/2024 1:00,41.439
31,5/7/2024 7:00,38.818
32,5/7/2024 13:00,51.699
33,5/7/2024 19:00,48.517
34,5/8/2024 1:00,40.696
35,5/8/2024 7:00,38.629
36,5/8/2024 13:00,50.113
37,5/8/2024 19:00,50.643
38,5/9/2024 1:00,41.81
39,5/9/2024 7:00,39.947
40,5/9/2024 13:00,58.131
41,5/9/2024 19:00,58.303
42,5/10/2024 1:00,46.008
43,5/10/2024 7:00,41.625
44,5/10/2024 13:00,63.111
45,5/10/2024 19:00,64.825
46,5/11/2024 1:00,49.759
47,5/11/2024 7:00,43.466
48,5/11/2024 13:00,66.022
49,5/11/2024 19:00,67.906
50,5/12/2024 1:00,51.346
51,5/12/2024 7:00,46.188
52,5/12/2024 13:00,68.421
53,5/12/2024 19:00,67.392
54,5/13/2024 1:00,53.973
55,5/13/2024 7:00,48.517
56,5/13/2024 13:00,69.107
57,5/13/2024 19:00,63.282
58,5/14/2024 1:00,52.05
59,5/14/2024 7:00,46.548
60,5/14/2024 13:00,58.993
61,5/14/2024 19:00,60.539
62,5/15/2024 1:00,49.582
63,5/15/2024 7:00,46.728
64,5/15/2024 13:00,67.906
65,5/15/2024 19:00,67.735
66,5/16/2024 1:00,53.274
67,5/16/2024 7:00,48.16
68,5/16/2024 13:00,69.622
69,5/16/2024 19:00,67.564
70,5/17/2024 1:00,54.322
71,5/17/2024 7:00,47.982
72,5/17/2024 13:00,68.077
73,5/17/2024 19:00,65.167
74,5/18/2024 1:00,49.759
75,5/18/2024 7:00,43.099
76,5/18/2024 13:00,64.825
77,5/18/2024 19:00,64.652
78,5/19/2024 1:00,54.147
79,5/19/2024 7:00,47.266
80,5/19/2024 13:00,66.879
81,5/19/2024 19:00,60.539
82,5/20/2024 1:00,48.517
83,5/20/2024 7:00,45.104
84,5/20/2024 13:00,59.337
85,5/20/2024 19:00,54.322
86,5/21/2024 1:00,44.56
87,5/21/2024 7:00,40.321
88,5/21/2024 13:00,54.495
89,5/21/2024 19:00,60.712
90,5/22/2024 1:00,47.446
91,5/22/2024 7:00,46.369
92,5/22/2024 13:00,47.802
93,5/22/2024 19:00,52.576
94,5/23/2024 1:00,44.379
95,5/23/2024 7:00,40.509
96,5/23/2024 13:00,45.286
97,5/23/2024 19:00,52.925
98,5/24/2024 1:00,42.363
99,5/24/2024 7:00,37.679
100,5/24/2024 13:00,59.508
101,5/24/2024 19:00,59.508
102,5/25/2024 1:00,47.266
103,5/25/2024 7:00,42.179
104,5/25/2024 13:00,54.669
105,5/25/2024 19:00,60.712
106,5/26/2024 1:00,49.759
107,5/26/2024 7:00,42.915
108,5/26/2024 13:00,62.598
109,5/26/2024 19:00,63.111
110,5/27/2024 1:00,50.113
111,5/27/2024 7:00,44.742
112,5/27/2024 13:00,67.735
113,5/27/2024 19:00,69.793
114,5/28/2024 1:00,53.623
115,5/28/2024 7:00,47.802
116,5/28/2024 13:00,71.683
117,5/28/2024 19:00,69.964
118,5/29/2024 1:00,57.958
119,5/29/2024 7:00,52.75
120,5/29/2024 13:00,63.455
121,5/29/2024 19:00,56.923
122,5/30/2024 1:00,47.446
123,5/30/2024 7:00,42.179
124,5/30/2024 13:00,62.425
125,5/30/2024 19:00,65.509
126,5/31/2024 1:00,49.582
127,5/31/2024 7:00,43.282
128,5/31/2024 13:00,67.564
129,5/31/2024 19:00,68.592
130,6/1/2024 1:00,52.576
131,6/1/2024 7:00,46.369
132,6/1/2024 13:00,69.449
133,6/1/2024 19:00,68.421
134,6/2/2024 1:00,57.958
135,6/2/2024 7:00,53.449
136,6/2/2024 13:00,65.851
137,6/2/2024 19:00,69.449
138,6/3/2024 1:00,57.441
139,6/3/2024 7:00,54.669
140,6/3/2024 13:00,61.398
141,6/3/2024 19:00,64.139
142,6/4/2024 1:00,54.495
143,6/4/2024 7:00,47.624
144,6/4/2024 13:00,70.995
145,6/4/2024 19:00,71.168
146,6/5/2024 1:00,58.82
147,6/5/2024 7:00,52.401
148,6/5/2024 13:00,75.312
149,6/5/2024 19:00,77.225
150,6/6/2024 1:00,60.883
151,6/6/2024 7:00,53.973
152,6/6/2024 13:00,77.4
153,6/6/2024 19:00,77.225
154,6/7/2024 1:00,62.94
155,6/7/2024 7:00,56.577
156,6/7/2024 13:00,79.853
157,6/7/2024 19:00,78.274
158,6/8/2024 1:00,63.111
159,6/8/2024 7:00,56.057
160,6/8/2024 13:00,78.274
161,6/8/2024 19:00,80.206
162,6/9/2024 1:00,63.797
163,6/9/2024 7:00,59.508
164,6/9/2024 13:00,77.225
165,6/9/2024 19:00,66.879
166,6/10/2024 1:00,59.337
167,6/10/2024 7:00,55.537
168,6/10/2024 13:00,76.006
169,6/10/2024 19:00,70.824
170,6/11/2024 1:00,58.131
171,6/11/2024 7:00,52.05
172,6/11/2024 13:00,74.619
173,6/11/2024 19:00,77.05
174,6/12/2024 1:00,60.883
175,6/12/2024 7:00,53.623
176,6/12/2024 13:00,77.749
177,6/12/2024 19:00,79.853
178,6/13/2024 1:00,62.598
179,6/13/2024 7:00,56.057
180,6/13/2024 13:00,78.274
181,6/13/2024 19:00,81.621
182,6/14/2024 1:00,66.879
183,6/14/2024 7:00,61.912
184,6/14/2024 13:00,81.975
185,6/14/2024 19:00,81.09
186,6/15/2024 1:00,65.167
187,6/15/2024 7:00,60.368
188,6/15/2024 13:00,77.05
189,6/15/2024 19:00,72.545
190,6/16/2024 1:00,58.303
191,6/16/2024 7:00,50.466
192,6/16/2024 13:00,84.115
193,6/16/2024 19:00,78.624
194,6/17/2024 1:00,63.455
195,6/17/2024 7:00,58.303
196,6/17/2024 13:00,62.425
197,6/17/2024 19:00,60.712
198,6/18/2024 1:00,49.759
199,6/18/2024 7:00,46.188
200,6/18/2024 13:00,66.537
201,6/18/2024 19:00,68.248
202,6/19/2024 1:00,51.523
203,6/19/2024 7:00,45.828
204,6/19/2024 13:00,74.446
205,6/19/2024 19:00,76.528
206,6/20/2024 1:00,56.23
207,6/20/2024 7:00,51.874
208,6/20/2024 13:00,79.853
209,6/20/2024 19:00,84.654
210,6/21/2024 1:00,62.94
211,6/21/2024 7:00,57.958
212,6/21/2024 13:00,84.654
213,6/21/2024 19:00,86.097
214,6/22/2024 1:00,66.537
215,6/22/2024 7:00,58.476
216,6/22/2024 13:00,86.277
217,6/22/2024 19:00,87.004
218,6/23/2024 1:00,66.193
219,6/23/2024 7:00,60.195
220,6/23/2024 13:00,88.099
221,6/23/2024 19:00,86.277
222,6/24/2024 1:00,67.05
223,6/24/2024 7:00,60.368
224,6/24/2024 13:00,89.017
225,6/24/2024 19:00,88.282
226,6/25/2024 1:00,67.735
227,6/25/2024 7:00,60.195
228,6/25/2024 13:00,90.495
229,6/25/2024 19:00,93.115
230,6/26/2024 1:00,69.278
231,6/26/2024 7:00,64.139
232,6/26/2024 13:00,79.151
233,6/26/2024 19:00,83.221
234,6/27/2024 1:00,67.221
235,6/27/2024 7:00,62.254
236,6/27/2024 13:00,91.24
237,6/27/2024 19:00,84.834
238,6/28/2024 1:00,64.31
239,6/28/2024 7:00,55.711
240,6/28/2024 13:00,95.783
241,6/28/2024 19:00,85.194
242,6/29/2024 1:00,63.455
243,6/29/2024 7:00,56.577
244,6/29/2024 13:00,98.11
245,6/29/2024 19:00,92.174
246,6/30/2024 1:00,70.995
247,6/30/2024 7:00,65.851
248,6/30/2024 13:00,97.916
249,6/30/2024 19:00,87.368
250,7/1/2024 1:00,70.48
251,7/1/2024 7:00,63.455
252,7/1/2024 13:00,75.139
253,7/1/2024 19:00,64.825
254,7/2/2024 1:00,54.842
255,7/2/2024 7:00,47.266
256,7/2/2024 13:00,84.654
257,7/2/2024 19:00,77.749
258,7/3/2024 1:00,58.993
259,7/3/2024 7:00,52.576
260,7/3/2024 13:00,77.749
261,7/3/2024 19:00,77.574
262,7/4/2024 1:00,58.647
263,7/4/2024 7:00,52.05
264,7/4/2024 13:00,89.017
265,7/4/2024 19:00,81.621
266,7/5/2024 1:00,61.398
267,7/5/2024 7:00,55.189
268,7/5/2024 13:00,93.493
269,7/5/2024 19:00,88.65
270,7/6/2024 1:00,66.193
271,7/6/2024 7:00,58.303
272,7/6/2024 13:00,95.207
273,7/6/2024 19:00,90.867
274,7/7/2024 1:00,67.906
275,7/7/2024 7:00,60.539
276,7/7/2024 13:00,93.493
277,7/7/2024 19:00,89.938
278,7/8/2024 1:00,67.05
279,7/8/2024 7:00,60.024
280,7/8/2024 13:00,100.483
281,7/8/2024 19:00,94.633
282,7/9/2024 1:00,70.48
283,7/9/2024 7:00,63.111
284,7/9/2024 13:00,103.512
285,7/9/2024 19:00,102.9
286,7/10/2024 1:00,72.372
287,7/10/2024 7:00,60.883
288,7/10/2024 13:00,97.137
289,7/10/2024 19:00,76.876
290,7/11/2024 1:00,76.181
291,7/11/2024 7:00,73.753
292,7/11/2024 13:00,75.139
293,7/11/2024 19:00,77.05
294,7/12/2024 1:00,76.528
295,7/12/2024 7:00,74.271
296,7/12/2024 13:00,75.484
297,7/12/2024 19:00,77.4
298,7/13/2024 1:00,76.703
299,7/13/2024 7:00,74.446
300,7/13/2024 13:00,75.659
301,7/13/2024 19:00,77.4
302,7/14/2024 1:00,76.876
303,7/14/2024 7:00,76.006
304,7/14/2024 13:00,77.225
305,7/14/2024 19:00,78.624
306,7/15/2024 1:00,78.098
307,7/15/2024 7:00,76.354
308,7/15/2024 13:00,77.4
309,7/15/2024 19:00,78.274
310,7/16/2024 1:00,77.749
311,7/16/2024 7:00,75.659
312,7/16/2024 13:00,75.832
313,7/16/2024 19:00,77.225
314,7/17/2024 1:00,76.703
315,7/17/2024 7:00,74.619
316,7/17/2024 13:00,76.006
317,7/17/2024 19:00,77.749
318,7/18/2024 1:00,76.528
319,7/18/2024 7:00,74.619
320,7/18/2024 13:00,75.659
321,7/18/2024 19:00,77.574
322,7/19/2024 1:00,76.876
323,7/19/2024 7:00,74.964
324,7/19/2024 13:00,76.703
325,7/19/2024 19:00,77.923
326,7/20/2024 1:00,76.876
327,7/20/2024 7:00,74.791
328,7/20/2024 13:00,75.659
329,7/20/2024 19:00,77.749
330,7/21/2024 1:00,77.4
331,7/21/2024 7:00,75.312
332,7/21/2024 13:00,76.181
333,7/21/2024 19:00,78.274
334,7/22/2024 1:00,77.749
335,7/22/2024 7:00,76.006
336,7/22/2024 13:00,77.05
337,7/22/2024 19:00,78.098
338,7/23/2024 1:00,77.05
339,7/23/2024 7:00,73.926
340,7/23/2024 13:00,76.006
341,7/23/2024 19:00,77.574
342,7/24/2024 1:00,76.876
343,7/24/2024 7:00,75.139
344,7/24/2024 13:00,76.006
345,7/24/2024 19:00,77.225
346,7/25/2024 1:00,76.876
347,7/25/2024 7:00,75.659
348,7/25/2024 13:00,76.528
349,7/25/2024 19:00,77.05
350,7/26/2024 1:00,75.832
351,7/26/2024 7:00,74.271
352,7/26/2024 13:00,75.139
353,7/26/2024 19:00,76.354
354,7/27/2024 1:00,75.312
355,7/27/2024 7:00,73.753
356,7/27/2024 13:00,72.718
357,7/27/2024 19:00,73.753
358,7/28/2024 1:00,72.372
359,7/28/2024 7:00,71.339
360,7/28/2024 13:00,72.545
361,7/28/2024 19:00,74.619
362,7/29/2024 1:00,73.58
363,7/29/2024 7:00,71.856
364,7/29/2024 13:00,73.753
365,7/29/2024 19:00,74.619
366,7/30/2024 1:00,73.58
367,7/30/2024 7:00,71.683
368,7/30/2024 13:00,73.407
369,7/30/2024 19:00,74.964
370,7/31/2024 1:00,73.407
371,7/31/2024 7:00,72.028
372,7/31/2024 13:00,73.234
373,7/31/2024 19:00,74.791
374,8/1/2024 1:00,73.58
375,8/1/2024 7:00,71.512
376,8/1/2024 13:00,72.891
377,8/1/2024 19:00,74.791
378,8/2/2024 1:00,74.446
379,8/2/2024 7:00,72.718
380,8/2/2024 13:00,73.926
381,8/2/2024 19:00,75.484
382,8/3/2024 1:00,75.139
383,8/3/2024 7:00,73.753
384,8/3/2024 13:00,74.964
385,8/3/2024 19:00,77.225
386,8/4/2024 1:00,76.876
387,8/4/2024 7:00,75.484
388,8/4/2024 13:00,76.006
389,8/4/2024 19:00,77.4
390,8/5/2024 1:00,76.876
391,8/5/2024 7:00,75.139
392,8/5/2024 13:00,76.181
393,8/5/2024 19:00,77.574
394,8/6/2024 1:00,76.528
395,8/6/2024 7:00,75.312
396,8/6/2024 13:00,76.181
397,8/6/2024 19:00,77.05
398,8/7/2024 1:00,76.181
399,8/7/2024 7:00,74.446
400,8/7/2024 13:00,75.139
401,8/7/2024 19:00,76.006
402,8/8/2024 1:00,75.139
403,8/8/2024 7:00,72.372
404,8/8/2024 13:00,73.407
405,8/8/2024 19:00,75.312
406,8/9/2024 1:00,74.619
407,8/9/2024 7:00,72.891
408,8/9/2024 13:00,73.407
409,8/9/2024 19:00,73.234
410,8/10/2024 1:00,69.964
411,8/10/2024 7:00,69.622
412,8/10/2024 13:00,71.168
413,8/10/2024 19:00,73.407
414,8/11/2024 1:00,73.407
415,8/11/2024 7:00,71.683
416,8/11/2024 13:00,72.545
417,8/11/2024 19:00,74.446
418,8/12/2024 1:00,74.271
419,8/12/2024 7:00,73.062
420,8/12/2024 13:00,74.098
421,8/12/2024 19:00,74.791
422,8/13/2024 1:00,71.168
423,8/13/2024 7:00,69.622
424,8/13/2024 13:00,74.271
425,8/13/2024 19:00,73.407
426,8/14/2024 1:00,69.622
427,8/14/2024 7:00,68.592
428,8/14/2024 13:00,75.312
429,8/14/2024 19:00,74.446
430,8/15/2024 1:00,70.824
431,8/15/2024 7:00,68.592
432,8/15/2024 13:00,73.407
433,8/15/2024 19:00,74.446
434,8/16/2024 1:00,70.651
435,8/16/2024 7:00,68.592
436,8/16/2024 13:00,73.926
437,8/16/2024 19:00,74.619
438,8/17/2024 1:00,71.683
439,8/17/2024 7:00,69.107
440,8/17/2024 13:00,74.446
441,8/17/2024 19:00,72.891
442,8/18/2024 1:00,70.308
443,8/18/2024 7:00,69.107
444,8/18/2024 13:00,73.753
445,8/18/2024 19:00,76.181
446,8/19/2024 1:00,72.028
447,8/19/2024 7:00,70.48
448,8/19/2024 13:00,74.098
449,8/19/2024 19:00,75.312
450,8/20/2024 1:00,73.062
451,8/20/2024 7:00,71.168
452,8/20/2024 13:00,74.791
453,8/20/2024 19:00,75.312
454,8/21/2024 1:00,72.718
455,8/21/2024 7:00,69.449
456,8/21/2024 13:00,73.926
457,8/21/2024 19:00,74.446
458,8/22/2024 1:00,70.48
459,8/22/2024 7:00,68.592
460,8/22/2024 13:00,73.062
461,8/22/2024 19:00,74.791
462,8/23/2024 1:00,71.683
463,8/23/2024 7:00,69.793
464,8/23/2024 13:00,74.791
