Plot Title: LGopen,,,,,,
#,"Date Time, GMT-06:00","Temp, °F (LGR S/N: 21780493, SEN S/N: 21780493)",Coupler Attached (LGR S/N: 21780493),Host Connected (LGR S/N: 21780493),Stopped (LGR S/N: 21780493),End Of File (LGR S/N: 21780493)
1,4/29/2024 19:00,60.368,,,,
2,4/30/2024 1:00,57.785,,,,
3,4/30/2024 7:00,56.923,,,,
4,4/30/2024 13:00,58.131,,,,
5,4/30/2024 19:00,53.798,,,,
6,5/1/2024 1:00,41.254,,,,
7,5/1/2024 7:00,35.758,,,,
8,5/1/2024 13:00,48.16,,,,
9,5/1/2024 19:00,47.624,,,,
10,5/2/2024 1:00,37.297,,,,
11,5/2/2024 7:00,34.59,,,,
12,5/2/2024 13:00,56.057,,,,
13,5/2/2024 19:00,53.973,,,,
14,5/3/2024 1:00,43.466,,,,
15,5/3/2024 7:00,37.87,,,,
16,5/3/2024 13:00,58.993,,,,
17,5/3/2024 19:00,58.82,,,,
18,5/4/2024 1:00,44.922,,,,
19,5/4/2024 7:00,38.44,,,,
20,5/4/2024 13:00,60.712,,,,
21,5/4/2024 19:00,60.883,,,,
22,5/5/2024 1:00,50.995,,,,
23,5/5/2024 7:00,47.982,,,,
24,5/5/2024 13:00,48.871,,,,
25,5/5/2024 19:00,48.16,,,,
26,5/6/2024 1:00,41.81,,,,
27,5/6/2024 7:00,40.509,,,,
28,5/6/2024 13:00,51.874,,,,
29,5/6/2024 19:00,58.303,,,,
30,5/7/2024 1:00,41.81,,,,
31,5/7/2024 7:00,39.196,,,,
32,5/7/2024 13:00,53.798,,,,
33,5/7/2024 19:00,51.346,,,,
34,5/8/2024 1:00,41.254,,,,
35,5/8/2024 7:00,39.196,,,,
36,5/8/2024 13:00,52.925,,,,
37,5/8/2024 19:00,56.923,,,,
38,5/9/2024 1:00,42.732,,,,
39,5/9/2024 7:00,39.947,,,,
40,5/9/2024 13:00,63.797,,,,
41,5/9/2024 19:00,65.509,,,,
42,5/10/2024 1:00,47.266,,,,
43,5/10/2024 7:00,41.81,,,,
44,5/10/2024 13:00,68.421,,,,
45,5/10/2024 19:00,72.028,,,,
46,5/11/2024 1:00,51.346,,,,
47,5/11/2024 7:00,44.013,,,,
48,5/11/2024 13:00,70.308,,,,
49,5/11/2024 19:00,74.964,,,,
50,5/12/2024 1:00,53.623,,,,
51,5/12/2024 7:00,47.088,,,,
52,5/12/2024 13:00,73.753,,,,
53,5/12/2024 19:00,74.619,,,,
54,5/13/2024 1:00,56.577,,,,
55,5/13/2024 7:00,49.759,,,,
56,5/13/2024 13:00,74.964,,,,
57,5/13/2024 19:00,68.763,,,,
58,5/14/2024 1:00,54.322,,,,
59,5/14/2024 7:00,47.802,,,,
60,5/14/2024 13:00,61.569,,,,
61,5/14/2024 19:00,66.708,,,,
62,5/15/2024 1:00,51.699,,,,
63,5/15/2024 7:00,47.802,,,,
64,5/15/2024 13:00,74.446,,,,
65,5/15/2024 19:00,73.753,,,,
66,5/16/2024 1:00,56.057,,,,
67,5/16/2024 7:00,49.404,,,,
68,5/16/2024 13:00,75.659,,,,
69,5/16/2024 19:00,75.312,,,,
70,5/17/2024 1:00,56.75,,,,
71,5/17/2024 7:00,49.05,,,,
72,5/17/2024 13:00,74.446,,,,
73,5/17/2024 19:00,74.271,,,,
74,5/18/2024 1:00,52.925,,,,
75,5/18/2024 7:00,44.742,,,,
76,5/18/2024 13:00,70.308,,,,
77,5/18/2024 19:00,71.683,,,,
78,5/19/2024 1:00,57.441,,,,
79,5/19/2024 7:00,49.228,,,,
80,5/19/2024 13:00,74.964,,,,
81,5/19/2024 19:00,67.906,,,,
82,5/20/2024 1:00,51.523,,,,
83,5/20/2024 7:00,46.548,,,,
84,5/20/2024 13:00,65.338,,,,
85,5/20/2024 19:00,59.68,,,,
86,5/21/2024 1:00,47.266,,,,
87,5/21/2024 7:00,41.439,,,,
88,5/21/2024 13:00,57.096,,,,
89,5/21/2024 19:00,67.05,,,,
90,5/22/2024 1:00,50.113,,,,
91,5/22/2024 7:00,48.16,,,,
92,5/22/2024 13:00,48.871,,,,
93,5/22/2024 19:00,54.842,,,,
94,5/23/2024 1:00,45.104,,,,
95,5/23/2024 7:00,41.067,,,,
96,5/23/2024 13:00,46.548,,,,
97,5/23/2024 19:00,58.993,,,,
98,5/24/2024 1:00,44.195,,,,
99,5/24/2024 7:00,37.87,,,,
100,5/24/2024 13:00,63.111,,,,
101,5/24/2024 19:00,63.797,,,,
102,5/25/2024 1:00,48.695,,,,
103,5/25/2024 7:00,42.548,,,,
104,5/25/2024 13:00,55.537,,,,
105,5/25/2024 19:00,65.509,,,,
106,5/26/2024 1:00,51.346,,,,
107,5/26/2024 7:00,43.466,,,,
108,5/26/2024 13:00,65.68,,,,
109,5/26/2024 19:00,68.421,,,,
110,5/27/2024 1:00,51.346,,,,
111,5/27/2024 7:00,44.922,,,,
112,5/27/2024 13:00,74.271,,,,
113,5/27/2024 19:00,78.975,,,,
114,5/28/2024 1:00,56.75,,,,
115,5/28/2024 7:00,49.228,,,,
116,5/28/2024 13:00,78.098,,,,
117,5/28/2024 19:00,76.876,,,,
118,5/29/2024 1:00,61.054,,,,
119,5/29/2024 7:00,54.495,,,,
120,5/29/2024 13:00,65.338,,,,
121,5/29/2024 19:00,59.851,,,,
122,5/30/2024 1:00,49.05,,,,
123,5/30/2024 7:00,42.732,,,,
124,5/30/2024 13:00,64.652,,,,
125,5/30/2024 19:00,70.824,,,,
126,5/31/2024 1:00,51.346,,,,
127,5/31/2024 7:00,43.648,,,,
128,5/31/2024 13:00,74.098,,,,
129,5/31/2024 19:00,78.449,,,,
130,6/1/2024 1:00,55.884,,,,
131,6/1/2024 7:00,47.982,,,,
132,6/1/2024 13:00,74.271,,,,
133,6/1/2024 19:00,74.446,,,,
134,6/2/2024 1:00,60.368,,,,
135,6/2/2024 7:00,55.017,,,,
136,6/2/2024 13:00,69.107,,,,
137,6/2/2024 19:00,75.832,,,,
138,6/3/2024 1:00,59.68,,,,
139,6/3/2024 7:00,56.23,,,,
140,6/3/2024 13:00,63.797,,,,
141,6/3/2024 19:00,68.763,,,,
142,6/4/2024 1:00,56.23,,,,
143,6/4/2024 7:00,48.339,,,,
144,6/4/2024 13:00,78.449,,,,
145,6/4/2024 19:00,77.923,,,,
146,6/5/2024 1:00,61.054,,,,
147,6/5/2024 7:00,53.274,,,,
148,6/5/2024 13:00,82.33,,,,
149,6/5/2024 19:00,85.194,,,,
150,6/6/2024 1:00,63.111,,,,
151,6/6/2024 7:00,54.669,,,,
152,6/6/2024 13:00,85.014,,,,
153,6/6/2024 19:00,82.864,,,,
154,6/7/2024 1:00,65.167,,,,
155,6/7/2024 7:00,57.268,,,,
156,6/7/2024 13:00,86.641,,,,
157,6/7/2024 19:00,85.014,,,,
158,6/8/2024 1:00,64.996,,,,
159,6/8/2024 7:00,56.404,,,,
160,6/8/2024 13:00,85.194,,,,
161,6/8/2024 19:00,88.833,,,,
162,6/9/2024 1:00,65.68,,,,
163,6/9/2024 7:00,60.368,,,,
164,6/9/2024 13:00,82.152,,,,
165,6/9/2024 19:00,69.964,,,,
166,6/10/2024 1:00,60.195,,,,
167,6/10/2024 7:00,55.537,,,,
168,6/10/2024 13:00,80.735,,,,
169,6/10/2024 19:00,76.354,,,,
170,6/11/2024 1:00,58.993,,,,
171,6/11/2024 7:00,52.05,,,,
172,6/11/2024 13:00,82.864,,,,
173,6/11/2024 19:00,86.641,,,,
174,6/12/2024 1:00,63.968,,,,
175,6/12/2024 7:00,54.842,,,,
176,6/12/2024 13:00,84.834,,,,
177,6/12/2024 19:00,87.368,,,,
178,6/13/2024 1:00,64.139,,,,
179,6/13/2024 7:00,56.404,,,,
180,6/13/2024 13:00,86.823,,,,
181,6/13/2024 19:00,92.55,,,,
182,6/14/2024 1:00,69.793,,,,
183,6/14/2024 7:00,63.111,,,,
184,6/14/2024 13:00,89.938,,,,
185,6/14/2024 19:00,90.68,,,,
186,6/15/2024 1:00,68.077,,,,
187,6/15/2024 7:00,61.569,,,,
188,6/15/2024 13:00,83.935,,,,
189,6/15/2024 19:00,78.624,,,,
190,6/16/2024 1:00,61.054,,,,
191,6/16/2024 7:00,52.225,,,,
192,6/16/2024 13:00,85.915,,,,
193,6/16/2024 19:00,84.834,,,,
194,6/17/2024 1:00,65.68,,,,
195,6/17/2024 7:00,59.851,,,,
196,6/17/2024 13:00,63.111,,,,
197,6/17/2024 19:00,64.825,,,,
198,6/18/2024 1:00,51.346,,,,
199,6/18/2024 7:00,47.088,,,,
200,6/18/2024 13:00,71.339,,,,
201,6/18/2024 19:00,75.659,,,,
202,6/19/2024 1:00,53.623,,,,
203,6/19/2024 7:00,46.728,,,,
204,6/19/2024 13:00,81.975,,,,
205,6/19/2024 19:00,88.65,,,,
206,6/20/2024 1:00,59.164,,,,
207,6/20/2024 7:00,52.925,,,,
208,6/20/2024 13:00,87.915,,,,
209,6/20/2024 19:00,96.361,,,,
210,6/21/2024 1:00,66.193,,,,
211,6/21/2024 7:00,59.164,,,,
212,6/21/2024 13:00,92.363,,,,
213,6/21/2024 19:00,96.361,,,,
214,6/22/2024 1:00,69.278,,,,
215,6/22/2024 7:00,59.508,,,,
216,6/22/2024 13:00,93.115,,,,
217,6/22/2024 19:00,96.555,,,,
218,6/23/2024 1:00,68.763,,,,
219,6/23/2024 7:00,61.054,,,,
220,6/23/2024 13:00,94.062,,,,
221,6/23/2024 19:00,96.555,,,,
222,6/24/2024 1:00,69.964,,,,
223,6/24/2024 7:00,61.569,,,,
224,6/24/2024 13:00,94.253,,,,
225,6/24/2024 19:00,97.137,,,,
226,6/25/2024 1:00,69.793,,,,
227,6/25/2024 7:00,61.227,,,,
228,6/25/2024 13:00,95.4,,,,
229,6/25/2024 19:00,97.916,,,,
230,6/26/2024 1:00,72.545,,,,
231,6/26/2024 7:00,66.193,,,,
232,6/26/2024 13:00,77.225,,,,
233,6/26/2024 19:00,85.374,,,,
234,6/27/2024 1:00,68.934,,,,
235,6/27/2024 7:00,63.797,,,,
236,6/27/2024 13:00,85.554,,,,
237,6/27/2024 19:00,89.755,,,,
238,6/28/2024 1:00,66.366,,,,
239,6/28/2024 7:00,57.958,,,,
240,6/28/2024 13:00,87.733,,,,
241,6/28/2024 19:00,86.097,,,,
242,6/29/2024 1:00,64.996,,,,
243,6/29/2024 7:00,58.303,,,,
244,6/29/2024 13:00,89.017,,,,
245,6/29/2024 19:00,95.59,,,,
246,6/30/2024 1:00,72.545,,,,
247,6/30/2024 7:00,66.537,,,,
248,6/30/2024 13:00,88.466,,,,
249,6/30/2024 19:00,90.124,,,,
250,7/1/2024 1:00,71.512,,,,
251,7/1/2024 7:00,64.481,,,,
252,7/1/2024 13:00,74.098,,,,
253,7/1/2024 19:00,66.193,,,,
254,7/2/2024 1:00,56.923,,,,
255,7/2/2024 7:00,50.29,,,,
256,7/2/2024 13:00,77.749,,,,
257,7/2/2024 19:00,80.911,,,,
258,7/3/2024 1:00,60.539,,,,
259,7/3/2024 7:00,54.322,,,,
260,7/3/2024 13:00,75.484,,,,
261,7/3/2024 19:00,82.152,,,,
262,7/4/2024 1:00,60.712,,,,
263,7/4/2024 7:00,53.798,,,,
264,7/4/2024 13:00,83.221,,,,
265,7/4/2024 19:00,83.399,,,,
266,7/5/2024 1:00,63.111,,,,
267,7/5/2024 7:00,56.577,,,,
268,7/5/2024 13:00,85.915,,,,
269,7/5/2024 19:00,92.363,,,,
270,7/6/2024 1:00,68.077,,,,
271,7/6/2024 7:00,59.851,,,,
272,7/6/2024 13:00,87.004,,,,
273,7/6/2024 19:00,93.682,,,,
274,7/7/2024 1:00,69.449,,,,
275,7/7/2024 7:00,61.912,,,,
276,7/7/2024 13:00,87.004,,,,
277,7/7/2024 19:00,94.633,,,,
278,7/8/2024 1:00,69.964,,,,
279,7/8/2024 7:00,62.254,,,,
280,7/8/2024 13:00,91.053,,,,
281,7/8/2024 19:00,97.916,,,,
282,7/9/2024 1:00,72.545,,,,
283,7/9/2024 7:00,64.825,,,,
284,7/9/2024 13:00,93.682,,,,
285,7/9/2024 19:00,102.9,,,,
286,7/10/2024 1:00,73.58,,,,
287,7/10/2024 7:00,61.569,,,,
288,7/10/2024 13:00,94.633,,,,
289,7/10/2024 19:00,77.4,,,,
290,7/11/2024 1:00,76.876,,,,
291,7/11/2024 7:00,74.446,,,,
292,7/11/2024 13:00,75.312,,,,
293,7/11/2024 19:00,77.574,,,,
294,7/12/2024 1:00,77.225,,,,
295,7/12/2024 7:00,74.964,,,,
296,7/12/2024 13:00,75.832,,,,
297,7/12/2024 19:00,77.923,,,,
298,7/13/2024 1:00,77.574,,,,
299,7/13/2024 7:00,75.312,,,,
300,7/13/2024 13:00,76.006,,,,
301,7/13/2024 19:00,78.098,,,,
302,7/14/2024 1:00,77.574,,,,
303,7/14/2024 7:00,76.528,,,,
304,7/14/2024 13:00,77.574,,,,
305,7/14/2024 19:00,79.151,,,,
306,7/15/2024 1:00,78.8,,,,
307,7/15/2024 7:00,76.876,,,,
308,7/15/2024 13:00,77.574,,,,
309,7/15/2024 19:00,78.449,,,,
310,7/16/2024 1:00,78.098,,,,
311,7/16/2024 7:00,76.006,,,,
312,7/16/2024 13:00,76.006,,,,
313,7/16/2024 19:00,77.4,,,,
314,7/17/2024 1:00,77.225,,,,
315,7/17/2024 7:00,75.139,,,,
316,7/17/2024 13:00,76.181,,,,
317,7/17/2024 19:00,78.098,,,,
318,7/18/2024 1:00,77.05,,,,
319,7/18/2024 7:00,75.139,,,,
320,7/18/2024 13:00,75.659,,,,
321,7/18/2024 19:00,78.098,,,,
322,7/19/2024 1:00,77.4,,,,
323,7/19/2024 7:00,75.484,,,,
324,7/19/2024 13:00,76.876,,,,
325,7/19/2024 19:00,78.449,,,,
326,7/20/2024 1:00,77.574,,,,
327,7/20/2024 7:00,75.484,,,,
328,7/20/2024 13:00,76.006,,,,
329,7/20/2024 19:00,78.098,,,,
330,7/21/2024 1:00,77.923,,,,
331,7/21/2024 7:00,76.006,,,,
332,7/21/2024 13:00,76.354,,,,
333,7/21/2024 19:00,78.8,,,,
334,7/22/2024 1:00,78.449,,,,
335,7/22/2024 7:00,76.528,,,,
336,7/22/2024 13:00,77.225,,,,
337,7/22/2024 19:00,78.8,,,,
338,7/23/2024 1:00,77.749,,,,
339,7/23/2024 7:00,74.791,,,,
340,7/23/2024 13:00,76.006,,,,
341,7/23/2024 19:00,77.923,,,,
342,7/24/2024 1:00,77.4,,,,
343,7/24/2024 7:00,75.659,,,,
344,7/24/2024 13:00,76.181,,,,
345,7/24/2024 19:00,77.923,,,,
346,7/25/2024 1:00,77.574,,,,
347,7/25/2024 7:00,76.181,,,,
348,7/25/2024 13:00,76.876,,,,
349,7/25/2024 19:00,77.574,,,,
350,7/26/2024 1:00,76.528,,,,
351,7/26/2024 7:00,74.791,,,,
352,7/26/2024 13:00,75.312,,,,
353,7/26/2024 19:00,76.876,,,,
354,7/27/2024 1:00,76.006,,,,
355,7/27/2024 7:00,74.271,,,,
356,7/27/2024 13:00,73.062,,,,
357,7/27/2024 19:00,74.098,,,,
358,7/28/2024 1:00,72.891,,,,
359,7/28/2024 7:00,71.683,,,,
360,7/28/2024 13:00,72.372,,,,
361,7/28/2024 19:00,74.791,,,,
362,7/29/2024 1:00,74.098,,,,
363,7/29/2024 7:00,72.372,,,,
364,7/29/2024 13:00,73.58,,,,
365,7/29/2024 19:00,75.139,,,,
366,7/30/2024 1:00,74.098,,,,
367,7/30/2024 7:00,72.199,,,,
368,7/30/2024 13:00,73.407,,,,
369,7/30/2024 19:00,75.484,,,,
370,7/31/2024 1:00,74.098,,,,
371,7/31/2024 7:00,72.545,,,,
372,7/31/2024 13:00,73.234,,,,
373,7/31/2024 19:00,75.139,,,,
374,8/1/2024 1:00,74.271,,,,
375,8/1/2024 7:00,72.199,,,,
376,8/1/2024 13:00,73.062,,,,
377,8/1/2024 19:00,75.139,,,,
378,8/2/2024 1:00,74.964,,,,
379,8/2/2024 7:00,73.234,,,,
380,8/2/2024 13:00,74.098,,,,
381,8/2/2024 19:00,75.832,,,,
382,8/3/2024 1:00,75.659,,,,
383,8/3/2024 7:00,74.098,,,,
384,8/3/2024 13:00,75.139,,,,
385,8/3/2024 19:00,77.574,,,,
386,8/4/2024 1:00,77.574,,,,
387,8/4/2024 7:00,76.006,,,,
388,8/4/2024 13:00,76.181,,,,
389,8/4/2024 19:00,77.749,,,,
390,8/5/2024 1:00,77.4,,,,
391,8/5/2024 7:00,75.659,,,,
392,8/5/2024 13:00,76.354,,,,
393,8/5/2024 19:00,78.098,,,,
394,8/6/2024 1:00,77.225,,,,
395,8/6/2024 7:00,75.659,,,,
396,8/6/2024 13:00,76.354,,,,
397,8/6/2024 19:00,77.749,,,,
398,8/7/2024 1:00,76.876,,,,
399,8/7/2024 7:00,74.964,,,,
400,8/7/2024 13:00,75.484,,,,
401,8/7/2024 19:00,76.528,,,,
402,8/8/2024 1:00,75.832,,,,
403,8/8/2024 7:00,73.062,,,,
404,8/8/2024 13:00,73.407,,,,
405,8/8/2024 19:00,75.659,,,,
406,8/9/2024 1:00,75.139,,,,
407,8/9/2024 7:00,73.407,,,,
408,8/9/2024 13:00,73.753,,,,
409,8/9/2024 19:00,74.098,,,,
410,8/10/2024 1:00,70.995,,,,
411,8/10/2024 7:00,69.964,,,,
412,8/10/2024 13:00,71.168,,,,
413,8/10/2024 19:00,73.926,,,,
414,8/11/2024 1:00,73.926,,,,
415,8/11/2024 7:00,72.199,,,,
416,8/11/2024 13:00,72.545,,,,
417,8/11/2024 19:00,74.791,,,,
418,8/12/2024 1:00,74.619,,,,
419,8/12/2024 7:00,73.407,,,,
420,8/12/2024 13:00,73.926,,,,
421,8/12/2024 19:00,75.312,,,,
422,8/13/2024 1:00,70.824,,,,
423,8/13/2024 7:00,69.278,,,,
424,8/13/2024 13:00,74.619,,,,
425,8/13/2024 19:00,73.926,,,,
426,8/14/2024 1:00,69.107,,,,
427,8/14/2024 7:00,67.735,,,,
428,8/14/2024 13:00,75.832,,,,
429,8/14/2024 19:00,75.139,,,,
430,8/15/2024 1:00,70.48,,,,
431,8/15/2024 7:00,67.906,,,,
432,8/15/2024 13:00,73.753,,,,
433,8/15/2024 19:00,75.484,,,,
434,8/16/2024 1:00,70.48,,,,
435,8/16/2024 7:00,67.906,,,,
436,8/16/2024 13:00,74.271,,,,
437,8/16/2024 19:00,75.484,,,,
438,8/17/2024 1:00,71.683,,,,
439,8/17/2024 7:00,68.592,,,,
440,8/17/2024 13:00,75.484,,,,
441,8/17/2024 19:00,73.062,,,,
442,8/18/2024 1:00,69.793,,,,
443,8/18/2024 7:00,68.592,,,,
444,8/18/2024 13:00,74.271,,,,
445,8/18/2024 19:00,77.4,,,,
446,8/19/2024 1:00,71.683,,,,
447,8/19/2024 7:00,69.793,,,,
448,8/19/2024 13:00,74.446,,,,
449,8/19/2024 19:00,76.354,,,,
450,8/20/2024 1:00,73.407,,,,
451,8/20/2024 7:00,70.824,,,,
452,8/20/2024 13:00,75.659,,,,
453,8/20/2024 19:00,76.703,,,,
454,8/21/2024 1:00,72.718,,,,
455,8/21/2024 7:00,68.934,,,,
456,8/21/2024 13:00,74.271,,,,
457,8/21/2024 19:00,75.484,,,,
458,8/22/2024 1:00,70.308,,,,
459,8/22/2024 7:00,67.735,,,,
460,8/22/2024 13:00,73.407,,,,
461,8/22/2024 19:00,75.832,,,,
462,8/23/2024 1:00,71.512,,,,
463,8/23/2024 7:00,69.278,,,,
464,8/23/2024 13:00,75.139,,,,
465,8/23/2024 13:04,,Logged,,,
466,8/23/2024 13:04,,,Logged,,
467,8/23/2024 13:04,,,,Logged,Logged
