Plot Title: LGshrub,,
#,"Date Time, GMT-07:00","Temp, °F (LGR S/N: 21780492, SEN S/N: 21780492)"
1,11/18/2023 15:00,40.696
2,11/18/2023 21:00,35.951
3,11/19/2023 3:00,37.297
4,11/19/2023 9:00,37.87
5,11/19/2023 15:00,39.947
6,11/19/2023 21:00,37.297
7,11/20/2023 3:00,34.981
8,11/20/2023 9:00,33.411
9,11/20/2023 15:00,35.37
10,11/20/2023 21:00,33.411
11,11/21/2023 3:00,31.617
12,11/21/2023 9:00,31.816
13,11/21/2023 15:00,33.013
14,11/21/2023 21:00,32.218
15,11/22/2023 3:00,31.415
16,11/22/2023 9:00,30.808
17,11/22/2023 15:00,32.418
18,11/22/2023 21:00,32.617
19,11/23/2023 3:00,32.815
20,11/23/2023 9:00,33.013
21,11/23/2023 15:00,34.786
22,11/23/2023 21:00,33.411
23,11/24/2023 3:00,33.013
24,11/24/2023 9:00,32.418
25,11/24/2023 15:00,32.617
26,11/24/2023 21:00,31.617
27,11/25/2023 3:00,30.607
28,11/25/2023 9:00,29.995
29,11/25/2023 15:00,31.816
30,11/25/2023 21:00,29.995
31,11/26/2023 3:00,29.79
32,11/26/2023 9:00,29.586
33,11/26/2023 15:00,30.198
34,11/26/2023 21:00,29.586
35,11/27/2023 3:00,29.379
36,11/27/2023 9:00,29.174
37,11/27/2023 15:00,31.012
38,11/27/2023 21:00,28.139
39,11/28/2023 3:00,26.458
40,11/28/2023 9:00,25.819
41,11/28/2023 15:00,30.607
42,11/28/2023 21:00,27.511
43,11/29/2023 3:00,25.605
44,11/29/2023 9:00,25.605
45,11/29/2023 15:00,30.403
46,11/29/2023 21:00,26.668
47,11/30/2023 3:00,25.605
48,11/30/2023 9:00,24.526
49,11/30/2023 15:00,29.379
50,11/30/2023 21:00,27.302
51,12/1/2023 3:00,26.881
52,12/1/2023 9:00,26.245
53,12/1/2023 15:00,28.969
54,12/1/2023 21:00,28.555
55,12/2/2023 3:00,28.139
56,12/2/2023 9:00,28.139
57,12/2/2023 15:00,28.969
58,12/2/2023 21:00,28.969
59,12/3/2023 3:00,26.881
60,12/3/2023 9:00,27.302
61,12/3/2023 15:00,29.79
62,12/3/2023 21:00,29.995
63,12/4/2023 3:00,29.79
64,12/4/2023 9:00,30.198
65,12/4/2023 15:00,31.012
66,12/4/2023 21:00,31.415
67,12/5/2023 3:00,31.617
68,12/5/2023 9:00,31.816
69,12/5/2023 15:00,32.218
70,12/5/2023 21:00,32.018
71,12/6/2023 3:00,32.018
72,12/6/2023 9:00,32.018
73,12/6/2023 15:00,32.418
74,12/6/2023 21:00,32.018
75,12/7/2023 3:00,32.018
76,12/7/2023 9:00,32.218
77,12/7/2023 15:00,32.617
78,12/7/2023 21:00,32.218
79,12/8/2023 3:00,32.018
80,12/8/2023 9:00,31.816
81,12/8/2023 15:00,32.018
82,12/8/2023 21:00,31.213
83,12/9/2023 3:00,29.586
84,12/9/2023 9:00,27.511
85,12/9/2023 15:00,29.586
86,12/9/2023 21:00,28.555
87,12/10/2023 3:00,27.93
88,12/10/2023 9:00,28.346
89,12/10/2023 15:00,29.79
90,12/10/2023 21:00,29.995
91,12/11/2023 3:00,30.198
92,12/11/2023 9:00,30.198
93,12/11/2023 15:00,31.012
94,12/11/2023 21:00,31.012
95,12/12/2023 3:00,30.198
96,12/12/2023 9:00,29.995
97,12/12/2023 15:00,31.012
98,12/12/2023 21:00,30.198
99,12/13/2023 3:00,28.762
100,12/13/2023 9:00,27.721
101,12/13/2023 15:00,30.198
102,12/13/2023 21:00,28.969
103,12/14/2023 3:00,27.091
104,12/14/2023 9:00,25.605
105,12/14/2023 15:00,28.762
106,12/14/2023 21:00,26.245
107,12/15/2023 3:00,24.96
108,12/15/2023 9:00,24.744
109,12/15/2023 15:00,28.762
110,12/15/2023 21:00,27.302
111,12/16/2023 3:00,25.819
112,12/16/2023 9:00,25.174
113,12/16/2023 15:00,29.174
114,12/16/2023 21:00,27.091
115,12/17/2023 3:00,25.174
116,12/17/2023 9:00,24.093
117,12/17/2023 15:00,28.555
118,12/17/2023 21:00,26.245
119,12/18/2023 3:00,24.96
120,12/18/2023 9:00,25.39
121,12/18/2023 15:00,29.174
122,12/18/2023 21:00,29.174
123,12/19/2023 3:00,27.511
124,12/19/2023 9:00,28.762
125,12/19/2023 15:00,30.808
126,12/19/2023 21:00,30.808
127,12/20/2023 3:00,29.79
128,12/20/2023 9:00,30.607
129,12/20/2023 15:00,31.617
130,12/20/2023 21:00,31.617
131,12/21/2023 3:00,30.403
132,12/21/2023 9:00,30.403
133,12/21/2023 15:00,31.617
134,12/21/2023 21:00,31.816
135,12/22/2023 3:00,31.617
136,12/22/2023 9:00,31.617
137,12/22/2023 15:00,32.018
138,12/22/2023 21:00,32.018
139,12/23/2023 3:00,32.018
140,12/23/2023 9:00,32.018
141,12/23/2023 15:00,32.018
142,12/23/2023 21:00,31.415
143,12/24/2023 3:00,28.969
144,12/24/2023 9:00,26.458
145,12/24/2023 15:00,28.139
146,12/24/2023 21:00,24.31
147,12/25/2023 3:00,23.436
148,12/25/2023 9:00,24.31
149,12/25/2023 15:00,26.668
150,12/25/2023 21:00,22.107
151,12/26/2023 3:00,19.382
152,12/26/2023 9:00,19.612
153,12/26/2023 15:00,24.96
154,12/26/2023 21:00,22.107
155,12/27/2023 3:00,21.659
156,12/27/2023 9:00,23.216
157,12/27/2023 15:00,26.245
158,12/27/2023 21:00,24.093
159,12/28/2023 3:00,24.093
160,12/28/2023 9:00,22.995
161,12/28/2023 15:00,27.721
162,12/28/2023 21:00,25.174
163,12/29/2023 3:00,23.655
164,12/29/2023 9:00,23.875
165,12/29/2023 15:00,28.762
166,12/29/2023 21:00,26.668
167,12/30/2023 3:00,25.39
168,12/30/2023 9:00,24.96
169,12/30/2023 15:00,29.379
170,12/30/2023 21:00,28.969
171,12/31/2023 3:00,26.668
172,12/31/2023 9:00,25.819
173,12/31/2023 15:00,29.79
174,12/31/2023 21:00,26.458
175,1/1/2024 3:00,23.655
176,1/1/2024 9:00,22.775
177,1/1/2024 15:00,28.969
178,1/1/2024 21:00,25.39
179,1/2/2024 3:00,22.775
180,1/2/2024 9:00,22.995
181,1/2/2024 15:00,28.555
182,1/2/2024 21:00,24.526
183,1/3/2024 3:00,22.107
184,1/3/2024 9:00,21.659
185,1/3/2024 15:00,28.139
186,1/3/2024 21:00,26.458
187,1/4/2024 3:00,26.458
188,1/4/2024 9:00,26.031
189,1/4/2024 15:00,29.379
190,1/4/2024 21:00,28.346
191,1/5/2024 3:00,27.721
192,1/5/2024 9:00,27.302
193,1/5/2024 15:00,29.379
194,1/5/2024 21:00,25.174
195,1/6/2024 3:00,22.775
196,1/6/2024 9:00,24.31
197,1/6/2024 15:00,26.881
198,1/6/2024 21:00,26.031
199,1/7/2024 3:00,26.245
200,1/7/2024 9:00,26.245
201,1/7/2024 15:00,27.091
202,1/7/2024 21:00,26.458
203,1/8/2024 3:00,25.39
204,1/8/2024 9:00,23.655
205,1/8/2024 15:00,24.744
206,1/8/2024 21:00,24.744
207,1/9/2024 3:00,24.744
208,1/9/2024 9:00,24.96
209,1/9/2024 15:00,25.605
210,1/9/2024 21:00,25.819
211,1/10/2024 3:00,25.819
212,1/10/2024 9:00,25.605
213,1/10/2024 15:00,26.031
214,1/10/2024 21:00,25.819
215,1/11/2024 3:00,25.39
216,1/11/2024 9:00,24.96
217,1/11/2024 15:00,25.174
218,1/11/2024 21:00,25.174
219,1/12/2024 3:00,25.39
220,1/12/2024 9:00,25.174
221,1/12/2024 15:00,24.744
222,1/12/2024 21:00,23.655
223,1/13/2024 3:00,20.984
224,1/13/2024 9:00,19.612
225,1/13/2024 15:00,20.984
226,1/13/2024 21:00,21.659
227,1/14/2024 3:00,22.107
228,1/14/2024 9:00,21.659
229,1/14/2024 15:00,22.775
230,1/14/2024 21:00,23.436
231,1/15/2024 3:00,23.655
232,1/15/2024 9:00,20.757
233,1/15/2024 15:00,20.984
234,1/15/2024 21:00,20.984
235,1/16/2024 3:00,20.529
236,1/16/2024 9:00,20.529
237,1/16/2024 15:00,21.884
238,1/16/2024 21:00,22.33
239,1/17/2024 3:00,22.775
240,1/17/2024 9:00,23.436
241,1/17/2024 15:00,24.31
242,1/17/2024 21:00,24.744
243,1/18/2024 3:00,24.96
244,1/18/2024 9:00,24.744
245,1/18/2024 15:00,25.605
246,1/18/2024 21:00,26.031
247,1/19/2024 3:00,26.458
248,1/19/2024 9:00,26.668
249,1/19/2024 15:00,27.511
250,1/19/2024 21:00,27.93
251,1/20/2024 3:00,27.93
252,1/20/2024 9:00,28.139
253,1/20/2024 15:00,31.415
254,1/20/2024 21:00,31.415
255,1/21/2024 3:00,31.012
256,1/21/2024 9:00,31.012
257,1/21/2024 15:00,31.213
258,1/21/2024 21:00,31.617
259,1/22/2024 3:00,31.617
260,1/22/2024 9:00,31.415
261,1/22/2024 15:00,31.816
262,1/22/2024 21:00,32.018
263,1/23/2024 3:00,32.018
264,1/23/2024 9:00,32.018
265,1/23/2024 15:00,32.218
266,1/23/2024 21:00,32.218
267,1/24/2024 3:00,32.218
268,1/24/2024 9:00,32.218
269,1/24/2024 15:00,32.218
270,1/24/2024 21:00,32.218
271,1/25/2024 3:00,32.218
272,1/25/2024 9:00,32.218
273,1/25/2024 15:00,32.218
274,1/25/2024 21:00,32.218
275,1/26/2024 3:00,32.218
276,1/26/2024 9:00,32.218
277,1/26/2024 15:00,32.218
278,1/26/2024 21:00,32.218
279,1/27/2024 3:00,32.218
280,1/27/2024 9:00,32.218
281,1/27/2024 15:00,32.218
282,1/27/2024 21:00,32.218
283,1/28/2024 3:00,32.218
284,1/28/2024 9:00,32.218
285,1/28/2024 15:00,32.218
286,1/28/2024 21:00,32.218
287,1/29/2024 3:00,32.218
288,1/29/2024 9:00,32.218
289,1/29/2024 15:00,32.218
290,1/29/2024 21:00,32.218
291,1/30/2024 3:00,32.218
292,1/30/2024 9:00,32.218
293,1/30/2024 15:00,32.218
294,1/30/2024 21:00,32.218
295,1/31/2024 3:00,32.018
296,1/31/2024 9:00,32.018
297,1/31/2024 15:00,32.218
298,1/31/2024 21:00,32.218
299,2/1/2024 3:00,32.018
300,2/1/2024 9:00,32.018
301,2/1/2024 15:00,32.218
302,2/1/2024 21:00,32.218
303,2/2/2024 3:00,32.218
304,2/2/2024 9:00,32.218
305,2/2/2024 15:00,32.218
306,2/2/2024 21:00,32.218
307,2/3/2024 3:00,32.218
308,2/3/2024 9:00,32.218
309,2/3/2024 15:00,32.218
310,2/3/2024 21:00,32.218
311,2/4/2024 3:00,32.218
312,2/4/2024 9:00,32.218
313,2/4/2024 15:00,32.218
314,2/4/2024 21:00,32.218
315,2/5/2024 3:00,32.218
316,2/5/2024 9:00,32.218
317,2/5/2024 15:00,32.218
318,2/5/2024 21:00,32.218
319,2/6/2024 3:00,32.218
320,2/6/2024 9:00,32.218
321,2/6/2024 15:00,32.218
322,2/6/2024 21:00,32.218
323,2/7/2024 3:00,32.218
324,2/7/2024 9:00,32.218
325,2/7/2024 15:00,32.218
326,2/7/2024 21:00,32.218
327,2/8/2024 3:00,32.218
328,2/8/2024 9:00,32.218
329,2/8/2024 15:00,32.218
330,2/8/2024 21:00,32.218
331,2/9/2024 3:00,32.218
332,2/9/2024 9:00,32.218
333,2/9/2024 15:00,32.218
334,2/9/2024 21:00,32.218
335,2/10/2024 3:00,32.018
336,2/10/2024 9:00,31.816
337,2/10/2024 15:00,32.018
338,2/10/2024 21:00,31.816
339,2/11/2024 3:00,31.617
340,2/11/2024 9:00,31.617
341,2/11/2024 15:00,31.816
342,2/11/2024 21:00,31.816
343,2/12/2024 3:00,31.816
344,2/12/2024 9:00,31.816
345,2/12/2024 15:00,32.018
346,2/12/2024 21:00,31.816
347,2/13/2024 3:00,31.617
348,2/13/2024 9:00,31.415
349,2/13/2024 15:00,31.816
350,2/13/2024 21:00,31.816
351,2/14/2024 3:00,31.213
352,2/14/2024 9:00,31.213
353,2/14/2024 15:00,31.816
354,2/14/2024 21:00,31.816
355,2/15/2024 3:00,31.816
356,2/15/2024 9:00,32.018
357,2/15/2024 15:00,32.018
358,2/15/2024 21:00,32.018
359,2/16/2024 3:00,31.816
360,2/16/2024 9:00,31.617
361,2/16/2024 15:00,31.617
362,2/16/2024 21:00,31.012
363,2/17/2024 3:00,30.403
364,2/17/2024 9:00,29.995
365,2/17/2024 15:00,31.012
366,2/17/2024 21:00,31.012
367,2/18/2024 3:00,30.607
368,2/18/2024 9:00,31.012
369,2/18/2024 15:00,31.415
370,2/18/2024 21:00,31.617
371,2/19/2024 3:00,31.617
372,2/19/2024 9:00,31.617
373,2/19/2024 15:00,31.816
374,2/19/2024 21:00,31.816
375,2/20/2024 3:00,32.018
376,2/20/2024 9:00,32.018
377,2/20/2024 15:00,32.018
378,2/20/2024 21:00,32.018
379,2/21/2024 3:00,32.018
380,2/21/2024 9:00,32.018
381,2/21/2024 15:00,32.018
382,2/21/2024 21:00,32.218
383,2/22/2024 3:00,32.218
384,2/22/2024 9:00,32.218
385,2/22/2024 15:00,32.218
386,2/22/2024 21:00,32.218
387,2/23/2024 3:00,32.218
388,2/23/2024 9:00,32.018
389,2/23/2024 15:00,32.018
390,2/23/2024 21:00,32.018
391,2/24/2024 3:00,32.018
392,2/24/2024 9:00,31.816
393,2/24/2024 15:00,32.018
394,2/24/2024 21:00,32.018
395,2/25/2024 3:00,32.018
396,2/25/2024 9:00,32.018
397,2/25/2024 15:00,32.018
398,2/25/2024 21:00,32.018
399,2/26/2024 3:00,32.018
400,2/26/2024 9:00,32.018
401,2/26/2024 15:00,32.218
402,2/26/2024 21:00,32.218
403,2/27/2024 3:00,31.213
404,2/27/2024 9:00,29.586
405,2/27/2024 15:00,31.816
406,2/27/2024 21:00,29.586
407,2/28/2024 3:00,28.762
408,2/28/2024 9:00,29.995
409,2/28/2024 15:00,31.617
410,2/28/2024 21:00,31.213
411,2/29/2024 3:00,30.607
412,2/29/2024 9:00,29.995
413,2/29/2024 15:00,31.816
414,2/29/2024 21:00,32.018
415,3/1/2024 3:00,32.018
416,3/1/2024 9:00,32.018
417,3/1/2024 15:00,32.018
418,3/1/2024 21:00,32.018
419,3/2/2024 3:00,32.018
420,3/2/2024 9:00,32.018
421,3/2/2024 15:00,32.018
422,3/2/2024 21:00,32.018
423,3/3/2024 3:00,31.816
424,3/3/2024 9:00,31.213
425,3/3/2024 15:00,31.617
426,3/3/2024 21:00,31.415
427,3/4/2024 3:00,31.012
428,3/4/2024 9:00,30.607
429,3/4/2024 15:00,31.012
430,3/4/2024 21:00,30.607
431,3/5/2024 3:00,29.995
432,3/5/2024 9:00,30.198
433,3/5/2024 15:00,30.808
434,3/5/2024 21:00,31.012
435,3/6/2024 3:00,31.012
436,3/6/2024 9:00,29.79
437,3/6/2024 15:00,30.808
438,3/6/2024 21:00,31.012
439,3/7/2024 3:00,30.808
440,3/7/2024 9:00,29.174
441,3/7/2024 15:00,30.607
442,3/7/2024 21:00,30.198
443,3/8/2024 3:00,27.93
444,3/8/2024 9:00,27.302
445,3/8/2024 15:00,29.995
446,3/8/2024 21:00,29.79
447,3/9/2024 3:00,26.881
448,3/9/2024 9:00,26.245
449,3/9/2024 15:00,30.808
450,3/9/2024 21:00,30.808
451,3/10/2024 3:00,27.93
452,3/10/2024 9:00,27.511
453,3/10/2024 15:00,31.213
454,3/10/2024 21:00,31.617
455,3/11/2024 3:00,30.198
456,3/11/2024 9:00,29.995
457,3/11/2024 15:00,31.617
458,3/11/2024 21:00,31.816
459,3/12/2024 3:00,31.816
460,3/12/2024 9:00,31.816
461,3/12/2024 15:00,32.018
462,3/12/2024 21:00,32.018
463,3/13/2024 3:00,32.018
464,3/13/2024 9:00,32.018
465,3/13/2024 15:00,32.018
466,3/13/2024 21:00,32.018
467,3/14/2024 3:00,31.012
468,3/14/2024 9:00,30.403
469,3/14/2024 15:00,31.816
470,3/14/2024 21:00,31.816
471,3/15/2024 3:00,30.198
472,3/15/2024 9:00,29.379
473,3/15/2024 15:00,31.617
474,3/15/2024 21:00,31.816
475,3/16/2024 3:00,31.617
476,3/16/2024 9:00,31.213
477,3/16/2024 15:00,32.018
478,3/16/2024 21:00,32.018
479,3/17/2024 3:00,32.018
480,3/17/2024 9:00,32.018
481,3/17/2024 15:00,32.218
482,3/17/2024 21:00,32.218
483,3/18/2024 3:00,32.018
484,3/18/2024 9:00,32.218
485,3/18/2024 15:00,32.815
486,3/18/2024 21:00,32.218
487,3/19/2024 3:00,32.218
488,3/19/2024 9:00,32.218
489,3/19/2024 15:00,34.002
490,3/19/2024 21:00,32.218
491,3/20/2024 3:00,32.218
492,3/20/2024 9:00,32.218
493,3/20/2024 15:00,35.758
494,3/20/2024 21:00,32.418
495,3/21/2024 3:00,32.218
496,3/21/2024 9:00,32.218
497,3/21/2024 15:00,37.107
498,3/21/2024 21:00,32.815
499,3/22/2024 3:00,32.218
500,3/22/2024 9:00,32.218
501,3/22/2024 15:00,40.134
502,3/22/2024 21:00,34.59
503,3/23/2024 3:00,32.815
504,3/23/2024 9:00,33.213
505,3/23/2024 15:00,39.196
506,3/23/2024 21:00,34.981
507,3/24/2024 3:00,33.805
508,3/24/2024 9:00,33.411
509,3/24/2024 15:00,38.061
510,3/24/2024 21:00,34.002
511,3/25/2024 3:00,32.815
512,3/25/2024 9:00,32.815
513,3/25/2024 15:00,39.007
514,3/25/2024 21:00,34.59
515,3/26/2024 3:00,33.013
516,3/26/2024 9:00,33.013
517,3/26/2024 15:00,37.679
518,3/26/2024 21:00,34.786
519,3/27/2024 3:00,33.607
520,3/27/2024 9:00,33.213
521,3/27/2024 15:00,40.134
522,3/27/2024 21:00,37.107
523,3/28/2024 3:00,36.145
524,3/28/2024 9:00,34.981
525,3/28/2024 15:00,36.531
526,3/28/2024 21:00,34.59
527,3/29/2024 3:00,33.411
528,3/29/2024 9:00,33.213
529,3/29/2024 15:00,39.76
530,3/29/2024 21:00,35.564
531,3/30/2024 3:00,33.607
532,3/30/2024 9:00,33.213
533,3/30/2024 15:00,41.254
534,3/30/2024 21:00,37.297
535,3/31/2024 3:00,35.564
536,3/31/2024 9:00,36.531
537,3/31/2024 15:00,40.509
538,3/31/2024 21:00,37.297
539,4/1/2024 3:00,34.981
540,4/1/2024 9:00,34.59
541,4/1/2024 15:00,41.439
542,4/1/2024 21:00,37.488
543,4/2/2024 3:00,34.786
544,4/2/2024 9:00,34.981
545,4/2/2024 15:00,47.088
546,4/2/2024 21:00,41.439
547,4/3/2024 3:00,37.679
548,4/3/2024 9:00,39.947
549,4/3/2024 15:00,48.339
550,4/3/2024 21:00,43.099
551,4/4/2024 3:00,40.321
552,4/4/2024 9:00,42.179
553,4/4/2024 15:00,50.466
554,4/4/2024 21:00,44.195
555,4/5/2024 3:00,40.321
556,4/5/2024 9:00,43.099
557,4/5/2024 15:00,45.286
558,4/5/2024 21:00,40.321
559,4/6/2024 3:00,38.061
560,4/6/2024 9:00,37.679
561,4/6/2024 15:00,43.648
562,4/6/2024 21:00,39.573
563,4/7/2024 3:00,36.723
564,4/7/2024 9:00,37.679
565,4/7/2024 15:00,47.088
566,4/7/2024 21:00,40.881
567,4/8/2024 3:00,36.914
568,4/8/2024 9:00,36.914
569,4/8/2024 15:00,45.286
570,4/8/2024 21:00,39.947
571,4/9/2024 3:00,36.723
572,4/9/2024 9:00,38.44
573,4/9/2024 15:00,46.548
574,4/9/2024 21:00,41.254
575,4/10/2024 3:00,37.679
576,4/10/2024 9:00,40.134
577,4/10/2024 15:00,49.582
578,4/10/2024 21:00,42.915
579,4/11/2024 3:00,38.818
580,4/11/2024 9:00,41.625
581,4/11/2024 15:00,50.643
582,4/11/2024 21:00,45.104
583,4/12/2024 3:00,41.067
584,4/12/2024 9:00,44.922
585,4/12/2024 15:00,51.172
586,4/12/2024 21:00,46.908
587,4/13/2024 3:00,43.099
588,4/13/2024 9:00,46.728
589,4/13/2024 15:00,54.842
590,4/13/2024 21:00,48.517
591,4/14/2024 3:00,44.013
592,4/14/2024 9:00,47.624
593,4/14/2024 15:00,54.669
594,4/14/2024 21:00,47.982
595,4/15/2024 3:00,45.648
596,4/15/2024 9:00,45.648
597,4/15/2024 15:00,50.466
598,4/15/2024 21:00,47.088
599,4/16/2024 3:00,42.732
600,4/16/2024 9:00,46.008
601,4/16/2024 15:00,50.113
602,4/16/2024 21:00,46.548
603,4/17/2024 3:00,43.466
604,4/17/2024 9:00,43.099
605,4/17/2024 15:00,45.828
606,4/17/2024 21:00,40.509
607,4/18/2024 3:00,36.338
608,4/18/2024 9:00,38.44
609,4/18/2024 15:00,47.802
610,4/18/2024 21:00,40.881
611,4/19/2024 3:00,37.107
612,4/19/2024 9:00,39.384
613,4/19/2024 15:00,47.446
614,4/19/2024 21:00,41.254
615,4/20/2024 3:00,37.87
616,4/20/2024 9:00,40.696
617,4/20/2024 15:00,51.172
618,4/20/2024 21:00,44.195
619,4/21/2024 3:00,40.509
620,4/21/2024 9:00,44.195
621,4/21/2024 15:00,53.973
622,4/21/2024 21:00,47.088
623,4/22/2024 3:00,43.099
624,4/22/2024 9:00,46.369
625,4/22/2024 15:00,54.669
626,4/22/2024 21:00,46.908
627,4/23/2024 3:00,42.363
628,4/23/2024 9:00,45.828
629,4/23/2024 15:00,55.884
630,4/23/2024 21:00,48.16
631,4/24/2024 3:00,44.195
632,4/24/2024 9:00,49.228
633,4/24/2024 15:00,83.043
