Plot Title: LNopen,,
#,"Date Time, GMT-07:00","Temp, °F (LGR S/N: 21780489, SEN S/N: 21780489)"
1,11/18/2023 15:00,37.297
2,11/18/2023 21:00,33.013
3,11/19/2023 3:00,34.198
4,11/19/2023 9:00,35.758
5,11/19/2023 15:00,39.573
6,11/19/2023 21:00,35.758
7,11/20/2023 3:00,33.213
8,11/20/2023 9:00,31.617
9,11/20/2023 15:00,33.411
10,11/20/2023 21:00,31.816
11,11/21/2023 3:00,29.586
12,11/21/2023 9:00,30.198
13,11/21/2023 15:00,32.018
14,11/21/2023 21:00,30.403
15,11/22/2023 3:00,28.139
16,11/22/2023 9:00,27.091
17,11/22/2023 15:00,31.816
18,11/22/2023 21:00,31.816
19,11/23/2023 3:00,31.617
20,11/23/2023 9:00,31.213
21,11/23/2023 15:00,32.218
22,11/23/2023 21:00,32.018
23,11/24/2023 3:00,31.816
24,11/24/2023 9:00,31.213
25,11/24/2023 15:00,31.816
26,11/24/2023 21:00,30.198
27,11/25/2023 3:00,28.346
28,11/25/2023 9:00,26.881
29,11/25/2023 15:00,30.403
30,11/25/2023 21:00,26.668
31,11/26/2023 3:00,27.091
32,11/26/2023 9:00,26.881
33,11/26/2023 15:00,28.139
34,11/26/2023 21:00,27.091
35,11/27/2023 3:00,26.458
36,11/27/2023 9:00,26.245
37,11/27/2023 15:00,29.79
38,11/27/2023 21:00,24.31
39,11/28/2023 3:00,21.209
40,11/28/2023 9:00,19.843
41,11/28/2023 15:00,27.721
42,11/28/2023 21:00,22.552
43,11/29/2023 3:00,19.382
44,11/29/2023 9:00,19.152
45,11/29/2023 15:00,27.302
46,11/29/2023 21:00,21.434
47,11/30/2023 3:00,20.302
48,11/30/2023 9:00,18.451
49,11/30/2023 15:00,27.091
50,11/30/2023 21:00,24.093
51,12/1/2023 3:00,23.216
52,12/1/2023 9:00,22.552
53,12/1/2023 15:00,26.458
54,12/1/2023 21:00,26.245
55,12/2/2023 3:00,25.819
56,12/2/2023 9:00,26.031
57,12/2/2023 15:00,27.091
58,12/2/2023 21:00,27.091
59,12/3/2023 3:00,24.093
60,12/3/2023 9:00,24.744
61,12/3/2023 15:00,27.93
62,12/3/2023 21:00,28.139
63,12/4/2023 3:00,28.139
64,12/4/2023 9:00,28.555
65,12/4/2023 15:00,29.995
66,12/4/2023 21:00,30.808
67,12/5/2023 3:00,31.012
68,12/5/2023 9:00,31.213
69,12/5/2023 15:00,31.816
70,12/5/2023 21:00,31.816
71,12/6/2023 3:00,31.816
72,12/6/2023 9:00,31.012
73,12/6/2023 15:00,32.018
74,12/6/2023 21:00,32.018
75,12/7/2023 3:00,31.816
76,12/7/2023 9:00,31.816
77,12/7/2023 15:00,32.018
78,12/7/2023 21:00,31.816
79,12/8/2023 3:00,31.012
80,12/8/2023 9:00,30.808
81,12/8/2023 15:00,31.617
82,12/8/2023 21:00,29.586
83,12/9/2023 3:00,26.881
84,12/9/2023 9:00,24.093
85,12/9/2023 15:00,27.721
86,12/9/2023 21:00,26.458
87,12/10/2023 3:00,25.819
88,12/10/2023 9:00,26.245
89,12/10/2023 15:00,28.346
90,12/10/2023 21:00,28.555
91,12/11/2023 3:00,28.762
92,12/11/2023 9:00,28.969
93,12/11/2023 15:00,30.198
94,12/11/2023 21:00,29.995
95,12/12/2023 3:00,28.762
96,12/12/2023 9:00,28.346
97,12/12/2023 15:00,29.995
98,12/12/2023 21:00,28.969
99,12/13/2023 3:00,27.091
100,12/13/2023 9:00,25.39
101,12/13/2023 15:00,28.555
102,12/13/2023 21:00,26.881
103,12/14/2023 3:00,24.31
104,12/14/2023 9:00,22.107
105,12/14/2023 15:00,27.302
106,12/14/2023 21:00,24.31
107,12/15/2023 3:00,22.107
108,12/15/2023 9:00,21.659
109,12/15/2023 15:00,27.302
110,12/15/2023 21:00,24.744
111,12/16/2023 3:00,22.552
112,12/16/2023 9:00,21.659
113,12/16/2023 15:00,27.511
114,12/16/2023 21:00,24.093
115,12/17/2023 3:00,22.107
116,12/17/2023 9:00,20.529
117,12/17/2023 15:00,26.245
118,12/17/2023 21:00,22.775
119,12/18/2023 3:00,20.073
120,12/18/2023 9:00,20.984
121,12/18/2023 15:00,27.511
122,12/18/2023 21:00,27.091
123,12/19/2023 3:00,24.744
124,12/19/2023 9:00,26.458
125,12/19/2023 15:00,30.198
126,12/19/2023 21:00,28.555
127,12/20/2023 3:00,27.93
128,12/20/2023 9:00,28.969
129,12/20/2023 15:00,31.213
130,12/20/2023 21:00,30.808
131,12/21/2023 3:00,27.511
132,12/21/2023 9:00,28.139
133,12/21/2023 15:00,31.213
134,12/21/2023 21:00,31.617
135,12/22/2023 3:00,29.586
136,12/22/2023 9:00,29.995
137,12/22/2023 15:00,31.617
138,12/22/2023 21:00,31.816
139,12/23/2023 3:00,31.816
140,12/23/2023 9:00,32.018
141,12/23/2023 15:00,32.018
142,12/23/2023 21:00,31.012
143,12/24/2023 3:00,26.668
144,12/24/2023 9:00,22.995
145,12/24/2023 15:00,25.174
146,12/24/2023 21:00,20.073
147,12/25/2023 3:00,18.919
148,12/25/2023 9:00,20.529
149,12/25/2023 15:00,23.875
150,12/25/2023 21:00,17.748
151,12/26/2023 3:00,13.615
152,12/26/2023 9:00,14.608
153,12/26/2023 15:00,20.984
154,12/26/2023 21:00,18.217
155,12/27/2023 3:00,17.035
156,12/27/2023 9:00,19.612
157,12/27/2023 15:00,23.875
158,12/27/2023 21:00,21.209
159,12/28/2023 3:00,20.984
160,12/28/2023 9:00,19.382
161,12/28/2023 15:00,25.39
162,12/28/2023 21:00,21.209
163,12/29/2023 3:00,18.919
164,12/29/2023 9:00,19.152
165,12/29/2023 15:00,26.458
166,12/29/2023 21:00,22.775
167,12/30/2023 3:00,20.984
168,12/30/2023 9:00,20.529
169,12/30/2023 15:00,26.881
170,12/30/2023 21:00,25.605
171,12/31/2023 3:00,22.775
172,12/31/2023 9:00,21.659
173,12/31/2023 15:00,27.302
174,12/31/2023 21:00,22.775
175,1/1/2024 3:00,19.152
176,1/1/2024 9:00,17.51
177,1/1/2024 15:00,26.245
178,1/1/2024 21:00,21.659
179,1/2/2024 3:00,17.983
180,1/2/2024 9:00,18.217
181,1/2/2024 15:00,25.819
182,1/2/2024 21:00,20.984
183,1/3/2024 3:00,17.51
184,1/3/2024 9:00,17.272
185,1/3/2024 15:00,24.96
186,1/3/2024 21:00,23.875
187,1/4/2024 3:00,24.31
188,1/4/2024 9:00,23.655
189,1/4/2024 15:00,28.139
190,1/4/2024 21:00,27.302
191,1/5/2024 3:00,26.881
192,1/5/2024 9:00,26.458
193,1/5/2024 15:00,28.555
194,1/5/2024 21:00,24.31
195,1/6/2024 3:00,20.984
196,1/6/2024 9:00,22.552
197,1/6/2024 15:00,25.174
198,1/6/2024 21:00,24.744
199,1/7/2024 3:00,25.174
200,1/7/2024 9:00,24.96
201,1/7/2024 15:00,26.031
202,1/7/2024 21:00,25.605
203,1/8/2024 3:00,24.744
204,1/8/2024 9:00,23.216
205,1/8/2024 15:00,24.31
206,1/8/2024 21:00,24.31
207,1/9/2024 3:00,24.093
208,1/9/2024 9:00,24.31
209,1/9/2024 15:00,24.96
210,1/9/2024 21:00,24.96
211,1/10/2024 3:00,24.96
212,1/10/2024 9:00,24.96
213,1/10/2024 15:00,25.39
214,1/10/2024 21:00,25.605
215,1/11/2024 3:00,25.39
216,1/11/2024 9:00,24.96
217,1/11/2024 15:00,25.605
218,1/11/2024 21:00,25.605
219,1/12/2024 3:00,25.39
220,1/12/2024 9:00,25.605
221,1/12/2024 15:00,26.031
222,1/12/2024 21:00,26.031
223,1/13/2024 3:00,25.174
224,1/13/2024 9:00,24.31
225,1/13/2024 15:00,24.526
226,1/13/2024 21:00,24.526
227,1/14/2024 3:00,24.31
228,1/14/2024 9:00,24.093
229,1/14/2024 15:00,24.31
230,1/14/2024 21:00,24.744
231,1/15/2024 3:00,24.526
232,1/15/2024 9:00,23.875
233,1/15/2024 15:00,24.31
234,1/15/2024 21:00,23.875
235,1/16/2024 3:00,22.775
236,1/16/2024 9:00,22.107
237,1/16/2024 15:00,23.216
238,1/16/2024 21:00,23.436
239,1/17/2024 3:00,23.216
240,1/17/2024 9:00,23.655
241,1/17/2024 15:00,24.526
242,1/17/2024 21:00,24.96
243,1/18/2024 3:00,24.96
244,1/18/2024 9:00,24.96
245,1/18/2024 15:00,25.39
246,1/18/2024 21:00,25.819
247,1/19/2024 3:00,26.031
248,1/19/2024 9:00,26.458
249,1/19/2024 15:00,27.302
250,1/19/2024 21:00,27.511
251,1/20/2024 3:00,27.511
252,1/20/2024 9:00,27.721
253,1/20/2024 15:00,28.346
254,1/20/2024 21:00,28.762
255,1/21/2024 3:00,28.969
256,1/21/2024 9:00,29.174
257,1/21/2024 15:00,29.586
258,1/21/2024 21:00,29.79
259,1/22/2024 3:00,29.995
260,1/22/2024 9:00,29.995
261,1/22/2024 15:00,30.198
262,1/22/2024 21:00,30.403
263,1/23/2024 3:00,30.403
264,1/23/2024 9:00,30.607
265,1/23/2024 15:00,30.808
266,1/23/2024 21:00,31.012
267,1/24/2024 3:00,31.012
268,1/24/2024 9:00,31.213
269,1/24/2024 15:00,31.213
270,1/24/2024 21:00,31.415
271,1/25/2024 3:00,31.415
272,1/25/2024 9:00,31.415
273,1/25/2024 15:00,31.617
274,1/25/2024 21:00,31.617
275,1/26/2024 3:00,31.617
276,1/26/2024 9:00,31.415
277,1/26/2024 15:00,31.415
278,1/26/2024 21:00,31.617
279,1/27/2024 3:00,31.415
280,1/27/2024 9:00,31.213
281,1/27/2024 15:00,31.617
282,1/27/2024 21:00,31.617
283,1/28/2024 3:00,31.617
284,1/28/2024 9:00,31.617
285,1/28/2024 15:00,31.816
286,1/28/2024 21:00,31.816
287,1/29/2024 3:00,31.816
288,1/29/2024 9:00,32.018
289,1/29/2024 15:00,32.018
290,1/29/2024 21:00,32.218
291,1/30/2024 3:00,32.218
292,1/30/2024 9:00,32.218
293,1/30/2024 15:00,32.218
294,1/30/2024 21:00,32.218
295,1/31/2024 3:00,32.218
296,1/31/2024 9:00,32.218
297,1/31/2024 15:00,32.218
298,1/31/2024 21:00,32.218
299,2/1/2024 3:00,32.218
300,2/1/2024 9:00,32.218
301,2/1/2024 15:00,32.218
302,2/1/2024 21:00,32.218
303,2/2/2024 3:00,32.218
304,2/2/2024 9:00,32.218
305,2/2/2024 15:00,32.218
306,2/2/2024 21:00,32.218
307,2/3/2024 3:00,32.218
308,2/3/2024 9:00,32.218
309,2/3/2024 15:00,32.218
310,2/3/2024 21:00,32.218
311,2/4/2024 3:00,32.218
312,2/4/2024 9:00,32.218
313,2/4/2024 15:00,32.218
314,2/4/2024 21:00,32.218
315,2/5/2024 3:00,32.218
316,2/5/2024 9:00,32.218
317,2/5/2024 15:00,32.218
318,2/5/2024 21:00,32.218
319,2/6/2024 3:00,32.218
320,2/6/2024 9:00,32.218
321,2/6/2024 15:00,32.218
322,2/6/2024 21:00,32.218
323,2/7/2024 3:00,32.218
324,2/7/2024 9:00,32.218
325,2/7/2024 15:00,32.218
326,2/7/2024 21:00,32.218
327,2/8/2024 3:00,32.218
328,2/8/2024 9:00,32.218
329,2/8/2024 15:00,32.218
330,2/8/2024 21:00,32.218
331,2/9/2024 3:00,32.218
332,2/9/2024 9:00,32.218
333,2/9/2024 15:00,32.218
334,2/9/2024 21:00,32.218
335,2/10/2024 3:00,32.218
336,2/10/2024 9:00,32.218
337,2/10/2024 15:00,32.218
338,2/10/2024 21:00,32.218
339,2/11/2024 3:00,32.218
340,2/11/2024 9:00,32.218
341,2/11/2024 15:00,32.218
342,2/11/2024 21:00,32.218
343,2/12/2024 3:00,32.218
344,2/12/2024 9:00,32.218
345,2/12/2024 15:00,32.218
346,2/12/2024 21:00,32.218
347,2/13/2024 3:00,32.218
348,2/13/2024 9:00,32.218
349,2/13/2024 15:00,32.218
350,2/13/2024 21:00,32.218
351,2/14/2024 3:00,32.218
352,2/14/2024 9:00,32.218
353,2/14/2024 15:00,32.218
354,2/14/2024 21:00,32.218
355,2/15/2024 3:00,32.218
356,2/15/2024 9:00,32.218
357,2/15/2024 15:00,32.218
358,2/15/2024 21:00,32.218
359,2/16/2024 3:00,32.218
360,2/16/2024 9:00,32.218
361,2/16/2024 15:00,32.218
362,2/16/2024 21:00,32.218
363,2/17/2024 3:00,32.018
364,2/17/2024 9:00,32.018
365,2/17/2024 15:00,32.018
366,2/17/2024 21:00,32.018
367,2/18/2024 3:00,31.816
368,2/18/2024 9:00,31.816
369,2/18/2024 15:00,32.018
370,2/18/2024 21:00,32.018
371,2/19/2024 3:00,32.018
372,2/19/2024 9:00,32.018
373,2/19/2024 15:00,32.018
374,2/19/2024 21:00,32.018
375,2/20/2024 3:00,32.018
376,2/20/2024 9:00,32.218
377,2/20/2024 15:00,32.218
378,2/20/2024 21:00,32.218
379,2/21/2024 3:00,32.218
380,2/21/2024 9:00,32.218
381,2/21/2024 15:00,32.218
382,2/21/2024 21:00,32.218
383,2/22/2024 3:00,32.218
384,2/22/2024 9:00,32.218
385,2/22/2024 15:00,32.218
386,2/22/2024 21:00,32.218
387,2/23/2024 3:00,32.218
388,2/23/2024 9:00,32.218
389,2/23/2024 15:00,32.218
390,2/23/2024 21:00,32.218
391,2/24/2024 3:00,32.218
392,2/24/2024 9:00,32.218
393,2/24/2024 15:00,32.218
394,2/24/2024 21:00,32.218
395,2/25/2024 3:00,32.218
396,2/25/2024 9:00,32.218
397,2/25/2024 15:00,32.218
398,2/25/2024 21:00,32.218
399,2/26/2024 3:00,32.218
400,2/26/2024 9:00,32.218
401,2/26/2024 15:00,32.218
402,2/26/2024 21:00,32.218
403,2/27/2024 3:00,32.218
404,2/27/2024 9:00,32.018
405,2/27/2024 15:00,32.218
406,2/27/2024 21:00,32.218
407,2/28/2024 3:00,31.816
408,2/28/2024 9:00,31.617
409,2/28/2024 15:00,32.018
410,2/28/2024 21:00,32.018
411,2/29/2024 3:00,31.816
412,2/29/2024 9:00,31.415
413,2/29/2024 15:00,32.018
414,2/29/2024 21:00,32.018
415,3/1/2024 3:00,32.018
416,3/1/2024 9:00,32.018
417,3/1/2024 15:00,32.218
418,3/1/2024 21:00,32.018
419,3/2/2024 3:00,32.018
420,3/2/2024 9:00,32.218
421,3/2/2024 15:00,32.218
422,3/2/2024 21:00,32.218
423,3/3/2024 3:00,32.218
424,3/3/2024 9:00,32.018
425,3/3/2024 15:00,32.018
426,3/3/2024 21:00,32.218
427,3/4/2024 3:00,32.018
428,3/4/2024 9:00,32.018
429,3/4/2024 15:00,32.018
430,3/4/2024 21:00,32.018
431,3/5/2024 3:00,32.018
432,3/5/2024 9:00,32.018
433,3/5/2024 15:00,32.018
434,3/5/2024 21:00,32.018
435,3/6/2024 3:00,32.018
436,3/6/2024 9:00,31.816
437,3/6/2024 15:00,32.018
438,3/6/2024 21:00,32.018
439,3/7/2024 3:00,32.018
440,3/7/2024 9:00,31.816
441,3/7/2024 15:00,32.018
442,3/7/2024 21:00,32.018
443,3/8/2024 3:00,31.816
444,3/8/2024 9:00,31.617
445,3/8/2024 15:00,31.816
446,3/8/2024 21:00,32.018
447,3/9/2024 3:00,31.617
448,3/9/2024 9:00,30.808
449,3/9/2024 15:00,31.617
450,3/9/2024 21:00,31.816
451,3/10/2024 3:00,31.415
452,3/10/2024 9:00,30.808
453,3/10/2024 15:00,31.816
454,3/10/2024 21:00,31.816
455,3/11/2024 3:00,32.018
456,3/11/2024 9:00,31.816
457,3/11/2024 15:00,32.018
458,3/11/2024 21:00,32.018
459,3/12/2024 3:00,32.018
460,3/12/2024 9:00,32.018
461,3/12/2024 15:00,32.018
462,3/12/2024 21:00,32.018
463,3/13/2024 3:00,32.018
464,3/13/2024 9:00,32.018
465,3/13/2024 15:00,32.018
466,3/13/2024 21:00,32.018
467,3/14/2024 3:00,31.816
468,3/14/2024 9:00,31.213
469,3/14/2024 15:00,32.218
470,3/14/2024 21:00,32.218
471,3/15/2024 3:00,32.218
472,3/15/2024 9:00,31.816
473,3/15/2024 15:00,32.418
474,3/15/2024 21:00,32.218
475,3/16/2024 3:00,32.218
476,3/16/2024 9:00,32.018
477,3/16/2024 15:00,34.981
478,3/16/2024 21:00,32.418
479,3/17/2024 3:00,32.218
480,3/17/2024 9:00,32.418
481,3/17/2024 15:00,45.828
482,3/17/2024 21:00,35.758
483,3/18/2024 3:00,32.815
484,3/18/2024 9:00,32.617
485,3/18/2024 15:00,54.147
486,3/18/2024 21:00,40.696
487,3/19/2024 3:00,34.198
488,3/19/2024 9:00,33.411
489,3/19/2024 15:00,56.923
490,3/19/2024 21:00,42.915
491,3/20/2024 3:00,35.564
492,3/20/2024 9:00,35.37
493,3/20/2024 15:00,58.131
494,3/20/2024 21:00,44.379
495,3/21/2024 3:00,36.914
496,3/21/2024 9:00,37.107
497,3/21/2024 15:00,53.798
498,3/21/2024 21:00,42.179
499,3/22/2024 3:00,35.564
500,3/22/2024 9:00,34.786
501,3/22/2024 15:00,53.798
502,3/22/2024 21:00,43.648
503,3/23/2024 3:00,36.914
504,3/23/2024 9:00,38.818
505,3/23/2024 15:00,47.624
506,3/23/2024 21:00,40.509
507,3/24/2024 3:00,37.87
508,3/24/2024 9:00,36.145
509,3/24/2024 15:00,44.195
510,3/24/2024 21:00,37.107
511,3/25/2024 3:00,34.002
512,3/25/2024 9:00,33.607
513,3/25/2024 15:00,49.404
514,3/25/2024 21:00,38.629
515,3/26/2024 3:00,34.002
516,3/26/2024 9:00,33.607
517,3/26/2024 15:00,46.369
518,3/26/2024 21:00,38.44
519,3/27/2024 3:00,34.981
520,3/27/2024 9:00,34.002
521,3/27/2024 15:00,45.466
522,3/27/2024 21:00,39.76
523,3/28/2024 3:00,37.679
524,3/28/2024 9:00,35.758
525,3/28/2024 15:00,36.145
526,3/28/2024 21:00,34.59
527,3/29/2024 3:00,33.213
528,3/29/2024 9:00,33.213
529,3/29/2024 15:00,44.56
530,3/29/2024 21:00,38.061
531,3/30/2024 3:00,34.198
532,3/30/2024 9:00,33.411
533,3/30/2024 15:00,47.624
534,3/30/2024 21:00,41.254
535,3/31/2024 3:00,37.87
536,3/31/2024 9:00,38.44
537,3/31/2024 15:00,45.104
538,3/31/2024 21:00,39.573
539,4/1/2024 3:00,35.175
540,4/1/2024 9:00,34.59
541,4/1/2024 15:00,49.228
542,4/1/2024 21:00,40.881
543,4/2/2024 3:00,35.37
544,4/2/2024 9:00,36.145
545,4/2/2024 15:00,57.614
546,4/2/2024 21:00,47.266
547,4/3/2024 3:00,39.573
548,4/3/2024 9:00,41.439
549,4/3/2024 15:00,54.495
550,4/3/2024 21:00,46.369
551,4/4/2024 3:00,41.625
552,4/4/2024 9:00,43.282
553,4/4/2024 15:00,58.131
554,4/4/2024 21:00,48.16
555,4/5/2024 3:00,41.439
556,4/5/2024 9:00,43.466
557,4/5/2024 15:00,48.871
558,4/5/2024 21:00,41.254
559,4/6/2024 3:00,38.061
560,4/6/2024 9:00,37.488
561,4/6/2024 15:00,47.624
562,4/6/2024 21:00,42.363
563,4/7/2024 3:00,36.914
564,4/7/2024 9:00,38.061
565,4/7/2024 15:00,53.623
566,4/7/2024 21:00,42.915
567,4/8/2024 3:00,37.107
568,4/8/2024 9:00,36.531
569,4/8/2024 15:00,53.798
570,4/8/2024 21:00,44.195
571,4/9/2024 3:00,37.488
572,4/9/2024 9:00,38.818
573,4/9/2024 15:00,55.537
574,4/9/2024 21:00,45.828
575,4/10/2024 3:00,38.44
576,4/10/2024 9:00,40.321
577,4/10/2024 15:00,59.851
578,4/10/2024 21:00,48.517
579,4/11/2024 3:00,40.321
580,4/11/2024 9:00,42.548
581,4/11/2024 15:00,58.476
582,4/11/2024 21:00,49.05
583,4/12/2024 3:00,41.994
584,4/12/2024 9:00,46.008
585,4/12/2024 15:00,57.441
586,4/12/2024 21:00,50.29
587,4/13/2024 3:00,43.282
588,4/13/2024 9:00,48.16
589,4/13/2024 15:00,68.592
590,4/13/2024 21:00,53.798
591,4/14/2024 3:00,44.742
592,4/14/2024 9:00,49.404
593,4/14/2024 15:00,66.708
594,4/14/2024 21:00,53.274
595,4/15/2024 3:00,47.802
596,4/15/2024 9:00,47.624
597,4/15/2024 15:00,57.268
598,4/15/2024 21:00,50.29
599,4/16/2024 3:00,43.099
600,4/16/2024 9:00,47.802
601,4/16/2024 15:00,57.958
602,4/16/2024 21:00,50.113
603,4/17/2024 3:00,44.56
604,4/17/2024 9:00,43.099
605,4/17/2024 15:00,50.643
606,4/17/2024 21:00,41.994
607,4/18/2024 3:00,34.786
608,4/18/2024 9:00,36.723
609,4/18/2024 15:00,59.851
610,4/18/2024 21:00,45.828
611,4/19/2024 3:00,37.107
612,4/19/2024 9:00,40.321
613,4/19/2024 15:00,59.851
614,4/19/2024 21:00,45.828
615,4/20/2024 3:00,37.87
616,4/20/2024 9:00,42.548
617,4/20/2024 15:00,64.481
618,4/20/2024 21:00,50.466
619,4/21/2024 3:00,41.625
620,4/21/2024 9:00,46.008
621,4/21/2024 15:00,65.68
622,4/21/2024 21:00,52.576
623,4/22/2024 3:00,44.742
624,4/22/2024 9:00,48.695
625,4/22/2024 15:00,69.278
626,4/22/2024 21:00,54.322
627,4/23/2024 3:00,44.379
628,4/23/2024 9:00,48.16
629,4/23/2024 15:00,69.449
630,4/23/2024 21:00,54.842
631,4/24/2024 3:00,46.188
632,4/24/2024 9:00,52.225
633,4/24/2024 15:00,73.58
634,4/24/2024 21:00,60.195
635,4/25/2024 3:00,52.401
636,4/25/2024 9:00,51.874
637,4/25/2024 15:00,60.712
638,4/25/2024 21:00,51.699
639,4/26/2024 3:00,46.369
640,4/26/2024 9:00,50.29
641,4/26/2024 15:00,55.884
642,4/26/2024 21:00,49.937
643,4/27/2024 3:00,45.466
644,4/27/2024 9:00,45.828
645,4/27/2024 15:00,50.643
646,4/27/2024 21:00,46.008
647,4/28/2024 3:00,44.013
648,4/28/2024 9:00,45.286
649,4/28/2024 15:00,56.923
650,4/28/2024 21:00,49.759
651,4/29/2024 3:00,42.915
652,4/29/2024 9:00,44.742
653,4/29/2024 15:00,58.993
654,4/29/2024 21:00,46.728
655,4/30/2024 3:00,38.629
656,4/30/2024 9:00,65.68
657,4/30/2024 15:00,78.624
658,4/30/2024 21:00,62.94
659,5/1/2024 3:00,60.368
660,5/1/2024 9:00,54.842
661,5/1/2024 15:00,63.626
662,5/1/2024 21:00,63.626
663,5/2/2024 3:00,60.539
664,5/2/2024 9:00,57.785
665,5/2/2024 15:00,71.856
666,5/2/2024 21:00,69.278
667,5/3/2024 3:00,63.797
668,5/3/2024 9:00,68.763
