Plot Title: LNshrub,,
#,"Date Time, GMT-07:00","Temp, °F (LGR S/N: 21780491, SEN S/N: 21780491)"
1,11/18/2023 15:00,35.758
2,11/18/2023 21:00,32.418
3,11/19/2023 3:00,33.213
4,11/19/2023 9:00,35.175
5,11/19/2023 15:00,38.25
6,11/19/2023 21:00,35.175
7,11/20/2023 3:00,33.213
8,11/20/2023 9:00,31.816
9,11/20/2023 15:00,32.617
10,11/20/2023 21:00,30.808
11,11/21/2023 3:00,28.969
12,11/21/2023 9:00,30.198
13,11/21/2023 15:00,31.816
14,11/21/2023 21:00,29.174
15,11/22/2023 3:00,27.721
16,11/22/2023 9:00,27.511
17,11/22/2023 15:00,31.415
18,11/22/2023 21:00,31.816
19,11/23/2023 3:00,31.213
20,11/23/2023 9:00,31.213
21,11/23/2023 15:00,32.018
22,11/23/2023 21:00,32.018
23,11/24/2023 3:00,31.415
24,11/24/2023 9:00,30.607
25,11/24/2023 15:00,31.213
26,11/24/2023 21:00,29.174
27,11/25/2023 3:00,27.721
28,11/25/2023 9:00,26.668
29,11/25/2023 15:00,28.762
30,11/25/2023 21:00,26.031
31,11/26/2023 3:00,26.881
32,11/26/2023 9:00,26.668
33,11/26/2023 15:00,27.721
34,11/26/2023 21:00,26.881
35,11/27/2023 3:00,26.668
36,11/27/2023 9:00,26.458
37,11/27/2023 15:00,29.174
38,11/27/2023 21:00,24.526
39,11/28/2023 3:00,22.552
40,11/28/2023 9:00,21.884
41,11/28/2023 15:00,26.668
42,11/28/2023 21:00,22.775
43,11/29/2023 3:00,20.757
44,11/29/2023 9:00,20.984
45,11/29/2023 15:00,25.819
46,11/29/2023 21:00,21.434
47,11/30/2023 3:00,20.984
48,11/30/2023 9:00,19.612
49,11/30/2023 15:00,26.245
50,11/30/2023 21:00,23.875
51,12/1/2023 3:00,23.436
52,12/1/2023 9:00,22.995
53,12/1/2023 15:00,26.245
54,12/1/2023 21:00,25.819
55,12/2/2023 3:00,25.39
56,12/2/2023 9:00,25.605
57,12/2/2023 15:00,26.668
58,12/2/2023 21:00,26.668
59,12/3/2023 3:00,23.436
60,12/3/2023 9:00,24.31
61,12/3/2023 15:00,27.93
62,12/3/2023 21:00,27.93
63,12/4/2023 3:00,27.721
64,12/4/2023 9:00,28.555
65,12/4/2023 15:00,30.403
66,12/4/2023 21:00,30.808
67,12/5/2023 3:00,31.012
68,12/5/2023 9:00,31.213
69,12/5/2023 15:00,31.816
70,12/5/2023 21:00,31.816
71,12/6/2023 3:00,31.816
72,12/6/2023 9:00,31.213
73,12/6/2023 15:00,32.018
74,12/6/2023 21:00,31.816
75,12/7/2023 3:00,31.816
76,12/7/2023 9:00,31.816
77,12/7/2023 15:00,32.018
78,12/7/2023 21:00,31.213
79,12/8/2023 3:00,30.808
80,12/8/2023 9:00,30.198
81,12/8/2023 15:00,31.213
82,12/8/2023 21:00,28.346
83,12/9/2023 3:00,25.605
84,12/9/2023 9:00,23.216
85,12/9/2023 15:00,27.091
86,12/9/2023 21:00,25.819
87,12/10/2023 3:00,25.605
88,12/10/2023 9:00,26.031
89,12/10/2023 15:00,28.346
90,12/10/2023 21:00,28.139
91,12/11/2023 3:00,28.139
92,12/11/2023 9:00,28.555
93,12/11/2023 15:00,30.607
94,12/11/2023 21:00,30.198
95,12/12/2023 3:00,28.346
96,12/12/2023 9:00,27.93
97,12/12/2023 15:00,29.79
98,12/12/2023 21:00,27.721
99,12/13/2023 3:00,25.39
100,12/13/2023 9:00,24.093
101,12/13/2023 15:00,28.346
102,12/13/2023 21:00,25.605
103,12/14/2023 3:00,22.995
104,12/14/2023 9:00,21.209
105,12/14/2023 15:00,25.605
106,12/14/2023 21:00,21.659
107,12/15/2023 3:00,19.612
108,12/15/2023 9:00,20.073
109,12/15/2023 15:00,25.819
110,12/15/2023 21:00,22.552
111,12/16/2023 3:00,20.984
112,12/16/2023 9:00,20.529
113,12/16/2023 15:00,27.091
114,12/16/2023 21:00,22.552
115,12/17/2023 3:00,20.757
116,12/17/2023 9:00,19.612
117,12/17/2023 15:00,24.96
118,12/17/2023 21:00,21.434
119,12/18/2023 3:00,20.073
120,12/18/2023 9:00,21.434
121,12/18/2023 15:00,28.139
122,12/18/2023 21:00,26.668
123,12/19/2023 3:00,24.744
124,12/19/2023 9:00,27.091
125,12/19/2023 15:00,30.403
126,12/19/2023 21:00,27.721
127,12/20/2023 3:00,28.139
128,12/20/2023 9:00,29.379
129,12/20/2023 15:00,31.415
130,12/20/2023 21:00,30.808
131,12/21/2023 3:00,27.721
132,12/21/2023 9:00,28.555
133,12/21/2023 15:00,31.415
134,12/21/2023 21:00,31.617
135,12/22/2023 3:00,29.586
136,12/22/2023 9:00,30.198
137,12/22/2023 15:00,31.816
138,12/22/2023 21:00,31.816
139,12/23/2023 3:00,31.816
140,12/23/2023 9:00,31.816
141,12/23/2023 15:00,31.617
142,12/23/2023 21:00,28.969
143,12/24/2023 3:00,25.39
144,12/24/2023 9:00,22.552
145,12/24/2023 15:00,24.31
146,12/24/2023 21:00,20.073
147,12/25/2023 3:00,19.382
148,12/25/2023 9:00,20.757
149,12/25/2023 15:00,22.775
150,12/25/2023 21:00,17.51
151,12/26/2023 3:00,14.362
152,12/26/2023 9:00,15.589
153,12/26/2023 15:00,21.884
154,12/26/2023 21:00,18.451
155,12/27/2023 3:00,17.983
156,12/27/2023 9:00,20.302
157,12/27/2023 15:00,24.31
158,12/27/2023 21:00,21.209
159,12/28/2023 3:00,21.434
160,12/28/2023 9:00,20.073
161,12/28/2023 15:00,24.744
162,12/28/2023 21:00,21.209
163,12/29/2023 3:00,20.073
164,12/29/2023 9:00,20.529
165,12/29/2023 15:00,26.031
166,12/29/2023 21:00,22.552
167,12/30/2023 3:00,22.107
168,12/30/2023 9:00,21.884
169,12/30/2023 15:00,27.302
170,12/30/2023 21:00,26.031
171,12/31/2023 3:00,23.655
172,12/31/2023 9:00,22.995
173,12/31/2023 15:00,26.458
174,12/31/2023 21:00,22.552
175,1/1/2024 3:00,20.073
176,1/1/2024 9:00,19.382
177,1/1/2024 15:00,25.605
178,1/1/2024 21:00,21.659
179,1/2/2024 3:00,19.152
180,1/2/2024 9:00,19.612
181,1/2/2024 15:00,24.96
182,1/2/2024 21:00,20.757
183,1/3/2024 3:00,18.685
184,1/3/2024 9:00,18.919
185,1/3/2024 15:00,25.605
186,1/3/2024 21:00,24.093
187,1/4/2024 3:00,24.526
188,1/4/2024 9:00,23.875
189,1/4/2024 15:00,27.93
190,1/4/2024 21:00,26.881
191,1/5/2024 3:00,26.668
192,1/5/2024 9:00,26.245
193,1/5/2024 15:00,27.511
194,1/5/2024 21:00,23.436
195,1/6/2024 3:00,20.984
196,1/6/2024 9:00,22.552
197,1/6/2024 15:00,25.174
198,1/6/2024 21:00,24.526
199,1/7/2024 3:00,24.744
200,1/7/2024 9:00,24.31
201,1/7/2024 15:00,25.39
202,1/7/2024 21:00,24.31
203,1/8/2024 3:00,22.995
204,1/8/2024 9:00,20.984
205,1/8/2024 15:00,22.33
206,1/8/2024 21:00,22.552
207,1/9/2024 3:00,22.33
208,1/9/2024 9:00,22.775
209,1/9/2024 15:00,23.655
210,1/9/2024 21:00,23.655
211,1/10/2024 3:00,23.655
212,1/10/2024 9:00,23.216
213,1/10/2024 15:00,24.093
214,1/10/2024 21:00,23.875
215,1/11/2024 3:00,23.216
216,1/11/2024 9:00,22.552
217,1/11/2024 15:00,22.775
218,1/11/2024 21:00,22.775
219,1/12/2024 3:00,22.775
220,1/12/2024 9:00,23.216
221,1/12/2024 15:00,22.995
222,1/12/2024 21:00,21.884
223,1/13/2024 3:00,19.382
224,1/13/2024 9:00,17.272
225,1/13/2024 15:00,17.748
226,1/13/2024 21:00,17.983
227,1/14/2024 3:00,18.451
228,1/14/2024 9:00,18.451
229,1/14/2024 15:00,19.612
230,1/14/2024 21:00,20.757
231,1/15/2024 3:00,20.984
232,1/15/2024 9:00,18.685
233,1/15/2024 15:00,17.748
234,1/15/2024 21:00,17.983
235,1/16/2024 3:00,17.272
236,1/16/2024 9:00,17.272
237,1/16/2024 15:00,18.685
238,1/16/2024 21:00,19.382
239,1/17/2024 3:00,19.843
240,1/17/2024 9:00,20.757
241,1/17/2024 15:00,21.884
242,1/17/2024 21:00,22.775
243,1/18/2024 3:00,22.995
244,1/18/2024 9:00,22.775
245,1/18/2024 15:00,23.655
246,1/18/2024 21:00,24.093
247,1/19/2024 3:00,24.526
248,1/19/2024 9:00,25.174
249,1/19/2024 15:00,26.031
250,1/19/2024 21:00,26.668
251,1/20/2024 3:00,26.668
252,1/20/2024 9:00,27.091
253,1/20/2024 15:00,28.969
254,1/20/2024 21:00,28.969
255,1/21/2024 3:00,29.174
256,1/21/2024 9:00,29.174
257,1/21/2024 15:00,29.79
258,1/21/2024 21:00,30.808
259,1/22/2024 3:00,30.607
260,1/22/2024 9:00,30.607
261,1/22/2024 15:00,30.808
262,1/22/2024 21:00,31.213
263,1/23/2024 3:00,31.415
264,1/23/2024 9:00,31.415
265,1/23/2024 15:00,31.617
266,1/23/2024 21:00,31.816
267,1/24/2024 3:00,31.816
268,1/24/2024 9:00,31.816
269,1/24/2024 15:00,31.816
270,1/24/2024 21:00,31.816
271,1/25/2024 3:00,31.816
272,1/25/2024 9:00,32.018
273,1/25/2024 15:00,32.018
274,1/25/2024 21:00,32.018
275,1/26/2024 3:00,32.018
276,1/26/2024 9:00,31.816
277,1/26/2024 15:00,31.816
278,1/26/2024 21:00,31.816
279,1/27/2024 3:00,31.816
280,1/27/2024 9:00,31.617
281,1/27/2024 15:00,31.816
282,1/27/2024 21:00,31.816
283,1/28/2024 3:00,31.816
284,1/28/2024 9:00,31.816
285,1/28/2024 15:00,32.018
286,1/28/2024 21:00,32.018
287,1/29/2024 3:00,32.018
288,1/29/2024 9:00,32.018
289,1/29/2024 15:00,32.018
290,1/29/2024 21:00,32.218
291,1/30/2024 3:00,32.218
292,1/30/2024 9:00,32.218
293,1/30/2024 15:00,32.218
294,1/30/2024 21:00,32.218
295,1/31/2024 3:00,32.018
296,1/31/2024 9:00,32.018
297,1/31/2024 15:00,32.218
298,1/31/2024 21:00,32.218
299,2/1/2024 3:00,31.816
300,2/1/2024 9:00,32.018
301,2/1/2024 15:00,32.018
302,2/1/2024 21:00,32.218
303,2/2/2024 3:00,32.218
304,2/2/2024 9:00,32.218
305,2/2/2024 15:00,32.218
306,2/2/2024 21:00,32.218
307,2/3/2024 3:00,32.218
308,2/3/2024 9:00,32.218
309,2/3/2024 15:00,32.218
310,2/3/2024 21:00,32.218
311,2/4/2024 3:00,32.218
312,2/4/2024 9:00,32.218
313,2/4/2024 15:00,32.218
314,2/4/2024 21:00,32.218
315,2/5/2024 3:00,32.218
316,2/5/2024 9:00,32.218
317,2/5/2024 15:00,32.218
318,2/5/2024 21:00,32.218
319,2/6/2024 3:00,32.218
320,2/6/2024 9:00,32.218
321,2/6/2024 15:00,32.218
322,2/6/2024 21:00,32.218
323,2/7/2024 3:00,32.218
324,2/7/2024 9:00,32.218
325,2/7/2024 15:00,32.218
326,2/7/2024 21:00,32.218
327,2/8/2024 3:00,32.218
328,2/8/2024 9:00,32.218
329,2/8/2024 15:00,32.218
330,2/8/2024 21:00,32.218
331,2/9/2024 3:00,32.218
332,2/9/2024 9:00,32.218
333,2/9/2024 15:00,32.218
334,2/9/2024 21:00,32.218
335,2/10/2024 3:00,32.218
336,2/10/2024 9:00,32.018
337,2/10/2024 15:00,32.018
338,2/10/2024 21:00,32.018
339,2/11/2024 3:00,31.816
340,2/11/2024 9:00,31.816
341,2/11/2024 15:00,31.816
342,2/11/2024 21:00,31.816
343,2/12/2024 3:00,31.816
344,2/12/2024 9:00,31.816
345,2/12/2024 15:00,31.816
346,2/12/2024 21:00,32.018
347,2/13/2024 3:00,31.816
348,2/13/2024 9:00,31.617
349,2/13/2024 15:00,31.816
350,2/13/2024 21:00,31.816
351,2/14/2024 3:00,31.213
352,2/14/2024 9:00,31.213
353,2/14/2024 15:00,31.617
354,2/14/2024 21:00,31.617
355,2/15/2024 3:00,31.816
356,2/15/2024 9:00,31.816
357,2/15/2024 15:00,31.816
358,2/15/2024 21:00,32.018
359,2/16/2024 3:00,32.018
360,2/16/2024 9:00,31.012
361,2/16/2024 15:00,30.808
362,2/16/2024 21:00,29.586
363,2/17/2024 3:00,28.555
364,2/17/2024 9:00,27.511
365,2/17/2024 15:00,29.379
366,2/17/2024 21:00,29.174
367,2/18/2024 3:00,28.555
368,2/18/2024 9:00,29.174
369,2/18/2024 15:00,30.198
370,2/18/2024 21:00,30.607
371,2/19/2024 3:00,30.808
372,2/19/2024 9:00,30.808
373,2/19/2024 15:00,31.213
374,2/19/2024 21:00,31.617
375,2/20/2024 3:00,31.617
376,2/20/2024 9:00,31.617
377,2/20/2024 15:00,31.816
378,2/20/2024 21:00,31.816
379,2/21/2024 3:00,32.018
380,2/21/2024 9:00,32.018
381,2/21/2024 15:00,32.018
382,2/21/2024 21:00,32.018
383,2/22/2024 3:00,32.018
384,2/22/2024 9:00,32.018
385,2/22/2024 15:00,32.018
386,2/22/2024 21:00,32.018
387,2/23/2024 3:00,32.018
388,2/23/2024 9:00,31.617
389,2/23/2024 15:00,31.816
390,2/23/2024 21:00,32.018
391,2/24/2024 3:00,31.617
392,2/24/2024 9:00,31.012
393,2/24/2024 15:00,31.816
394,2/24/2024 21:00,32.018
395,2/25/2024 3:00,32.018
396,2/25/2024 9:00,32.018
397,2/25/2024 15:00,32.018
398,2/25/2024 21:00,32.018
399,2/26/2024 3:00,32.018
400,2/26/2024 9:00,32.018
401,2/26/2024 15:00,32.018
402,2/26/2024 21:00,32.018
403,2/27/2024 3:00,31.213
404,2/27/2024 9:00,28.969
405,2/27/2024 15:00,30.808
406,2/27/2024 21:00,28.346
407,2/28/2024 3:00,26.458
408,2/28/2024 9:00,27.511
409,2/28/2024 15:00,29.995
410,2/28/2024 21:00,29.995
411,2/29/2024 3:00,29.379
412,2/29/2024 9:00,28.139
413,2/29/2024 15:00,31.012
414,2/29/2024 21:00,31.617
415,3/1/2024 3:00,31.617
416,3/1/2024 9:00,31.617
417,3/1/2024 15:00,31.816
418,3/1/2024 21:00,31.816
419,3/2/2024 3:00,32.018
420,3/2/2024 9:00,32.018
421,3/2/2024 15:00,32.018
422,3/2/2024 21:00,31.816
423,3/3/2024 3:00,30.808
424,3/3/2024 9:00,29.379
425,3/3/2024 15:00,30.607
426,3/3/2024 21:00,30.403
427,3/4/2024 3:00,29.79
428,3/4/2024 9:00,28.762
429,3/4/2024 15:00,29.586
430,3/4/2024 21:00,28.346
431,3/5/2024 3:00,26.458
432,3/5/2024 9:00,27.302
433,3/5/2024 15:00,28.555
434,3/5/2024 21:00,29.174
435,3/6/2024 3:00,29.174
436,3/6/2024 9:00,27.302
437,3/6/2024 15:00,28.969
438,3/6/2024 21:00,29.379
439,3/7/2024 3:00,28.762
440,3/7/2024 9:00,26.458
441,3/7/2024 15:00,28.346
442,3/7/2024 21:00,27.091
443,3/8/2024 3:00,24.526
444,3/8/2024 9:00,24.093
445,3/8/2024 15:00,27.091
446,3/8/2024 21:00,26.031
447,3/9/2024 3:00,23.436
448,3/9/2024 9:00,23.216
449,3/9/2024 15:00,29.174
450,3/9/2024 21:00,28.346
451,3/10/2024 3:00,25.39
452,3/10/2024 9:00,25.39
453,3/10/2024 15:00,30.607
454,3/10/2024 21:00,31.213
455,3/11/2024 3:00,29.586
456,3/11/2024 9:00,29.174
457,3/11/2024 15:00,31.415
458,3/11/2024 21:00,31.617
459,3/12/2024 3:00,31.816
460,3/12/2024 9:00,31.816
461,3/12/2024 15:00,31.816
462,3/12/2024 21:00,32.018
463,3/13/2024 3:00,32.018
464,3/13/2024 9:00,31.816
465,3/13/2024 15:00,31.816
466,3/13/2024 21:00,31.816
467,3/14/2024 3:00,29.79
468,3/14/2024 9:00,29.174
469,3/14/2024 15:00,31.617
470,3/14/2024 21:00,31.816
471,3/15/2024 3:00,28.762
472,3/15/2024 9:00,27.721
473,3/15/2024 15:00,31.415
474,3/15/2024 21:00,32.218
475,3/16/2024 3:00,31.617
476,3/16/2024 9:00,30.403
477,3/16/2024 15:00,31.816
478,3/16/2024 21:00,32.018
479,3/17/2024 3:00,32.018
480,3/17/2024 9:00,31.816
481,3/17/2024 15:00,32.218
482,3/17/2024 21:00,32.018
483,3/18/2024 3:00,32.018
484,3/18/2024 9:00,32.018
485,3/18/2024 15:00,33.013
486,3/18/2024 21:00,32.218
487,3/19/2024 3:00,32.218
488,3/19/2024 9:00,32.018
489,3/19/2024 15:00,34.198
490,3/19/2024 21:00,32.218
491,3/20/2024 3:00,32.218
492,3/20/2024 9:00,32.218
493,3/20/2024 15:00,36.145
494,3/20/2024 21:00,32.418
495,3/21/2024 3:00,32.218
496,3/21/2024 9:00,32.218
497,3/21/2024 15:00,39.007
498,3/21/2024 21:00,33.013
499,3/22/2024 3:00,32.418
500,3/22/2024 9:00,32.418
501,3/22/2024 15:00,42.732
502,3/22/2024 21:00,35.951
503,3/23/2024 3:00,33.213
504,3/23/2024 9:00,35.175
505,3/23/2024 15:00,42.363
506,3/23/2024 21:00,36.723
507,3/24/2024 3:00,35.175
508,3/24/2024 9:00,34.394
509,3/24/2024 15:00,41.439
510,3/24/2024 21:00,34.981
511,3/25/2024 3:00,33.013
512,3/25/2024 9:00,33.013
513,3/25/2024 15:00,44.013
514,3/25/2024 21:00,35.175
515,3/26/2024 3:00,32.815
516,3/26/2024 9:00,32.815
517,3/26/2024 15:00,38.061
518,3/26/2024 21:00,34.981
519,3/27/2024 3:00,33.411
520,3/27/2024 9:00,33.213
521,3/27/2024 15:00,42.179
522,3/27/2024 21:00,37.87
523,3/28/2024 3:00,36.531
524,3/28/2024 9:00,35.37
525,3/28/2024 15:00,39.76
526,3/28/2024 21:00,34.786
527,3/29/2024 3:00,33.213
528,3/29/2024 9:00,33.213
529,3/29/2024 15:00,40.696
530,3/29/2024 21:00,35.175
531,3/30/2024 3:00,33.411
532,3/30/2024 9:00,33.213
533,3/30/2024 15:00,42.915
534,3/30/2024 21:00,37.87
535,3/31/2024 3:00,36.145
536,3/31/2024 9:00,37.488
537,3/31/2024 15:00,42.732
538,3/31/2024 21:00,37.488
539,4/1/2024 3:00,34.394
540,4/1/2024 9:00,34.002
541,4/1/2024 15:00,46.188
542,4/1/2024 21:00,38.061
543,4/2/2024 3:00,34.394
544,4/2/2024 9:00,34.198
545,4/2/2024 15:00,50.643
546,4/2/2024 21:00,42.548
547,4/3/2024 3:00,37.297
548,4/3/2024 9:00,38.818
549,4/3/2024 15:00,49.582
550,4/3/2024 21:00,43.466
551,4/4/2024 3:00,40.509
552,4/4/2024 9:00,42.179
553,4/4/2024 15:00,52.925
554,4/4/2024 21:00,45.104
555,4/5/2024 3:00,40.321
556,4/5/2024 9:00,42.548
557,4/5/2024 15:00,45.466
558,4/5/2024 21:00,40.509
559,4/6/2024 3:00,37.87
560,4/6/2024 9:00,38.061
561,4/6/2024 15:00,45.286
562,4/6/2024 21:00,40.321
563,4/7/2024 3:00,36.531
564,4/7/2024 9:00,38.44
565,4/7/2024 15:00,50.466
566,4/7/2024 21:00,40.509
567,4/8/2024 3:00,36.145
568,4/8/2024 9:00,35.564
569,4/8/2024 15:00,51.346
570,4/8/2024 21:00,40.696
571,4/9/2024 3:00,36.338
572,4/9/2024 9:00,39.007
573,4/9/2024 15:00,53.274
574,4/9/2024 21:00,42.732
575,4/10/2024 3:00,37.107
576,4/10/2024 9:00,38.44
577,4/10/2024 15:00,55.017
578,4/10/2024 21:00,44.379
579,4/11/2024 3:00,38.629
580,4/11/2024 9:00,40.509
581,4/11/2024 15:00,52.75
582,4/11/2024 21:00,45.466
583,4/12/2024 3:00,40.509
584,4/12/2024 9:00,44.379
585,4/12/2024 15:00,53.798
586,4/12/2024 21:00,47.982
587,4/13/2024 3:00,42.915
588,4/13/2024 9:00,46.548
589,4/13/2024 15:00,62.425
590,4/13/2024 21:00,49.937
591,4/14/2024 3:00,43.831
592,4/14/2024 9:00,47.446
593,4/14/2024 15:00,61.569
594,4/14/2024 21:00,50.113
595,4/15/2024 3:00,46.728
596,4/15/2024 9:00,46.908
597,4/15/2024 15:00,56.23
598,4/15/2024 21:00,48.517
599,4/16/2024 3:00,42.915
600,4/16/2024 9:00,45.828
601,4/16/2024 15:00,53.798
602,4/16/2024 21:00,47.982
603,4/17/2024 3:00,43.648
604,4/17/2024 9:00,42.548
605,4/17/2024 15:00,48.16
606,4/17/2024 21:00,40.509
607,4/18/2024 3:00,34.59
608,4/18/2024 9:00,35.564
609,4/18/2024 15:00,55.537
610,4/18/2024 21:00,41.625
611,4/19/2024 3:00,35.951
612,4/19/2024 9:00,38.629
613,4/19/2024 15:00,55.711
614,4/19/2024 21:00,41.81
615,4/20/2024 3:00,36.914
616,4/20/2024 9:00,39.947
617,4/20/2024 15:00,59.337
618,4/20/2024 21:00,45.104
619,4/21/2024 3:00,39.76
620,4/21/2024 9:00,45.104
621,4/21/2024 15:00,62.425
622,4/21/2024 21:00,49.228
623,4/22/2024 3:00,43.282
624,4/22/2024 9:00,45.466
625,4/22/2024 15:00,64.825
626,4/22/2024 21:00,49.228
627,4/23/2024 3:00,42.548
628,4/23/2024 9:00,46.188
629,4/23/2024 15:00,64.481
630,4/23/2024 21:00,50.113
631,4/24/2024 3:00,44.56
632,4/24/2024 9:00,49.228
633,4/24/2024 15:00,68.934
