"","site","shrub","patch","subplot","species","id","length_cm","sa_cm2","avg_diam_mm"
"1","high_east","1","open","R","BRTE","2",6.8481,0.3098,0.144
"2","high_east","2","shrub","C","COPA","2",1.041,0.1433,0.4381
"3","high_east","4","shrub","R","COPA","1",2.0065,0.2205,0.3499
"4","high_east","2","shrub","C","COPA","3",3.5337,0.3017,0.2717
"5","high_east","4","open","R","COPA","1",1.9168,0.1845,0.3063
"6","high_east","2","shrub","R","COPA","3",16.0154,0.7555,0.1502
"7","high_east","1","shrub","C","COPA","3",4.6199,0.2762,0.1903
"8","high_east","3","shrub","C","COPA","1",2.7142,0.2488,0.2918
"9","high_east","4","shrub","R","BRTE","2",2.7625,0.1582,0.1822
"10","high_east","2","shrub","R","COPA","2",3.7053,0.3465,0.2976
"11","high_east","2","shrub","C","BRTE","1",16.6477,0.9482,0.1813
"12","high_east","4","shrub","C","ALDE","1",1.1166,0.0693,0.1974
"13","high_east","1","open","C","BRTE","3",1.5149,0.0956,0.2008
"14","high_east","4","shrub","supp","COPA","1",2.6431,0.1926,0.2319
"15","high_east","4","shrub","supp","COPA","1",4.2364,0.2396,0.18
"16","high_east","4","shrub","supp","COPA","1",4.0892,0.2974,0.2315
"17","high_east","4","open","supp","COPA","1",1.511,0.1704,0.3589
"18","high_east","4","open","supp","COPA","1",6.2956,0.3693,0.1867
"19","high_east","4","open","supp","COPA","1",1.1658,0.1342,0.3665
"20","high_east","2","shrub","supp","COPA","1",2.3648,0.1976,0.2659
"21","high_east","2","shrub","supp","COPA","1",4.0824,0.3736,0.2913
"22","high_east","2","shrub","supp","COPA","1",4.4651,0.316,0.2253
"23","high_east","3","open","supp","COPA","1",6.0507,0.4768,0.2508
"24","high_east","3","open","supp","COPA","1",10.0499,0.8077,0.2558
"25","high_east","3","open","supp","COPA","1",6.0037,0.4578,0.2427
"26","high_east","3","open","supp","ALDE","1",7.2044,0.5462,0.2413
"27","high_east","3","open","supp","ALDE","1",3.4637,0.3329,0.3059
"28","high_east","3","shrub","supp","COPA","1",3.4663,0.2262,0.2077
"29","high_east","3","shrub","supp","COPA","1",3.2533,0.2342,0.2292
"30","high_east","3","shrub","supp","COPA","1",4.8599,0.359,0.2351
"31","high_east","10",NA,"supp","COPA","1",5.3187,0.4256,0.2547
"32","high_east","10",NA,"supp","COPA","1",8.3573,0.5024,0.1914
"33","high_east","10",NA,"supp","COPA","1",4.3704,0.2853,0.2078
"34","high_east","10",NA,"supp","COPA","1",1.6388,0.1147,0.2228
"35","high_east","10",NA,"supp","COPA","1",5.9804,0.3134,0.1668
"36","high_east","1","shrub","supp","COPA","1",1.4408,0.1236,0.2731
"37","high_east","1","shrub","supp","COPA","1",3.5862,0.3229,0.2866
"38","high_east","1","shrub","supp","COPA","1",3.7254,0.2503,0.2139
"39","high_east","2","open","supp","COPA","1",6.5498,0.3742,0.1819
"40","high_east","2","open","supp","COPA","1",1.3338,0.1157,0.2761
"41","high_east","2","open","supp","COPA","1",0.8043,0.0785,0.3107
"42","high_gate","2","open","R","BRTE","3",10.9424,0.7673,0.2232
"43","high_gate","2","shrub","R","BRTE","3",2.9267,0.1916,0.2084
"44","high_gate","2","open","R","BRTE","1",2.6167,0.2285,0.278
"45","high_gate","1","shrub","C","BRTE","1",18.5066,1.0327,0.1776
"46","high_gate","1","shrub","R","BRTE","3",2.9858,0.1557,0.166
"47","high_gate","1","shrub","C","BRTE","3",6.2626,0.3137,0.1595
"48","high_gate","1","shrub","R","COPA","3",10.2224,0.4424,0.1378
"49","high_gate","1","shrub","R","BRTE","1",12.3219,0.5775,0.1492
"50","high_gate","2","shrub","C","ALDE","2",3.1549,0.2735,0.276
"51","high_gate","2","shrub","C","COPA","1",4.7355,0.2184,0.1468
"52","high_gate","4","open","R","BRTE","1",7.872,0.4316,0.1745
"53","high_gate","1","open","supp","COPA","1",6.169,0.3403,0.1756
"54","high_gate","1","open","supp","COPA","1",3.7642,0.2434,0.2058
"55","high_gate","4","open","supp","ALDE","1",2.4002,0.1405,0.1863
"56","high_gate","4","open","supp","ALDE","1",2.6371,0.152,0.1835
"57","high_gate","4","open","supp","ALDE","1",2.1598,0.1297,0.1912
"58","high_gate","1","open","supp","ALDE","1",6.1275,0.4595,0.2387
"59","high_gate","1","open","supp","ALDE","1",5.5312,0.2727,0.1569
"60","low_gate","3","open","supp","BRTE","1",17.2468,1.0732,0.1981
"61","low_gate","3","open","supp","BRTE","1",18.9704,0.9639,0.1617
"62","low_gate","3","open","supp","BRTE","1",31.6153,1.6594,0.1671
"63","low_gate","4","open","supp","ALDE","1",12.2881,0.9958,0.258
"64","low_gate","4","open","supp","ALDE","1",4.4136,0.4696,0.3387
"65","low_gate","4","open","supp","ALDE","1",12.0256,1.2367,0.3273
"66","low_gate","4","shrub","supp","COPA","1",5.7998,0.5927,0.3253
"67","low_gate","4","shrub","supp","COPA","1",3.9256,0.4609,0.3737
"68","low_gate","4","shrub","supp","ALDE","1",15.221,1.0738,0.2246
"69","low_gate","4","shrub","supp","ALDE","1",12.3934,0.9922,0.2548
"70","low_gate","4","shrub","supp","ALDE","1",2.6075,0.2905,0.3547
"71","low_gate","4","open","supp","BRTE","1",42.5643,2.2319,0.1669
"72","low_gate","4","open","supp","BRTE","1",6.3114,0.3278,0.1653
"73","low_gate","4","open","supp","BRTE","1",22.2295,1.3206,0.1891
"74","low_gate","4","shrub","supp","BRTE","1",20.0936,1.3041,0.2066
"75","low_gate","4","shrub","supp","BRTE","1",6.1854,0.5117,0.2633
"76","low_gate","3","shrub","supp","BRTE","1",12.0573,0.7924,0.2092
"77","low_gate","3","shrub","supp","BRTE","1",22.0588,1.1289,0.1629
"78","low_gate","3","shrub","supp","BRTE","1",12.3362,0.603,0.1556
"79","low_gate","2","shrub","supp","ALDE","1",2.2984,0.2269,0.3142
"80","low_gate","2","shrub","supp","ALDE","1",9.5608,0.7568,0.252
"81","low_gate","2","shrub","supp","ALDE","1",7.9672,0.5975,0.2387
"82","low_gate","2","shrub","supp","COPA","1",8.6214,0.6228,0.23
"83","low_gate","2","shrub","supp","COPA","1",7.145,0.4671,0.2081
"84","low_gate","1","shrub","supp","COPA","1",1.7983,0.174,0.3079
"85","low_gate","1","shrub","supp","COPA","1",1.9927,0.1493,0.2385
"86","low_gate","1","shrub","supp","COPA","1",3.3339,0.2291,0.2188
"87","low_gate","3","open","supp","ALDE","1",14.5027,0.9479,0.208
"88","low_gate","3","open","supp","ALDE","1",8.4312,0.6019,0.2272
"89","low_gate","3","open","supp","ALDE","1",6.9686,0.6704,0.3062
"90","low_gate","1","shrub","supp","ALDE","1",17.8966,1.0736,0.191
"91","low_gate","1","shrub","supp","ALDE","1",18.7187,1.3503,0.2296
"92","low_gate","1","shrub","supp","ALDE","1",13.7117,0.8866,0.2058
"93","low_gate","2","open","supp","ALDE","1",8.0742,0.7073,0.2788
"94","low_gate","2","open","supp","ALDE","1",6.3858,0.6297,0.3139
"95","low_gate","2","open","supp","ALDE","1",11.6489,0.8935,0.2442
"96","low_gate","1","shrub","supp","BRTE","1",35.0904,1.9415,0.1761
"97","low_gate","1","shrub","supp","BRTE","1",9.105,0.6106,0.2135
"98","low_gate","1","shrub","supp","BRTE","1",19.6249,1.3564,0.22
"99","low_gate","1","open","supp","BRTE","1",10.2625,0.5583,0.1732
"100","low_gate","1","open","supp","BRTE","1",21.8473,1.3185,0.1921
"101","low_gate","1","open","supp","BRTE","1",17.118,1.4565,0.2708
"102","low_gate","1","open","supp","COPA","1",5.5825,0.4067,0.2319
"103","low_gate","1","open","supp","COPA","1",11.3594,0.6894,0.1932
"104","low_gate","1","open","supp","COPA","1",14.1263,0.8764,0.1975
"105","low_gate","2","open","supp","BRTE","1",13.6743,0.8112,0.1888
"106","low_gate","2","open","supp","BRTE","1",14.1712,0.7447,0.1673
"107","low_gate","2","open","supp","BRTE","1",12.0428,0.8461,0.2236
"108","low_gate","2","shrub","supp","BRTE","1",3.9507,0.2063,0.1662
"109","low_gate","2","shrub","supp","BRTE","1",12.3847,0.5961,0.1532
"110","low_gate","2","shrub","supp","BRTE","1",2.0665,0.1311,0.202
"111","low_gate","3","open","supp","BRTE","1",17.4364,1.1556,0.211
"112","low_gate","3","shrub","R","COPA","3",20.6059,1.7433,0.2693
"113","low_gate","1","open","supp","ALDE","1",19.1124,1.0092,0.1681
"114","low_gate","1","open","supp","ALDE","1",18.9651,1.3284,0.223
"115","low_gate","4","open","R","BRTE","2",8.5033,0.4789,0.1793
"116","low_gate","4","open","R","COPA","2",4.8069,0.4391,0.2907
"117","low_gate","3","shrub","C","BRTE","2",15.8172,0.9828,0.1978
"118","low_gate","1","shrub","C","BRTE","3",11.1317,0.552,0.1578
"119","low_gate","4","open","R","COPA","3",5.1505,0.4267,0.2637
"120","low_gate","2","shrub","R","BRTE","2",4.1429,0.2335,0.1794
"121","low_gate","4","shrub","R","BRTE","3",25.617,1.2385,0.1539
"122","low_gate","2","open","C","BRTE","1",2.7598,0.1246,0.1437
"123","low_gate","3","shrub","R","COPA","1",10.1451,0.7498,0.2352
"124","low_gate","2","shrub","R","COPA","3",4.0663,0.3288,0.2574
"125","low_gate","2","shrub","R","COPA","1",8.3897,0.6893,0.2615
"126","low_gate","3","open","C","COPA","2",3.8682,0.3866,0.3182
"127","low_gate","1","shrub","C","COPA","3",3.996,0.2387,0.1902
"128","low_gate","2","open","C","COPA","1",2.3244,0.1942,0.2659
"129","low_gate","1","shrub","R","COPA","1",11.3025,0.7176,0.2021
"130","low_north","2","shrub","supp","ALDE","1",12.104,0.6645,0.1747
"131","low_north","2","shrub","supp","ALDE","1",20.3994,0.981,0.1531
"132","low_north","2","shrub","supp","ALDE","1",9.4712,0.4584,0.154
"133","low_north","2","open","supp","ALDE","1",2.3749,0.35,0.4691
"134","low_north","2","open","supp","ALDE","1",13.7616,0.7713,0.1784
"135","low_north","2","open","supp","ALDE","1",19.204,1.097,0.1818
"136","low_north","3","shrub","supp","ALDE","1",7.7211,0.4397,0.1813
"137","low_north","3","shrub","supp","COPA","1",13.941,0.6079,0.1388
"138","low_north","1","open","supp","ALDE","1",9.3921,0.7204,0.2442
"139","low_north","1","open","supp","ALDE","1",6.3568,0.3488,0.1747
"140","low_north","1","open","supp","ALDE","1",3.5518,0.2557,0.2292
"141","low_north","1","open","supp","ALDE","1",2.7003,0.2172,0.256
"142","low_north","3","open","supp","ALDE","1",2.1798,0.3034,0.443
"143","low_north","3","open","supp","ALDE","1",1.8415,0.1907,0.3297
"144","low_north","4","shrub","supp","ALDE","1",3.5376,0.3145,0.283
"145","low_north","4","shrub","supp","ALDE","1",19.9939,1.1335,0.1805
"146","low_north","4","shrub","supp","ALDE","1",17.0242,1.041,0.1946
"147","low_north","3","open","supp","COPA","1",3.6733,0.2372,0.2055
"148","low_north","1","shrub","supp","ALDE","1",11.5975,0.7797,0.214
"149","low_north","1","shrub","supp","ALDE","1",5.377,0.3009,0.1781
"150","low_north","4","shrub","supp","BRTE","1",15.7952,1.3014,0.2623
"151","low_north","4","shrub","supp","BRTE","1",6.5333,0.403,0.1964
"152","low_north","4","shrub","supp","BRTE","1",29.7044,1.3586,0.1456
"153","low_north","3","shrub","supp","BRTE","1",5.9404,0.3465,0.1857
"154","low_north","3","shrub","supp","BRTE","1",6.7286,0.3113,0.1473
"155","low_north","3","shrub","supp","BRTE","1",13.1055,0.5772,0.1402
"156","low_north","1","open","supp","BRTE","1",17.6983,1.3472,0.2423
"157","low_north","1","open","supp","BRTE","1",10.6285,0.6989,0.2093
"158","low_north","1","open","supp","BRTE","1",8.1436,0.5716,0.2234
"159","low_north","3","open","supp","BRTE","1",8.2493,0.4569,0.1763
"160","low_north","3","open","supp","BRTE","1",3.3292,0.1527,0.146
"161","low_north","3","open","supp","BRTE","1",7.5054,0.4647,0.1971
"162","low_north","2","open","supp","BRTE","1",7.5194,0.5487,0.2323
"163","low_north","2","open","supp","BRTE","1",13.662,0.7065,0.1646
"164","low_north","2","open","supp","BRTE","1",14.0933,0.7643,0.1726
"165","low_north","1","shrub","supp","BRTE","1",9.506,0.4743,0.1588
"166","low_north","1","shrub","supp","BRTE","1",13.2928,0.6953,0.1665
"167","low_north","1","shrub","supp","BRTE","1",28.0237,1.4982,0.1702
"168","low_north","2","shrub","supp","BRTE","1",12.2884,0.7359,0.1906
"169","low_north","2","shrub","supp","BRTE","1",19.2258,0.9148,0.1515
"170","low_north","2","shrub","supp","BRTE","1",16.7161,0.7681,0.1463
"171","high_north","4","shrub","R","BRTE","1",3.2408,0.1779,0.1747
"172","high_north","1","shrub","supp","COPA","1",1.0461,0.0885,0.2694
"173","high_north","4","shrub","R","BRTE","2",3.4568,0.1915,0.1764
"174","high_north","4","open","supp","ALDE","1",1.3351,0.1064,0.2537
"175","high_north","4","open","supp","COPA","1",1.3558,0.1253,0.2941
"176","high_north","4","open","supp","COPA","1",4.8979,0.3754,0.244
"177","high_north","4","open","supp","COPA","1",2.8491,0.2232,0.2494
"178","high_north","3","shrub","R","BRTE","2",13.1112,0.6899,0.1675
"179","high_north","3","shrub","C","BRTE","2",1.3929,0.0864,0.1975
"180","high_north","3","shrub","supp","ALDE","1",0.6225,0.0648,0.3315
"181","low_north","4","shrub","C","BRTE","3",4.209,0.1502,0.1136
"182","low_north","4","shrub","C","BRTE","2",13.5903,0.8979,0.2103
"183","low_north","2","open","C","BRTE","3",8.9588,0.6016,0.2137
"184","low_north","3","open","C","BRTE","2",4.2928,0.2148,0.1592
"185","low_north","1","open","R","BRTE","1",8.0654,0.4306,0.1699
"186","low_north","2","open","C","BRTE","2",12.4746,0.5632,0.1437
"187","low_north","3","open","C","BRTE","3",8.0073,0.3947,0.1569
"188","low_north","3","open","R","BRTE","2",2.4607,0.134,0.1733
"189","low_north","3","shrub","C","BRTE","1",6.686,0.3824,0.1821
"190","low_north","1","shrub","C","BRTE","1",6.0869,0.3305,0.1728
"191","low_north","1","shrub","R","PODO","2",23.9313,1.3589,0.1807
"192","low_north","2","open","R","PODO","1",24.3226,1.136,0.1487
"193","low_north","1","shrub","C","PODO","3",11.9416,0.6678,0.178
"194","low_north","1","open","R","COPA","2",6.811,0.4489,0.2098
"195","low_north","1","shrub","R","ALDE","2",7.7261,0.4029,0.166
"196","low_north","2","open","R","COPA","3",7.1235,0.5012,0.224
"197","low_north","1","open","C","ALDE","3",6.1418,0.3535,0.1832
"198","low_north","4","shrub","C","COPA","1",2.8157,0.2338,0.2643
"199","low_north","1","shrub","C","COPA","3",7.65,0.488,0.203
"200","low_north","1","shrub","C","COPA","3",7.2853,0.4863,0.2125
"201","low_gate","3","open","R","BRTE","2       ",6.5979,0.4334,0.2091
"202","low_gate","1","open","R","COPA","2",6.5831,0.5063,0.2448
"203","low_gate","3","open","C","COPA","3",7.2603,0.5972,0.2618
"204","low_gate","3","shrub","C","COPA","2",7.2986,0.3637,0.1586
"205","low_gate","3","open","R","COPA","3",3.1355,0.2422,0.2459
"206","low_gate","1","shrub","R","BRTE","1",9.1717,0.5332,0.1851
"207","low_gate","1","open","C","COPA","2",4.6579,0.3767,0.2575
"208","low_gate","1","open","supp","ALDE","1",4.7644,0.4913,0.3282
"209","low_gate","3","shrub","supp","ALDE","1",5.4888,0.3344,0.1939
"210","low_gate","3","shrub","supp","ALDE","1",15.0669,0.8325,0.1759
"211","low_gate","3","shrub","supp","ALDE","1",13.7132,0.9113,0.2115
