"","site","shrub","patch","subplot","species","id","root_mass","elevation"
"1","high_gate","1","open","supp","ALDE","2",4e-04,"high"
"2","high_gate","1","open","supp","ALDE","1",0.0013,"high"
"3","high_gate","4","open","supp","ALDE","3",1e-04,"high"
"4","high_gate","4","open","supp","ALDE","2",1e-04,"high"
"5","high_gate","4","open","supp","ALDE","1",1e-04,"high"
"6","high_gate","1","open","supp","COPA","2",4e-04,"high"
"7","high_gate","1","open","supp","COPA","1",5e-04,"high"
"8","high_gate","4","open","R","BRTE","1",5e-04,"high"
"9","high_gate","2","shrub","C","COPA","1",5e-04,"high"
"10","high_gate","2","shrub","C","ALDE","2",4e-04,"high"
"11","high_gate","1","shrub","R","BRTE","1",6e-04,"high"
"12","high_gate","1","shrub","R","COPA","3",5e-04,"high"
"13","high_gate","1","shrub","C","BRTE","3",3e-04,"high"
"14","high_gate","1","shrub","R","BRTE","3",1e-04,"high"
"15","high_gate","1","shrub","C","BRTE","1",6e-04,"high"
"16","high_gate","2","open","R","BRTE","1",1e-04,"high"
"17","high_gate","2","shrub","R","BRTE","3",1e-04,"high"
"18","high_gate","2","open","R","BRTE","3",2e-04,"high"
"19","high_east","2","open","supp","COPA","3",1e-04,"high"
"20","high_east","2","open","supp","COPA","2",4e-04,"high"
"21","high_east","2","open","supp","COPA","1",6e-04,"high"
"22","high_east","1","shrub","supp","COPA","3",2e-04,"high"
"23","high_east","1","shrub","supp","COPA","2",3e-04,"high"
"24","high_east","1","shrub","supp","COPA","1",1e-04,"high"
"25","high_east","1","open","supp","COPA","5",5e-04,"high"
"26","high_east","1","open","supp","COPA","4",2e-04,"high"
"27","high_east","1","open","supp","COPA","3",9e-04,"high"
"28","high_east","1","open","supp","COPA","2",0.001,"high"
"29","high_east","3","open","supp","COPA","3",0.001,"high"
"30","high_east","3","open","supp","COPA","2",0.0023,"high"
"31","high_east","3","open","supp","COPA","1",0.0014,"high"
"32","high_east","2","shrub","supp","COPA","3",6e-04,"high"
"33","high_east","2","shrub","supp","COPA","2",9e-04,"high"
"34","high_east","2","shrub","supp","COPA","1",5e-04,"high"
"35","high_east","4","open","supp","COPA","3",3e-04,"high"
"36","high_east","4","open","supp","COPA","2",7e-04,"high"
"37","high_east","4","open","supp","COPA","1",8e-04,"high"
"38","high_east","1","open","supp","COPA","1",0.0014,"high"
"39","high_east","3","shrub","supp","COPA","3",4e-04,"high"
"40","high_east","3","shrub","supp","COPA","2",7e-04,"high"
"41","high_east","3","shrub","supp","COPA","1",3e-04,"high"
"42","high_east","3","open","supp","ALDE","2",0.0015,"high"
"43","high_east","3","open","supp","ALDE","1",0.0022,"high"
"44","low_gate","1","shrub","supp","BRTE","3",0.0028,"low"
"45","low_gate","1","shrub","supp","BRTE","2",0.0013,"low"
"46","low_gate","1","shrub","supp","BRTE","1",0.0029,"low"
"47","low_gate","2","open","supp","ALDE","3",0.0017,"low"
"48","low_gate","2","open","supp","ALDE","2",0.0033,"low"
"49","low_gate","2","open","supp","ALDE","1",0.0013,"low"
"50","low_gate","1","shrub","supp","ALDE","3",0.0029,"low"
"51","low_gate","1","shrub","supp","ALDE","2",0.004,"low"
"52","low_gate","1","shrub","supp","ALDE","1",0.0018,"low"
"53","low_gate","3","open","supp","ALDE","3",0.0039,"low"
"54","low_gate","3","open","supp","ALDE","2",0.002,"low"
"55","low_gate","3","open","supp","ALDE","1",0.0017,"low"
"56","low_gate","3","shrub","supp","ALDE","3",0.0019,"low"
"57","low_gate","3","shrub","supp","ALDE","2",0.0018,"low"
"58","low_gate","3","shrub","supp","ALDE","1",0.0011,"low"
"59","low_gate","1","open","supp","ALDE","1",0.0026,"low"
"60","low_gate","1","open","C","COPA","2",8e-04,"low"
"61","low_gate","1","shrub","R","BRTE","1",0.0011,"low"
"62","low_gate","3","open","R","COPA","3",0.001,"low"
"63","low_gate","3","shrub","C","COPA","2",6e-04,"low"
"64","low_gate","3","open","C","COPA","3",0.0017,"low"
"65","low_gate","1","open","R","COPA","2",0.001,"low"
"66","low_gate","3","open","R","BRTE","2",7e-04,"low"
"67","low_gate","1","shrub","R","COPA","1",0.0014,"low"
"68","low_gate","2","open","C","COPA","1",6e-04,"low"
"69","low_gate","1","shrub","C","COPA","3",7e-04,"low"
"70","low_gate","3","open","C","COPA","2",0.0011,"low"
"71","low_gate","2","shrub","R","COPA","1",0.002,"low"
"72","low_gate","2","shrub","R","COPA","3",9e-04,"low"
"73","low_gate","3","shrub","R","COPA","1",0.0016,"low"
"74","low_gate","2","open","C","BRTE","1",4e-04,"low"
"75","low_gate","4","shrub","R","BRTE","3",0.0017,"low"
"76","low_gate","2","shrub","R","BRTE","2",5e-04,"low"
"77","low_gate","4","open","R","COPA","3",0.0013,"low"
"78","low_gate","1","shrub","C","BRTE","3",7e-04,"low"
"79","low_gate","3","shrub","C","BRTE","2",0.0012,"low"
"80","low_gate","4","open","R","COPA","2",0.0015,"low"
"81","low_gate","4","open","R","BRTE","2",8e-04,"low"
"82","low_gate","1","open","supp","ALDE","2",0.0048,"low"
"83","low_gate","1","open","supp","ALDE","3",0.0016,"low"
"84","low_gate","3","shrub","R","COPA","3",0.0057,"low"
"85","high_north","3","shrub","supp","ALDE","1",1e-04,"high"
"86","high_north","3","shrub","C","BRTE","2",1e-04,"high"
"87","high_north","3","shrub","R","BRTE","2",6e-04,"high"
"88","high_east","4","shrub","supp","COPA","3",4e-04,"high"
"89","high_east","4","shrub","supp","COPA","2",5e-04,"high"
"90","high_east","4","shrub","supp","COPA","1",4e-04,"high"
"91","high_east","1","open","C","BRTE","3",1e-04,"high"
"92","high_east","4","shrub","C","ALDE","1",1e-04,"high"
"93","high_east","2","shrub","C","BRTE","1",7e-04,"high"
"94","high_east","2","shrub","R","COPA","2",6e-04,"high"
"95","high_east","4","shrub","R","BRTE","2",2e-04,"high"
"96","high_east","3","shrub","C","COPA","1",3e-04,"high"
"97","high_east","1","shrub","C","COPA","3",2e-04,"high"
"98","high_east","2","shrub","R","COPA","3",5e-04,"high"
"99","high_east","4","open","R","COPA","1",1e-04,"high"
"100","high_east","2","shrub","C","COPA","3",3e-04,"high"
"101","high_east","4","shrub","R","COPA","1",5e-04,"high"
"102","high_east","2","shrub","C","COPA","2",6e-04,"high"
"103","high_east","1","open","R","BRTE","2",4e-04,"high"
"104","low_gate","1","shrub","supp","COPA","3",5e-04,"low"
"105","low_gate","1","shrub","supp","COPA","2",4e-04,"low"
"106","low_gate","1","shrub","supp","COPA","1",2e-04,"low"
"107","low_gate","2","shrub","supp","COPA","2",5e-04,"low"
"108","low_gate","2","shrub","supp","COPA","1",7e-04,"low"
"109","low_gate","3","shrub","supp","ALDE","3",0.0018,"low"
"110","low_gate","2","shrub","supp","ALDE","2",0.0019,"low"
"111","low_gate","2","shrub","supp","ALDE","1",5e-04,"low"
"112","low_gate","3","shrub","supp","BRTE","3",6e-04,"low"
"113","low_gate","3","shrub","supp","BRTE","2",8e-04,"low"
"114","low_gate","3","shrub","supp","BRTE","1",6e-04,"low"
"115","low_gate","4","shrub","supp","BRTE","2",0.0012,"low"
"116","low_gate","4","shrub","supp","BRTE","1",0.0016,"low"
"117","low_gate","4","open","supp","BRTE","3",0.0017,"low"
"118","low_gate","4","open","supp","BRTE","2",4e-04,"low"
"119","low_gate","4","open","supp","BRTE","1",0.0024,"low"
"120","low_gate","4","shrub","supp","ALDE","3",0.0015,"low"
"121","low_gate","4","shrub","supp","ALDE","2",0.002,"low"
"122","low_gate","4","shrub","supp","ALDE","1",0.0024,"low"
"123","low_gate","2","shrub","supp","COPA","2",0.0018,"low"
"124","low_gate","4","shrub","supp","COPA","1",0.002,"low"
"125","low_gate","4","open","supp","ALDE","3",0.0081,"low"
"126","low_gate","4","open","supp","ALDE","2",0.0019,"low"
"127","low_gate","4","open","supp","ALDE","1",0.004,"low"
"128","low_gate","3","open","supp","BRTE","3",0.0018,"low"
"129","low_gate","3","open","supp","BRTE","2",8e-04,"low"
"130","low_gate","3","open","supp","BRTE","1",0.0017,"low"
"131","low_gate","2","shrub","supp","BRTE","3",1e-04,"low"
"132","low_gate","2","shrub","supp","BRTE","2",5e-04,"low"
"133","low_gate","2","shrub","supp","BRTE","1",1e-04,"low"
"134","low_gate","2","open","supp","BRTE","3",9e-04,"low"
"135","low_gate","2","open","supp","BRTE","2",7e-04,"low"
"136","low_gate","2","open","supp","BRTE","1",9e-04,"low"
"137","low_gate","1","open","supp","COPA","3",0.0012,"low"
"138","low_gate","1","open","supp","COPA","2",0.001,"low"
"139","low_gate","1","open","supp","COPA","1",6e-04,"low"
"140","low_gate","1","open","supp","BRTE","3",0.0031,"low"
"141","low_gate","1","open","supp","BRTE","2",0.0016,"low"
"142","low_gate","1","open","supp","BRTE","1",8e-04,"low"
"143","high_north","4","open","supp","COPA","3",5e-04,"high"
"144","high_north","4","open","supp","COPA","2",0.0011,"high"
"145","high_north","4","open","supp","COPA","1",3e-04,"high"
"146","high_north","4","open","supp","ALDE","1",1e-04,"high"
"147","high_north","4","shrub","R","BRTE","2",1e-04,"high"
"148","high_north","1","shrub","supp","COPA","1",1e-04,"high"
"149","high_north","4","shrub","R","BRTE","1",1e-04,"high"
"150","low_north","2","shrub","supp","BRTE","3",4e-04,"low"
"151","low_north","2","shrub","supp","BRTE","2",6e-04,"low"
"152","low_north","2","shrub","supp","BRTE","1",4e-04,"low"
"153","low_north","1","shrub","supp","BRTE","3",0.0013,"low"
"154","low_north","1","shrub","supp","BRTE","2",5e-04,"low"
"155","low_north","1","shrub","supp","BRTE","1",3e-04,"low"
"156","low_north","2","open","supp","BRTE","3",6e-04,"low"
"157","low_north","2","open","supp","BRTE","2",1e-04,"low"
"158","low_north","2","open","supp","BRTE","1",8e-04,"low"
"159","low_north","3","open","supp","BRTE","3",4e-04,"low"
"160","low_north","3","open","supp","BRTE","2",1e-04,"low"
"161","low_north","3","open","supp","BRTE","1",6e-04,"low"
"162","low_north","1","open","supp","BRTE","3",9e-04,"low"
"163","low_north","1","open","supp","BRTE","2",0.0011,"low"
"164","low_north","1","open","supp","BRTE","1",0.0024,"low"
"165","low_north","3","shrub","supp","BRTE","3",4e-04,"low"
"166","low_north","3","shrub","supp","BRTE","2",1e-04,"low"
"167","low_north","3","shrub","supp","BRTE","1",1e-04,"low"
"168","low_north","4","shrub","supp","BRTE","3",0.001,"low"
"169","low_north","4","shrub","supp","BRTE","2",5e-04,"low"
"170","low_north","4","shrub","supp","BRTE","1",0.0025,"low"
"171","low_north","1","shrub","supp","ALDE","3",6e-04,"low"
"172","low_north","1","shrub","supp","ALDE","2",0.0027,"low"
"173","low_north","3","open","supp","COPA","1",6e-04,"low"
"174","low_north","4","shrub","supp","ALDE","3",0.0025,"low"
"175","low_north","4","shrub","supp","ALDE","2",0.0024,"low"
"176","low_north","4","shrub","supp","ALDE","1",0.0012,"low"
"177","low_north","3","open","supp","ALDE","2",0.001,"low"
"178","low_north","3","open","supp","ALDE","1",0.0019,"low"
"179","low_north","1","open","supp","ALDE","4",0.0012,"low"
"180","low_north","1","open","supp","ALDE","3",5e-04,"low"
"181","low_north","1","open","supp","ALDE","2",4e-04,"low"
"182","low_north","1","open","supp","ALDE","1",0.0028,"low"
"183","low_north","3","shrub","supp","COPA","1",7e-04,"low"
"184","low_north","3","shrub","supp","ALDE","1",0.0014,"low"
"185","low_north","2","open","supp","ALDE","3",0.0018,"low"
"186","low_north","2","open","supp","ALDE","2",0.001,"low"
"187","low_north","2","open","supp","ALDE","1",0.0028,"low"
"188","low_north","2","shrub","supp","ALDE","3",9e-04,"low"
"189","low_north","2","shrub","supp","ALDE","2",0.0015,"low"
"190","low_north","2","shrub","supp","ALDE","1",0.0011,"low"
"191","low_north","1","shrub","C","COPA","3",9e-04,"low"
"192","low_north","4","shrub","C","COPA","1",5e-04,"low"
"193","low_north","1","open","C","ALDE","3",7e-04,"low"
"194","low_north","2","open","R","COPA","3",9e-04,"low"
"195","low_north","1","shrub","R","ALDE","2",6e-04,"low"
"196","low_north","1","open","R","COPA","2",7e-04,"low"
"197","low_north","1","shrub","C","PODO","3",7e-04,"low"
"198","low_north","2","open","R","PODO","1",0.0011,"low"
"199","low_north","1","shrub","R","PODO","2",0.0018,"low"
"200","low_north","1","shrub","C","BRTE","1",4e-04,"low"
"201","low_north","3","shrub","C","BRTE","1",5e-04,"low"
"202","low_north","3","open","R","BRTE","2",2e-04,"low"
"203","low_north","3","open","C","BRTE","3",3e-04,"low"
"204","low_north","2","open","C","BRTE","2",6e-04,"low"
"205","low_north","1","open","R","BRTE","1",4e-04,"low"
"206","low_north","3","open","C","BRTE","2",4e-04,"low"
"207","low_north","2","open","C","BRTE","3",0.0011,"low"
"208","low_north","4","shrub","C","BRTE","2",7e-04,"low"
"209","low_north","4","shrub","C","BRTE","3",1e-04,"low"
