label,length_cm,sa_cm2,avg_diam_mm
HE-1OR-BT2,6.8481,0.3098,0.144
HE-2SC-CP2,1.041,0.1433,0.4381
HE-4SR-CP1,2.0065,0.2205,0.3499
HE-2SC-CP3,3.5337,0.3017,0.2717
HE-4OR-CP1,1.9168,0.1845,0.3063
HE-2SR-CP3,16.0154,0.7555,0.1502
HE-1SC-CP3,4.6199,0.2762,0.1903
HE-3SC-CP1,2.7142,0.2488,0.2918
HE-4SR-BT2,2.7625,0.1582,0.1822
HE-2SR-CP2,3.7053,0.3465,0.2976
HE-2SC-BT1,16.6477,0.9482,0.1813
HE-4SC-AD1,1.1166,0.0693,0.1974
HE-1OC-BT3,1.5149,0.0956,0.2008
HE-4S-suppCP-1,2.6431,0.1926,0.2319
HE-4S-suppCP-2,4.2364,0.2396,0.18
HE-4S-suppCP-3,4.0892,0.2974,0.2315
HE-4O-suppCP-1,1.511,0.1704,0.3589
HE-4O-suppCP-2,6.2956,0.3693,0.1867
HE-4O-suppCP-3,1.1658,0.1342,0.3665
HE-2S-suppCP-1,2.3648,0.1976,0.2659
HE-2S-suppCP-2,4.0824,0.3736,0.2913
HE-2S-suppCP-3,4.4651,0.316,0.2253
HE-3O-suppCP-1,6.0507,0.4768,0.2508
HE-3O-suppCP-2,10.0499,0.8077,0.2558
HE-3O-suppCP-3,6.0037,0.4578,0.2427
HE-3O-suppAD-1,7.2044,0.5462,0.2413
HE-3O-suppAD-2,3.4637,0.3329,0.3059
HE-3S-suppCP-1,3.4663,0.2262,0.2077
HE-3S-suppCP-2,3.2533,0.2342,0.2292
HE-3S-suppCP-3,4.8599,0.359,0.2351
HE-10-suppCP-1,5.3187,0.4256,0.2547
HE-10-suppCP-2,8.3573,0.5024,0.1914
HE-10-suppCP-3,4.3704,0.2853,0.2078
HE-10-suppCP-4,1.6388,0.1147,0.2228
HE-10-suppCP-5,5.9804,0.3134,0.1668
HE-1S-suppCP-1,1.4408,0.1236,0.2731
HE-1S-suppCP-2,3.5862,0.3229,0.2866
HE-1S-suppCP-3,3.7254,0.2503,0.2139
HE-2O-suppCP-1,6.5498,0.3742,0.1819
HE-2O-suppCP-2,1.3338,0.1157,0.2761
HE-2O-suppCP-3,0.8043,0.0785,0.3107
HG-2OR-BT3,10.9424,0.7673,0.2232
HG-2SR-BT3,2.9267,0.1916,0.2084
HG-2OR-BT1,2.6167,0.2285,0.278
HG-1SC-BT1,18.5066,1.0327,0.1776
HG-1SR-BT3,2.9858,0.1557,0.166
HG-1SC-BT3,6.2626,0.3137,0.1595
HG-1SR-CP3,10.2224,0.4424,0.1378
HG-1SR-BT1,12.3219,0.5775,0.1492
HG-2SC-AD2,3.1549,0.2735,0.276
HG-2SC-CP1,4.7355,0.2184,0.1468
HG-4OR-BT1,7.872,0.4316,0.1745
HG-1O-suppCP-1,6.169,0.3403,0.1756
HG-1O-suppCP-2,3.7642,0.2434,0.2058
HG-4O-suppAD-1,2.4002,0.1405,0.1863
HG-4O-suppAD-2,2.6371,0.152,0.1835
HG-4O-suppAD-3,2.1598,0.1297,0.1912
HG-1O-suppAD-1,6.1275,0.4595,0.2387
HG-1O-suppAD-2,5.5312,0.2727,0.1569
LG-3O-suppBT-1,17.2468,1.0732,0.1981
LG-3O-suppBT-2,18.9704,0.9639,0.1617
LG-3O-suppBT-3,31.6153,1.6594,0.1671
LG-4O-suppAD-1,12.2881,0.9958,0.258
LG-4O-suppAD-2,4.4136,0.4696,0.3387
LG-4O-suppAD-3,12.0256,1.2367,0.3273
LG-4S-suppCP-1,5.7998,0.5927,0.3253
LG-4S-suppCP-2,3.9256,0.4609,0.3737
LG-4S-suppAD-1,15.221,1.0738,0.2246
LG-4S-suppAD-2,12.3934,0.9922,0.2548
LG-4S-suppAD-3,2.6075,0.2905,0.3547
LG-4O-suppBT-1,42.5643,2.2319,0.1669
LG-4O-suppBT-2,6.3114,0.3278,0.1653
LG-4O-suppBT-3,22.2295,1.3206,0.1891
LG-4S-suppBT-1,20.0936,1.3041,0.2066
LG-4S-suppBT-2,6.1854,0.5117,0.2633
LG-3S-suppBT-1,12.0573,0.7924,0.2092
LG-3S-suppBT-2,22.0588,1.1289,0.1629
LG-3S-suppBT-3,12.3362,0.603,0.1556
LG-2S-suppAD-1,2.2984,0.2269,0.3142
LG-2S-suppAD-2,9.5608,0.7568,0.252
LG-2S-suppAD-3,7.9672,0.5975,0.2387
LG-2S-suppCP-1,8.6214,0.6228,0.23
LG-2S-suppCP-2,7.145,0.4671,0.2081
LG-1S-suppCP-1,1.7983,0.174,0.3079
LG-1S-suppCP-2,1.9927,0.1493,0.2385
LG-1S-suppCP-3,3.3339,0.2291,0.2188
LG-3O-suppAD-1,14.5027,0.9479,0.208
LG-3O-suppAD-2,8.4312,0.6019,0.2272
LG-3O-suppAD-3,6.9686,0.6704,0.3062
LG-1S-suppAD-1,17.8966,1.0736,0.191
LG-1S-suppAD-2,18.7187,1.3503,0.2296
LG-1S-suppAD-3,13.7117,0.8866,0.2058
LG-2O-suppAD-1,8.0742,0.7073,0.2788
LG-2O-suppAD-2,6.3858,0.6297,0.3139
LG-2O-suppAD-3,11.6489,0.8935,0.2442
LG-1S-suppBT-1,35.0904,1.9415,0.1761
LG-1S-suppBT-2,9.105,0.6106,0.2135
LG-1S-suppBT-3,19.6249,1.3564,0.22
LG-1O-suppBT-1,10.2625,0.5583,0.1732
LG-1O-suppBT-2,21.8473,1.3185,0.1921
LG-1O-suppBT-3,17.118,1.4565,0.2708
LG-1O-suppCP-1,5.5825,0.4067,0.2319
LG-1O-suppCP-2,11.3594,0.6894,0.1932
LG-1O-suppCP-3,14.1263,0.8764,0.1975
LG-2O-suppBT-1,13.6743,0.8112,0.1888
LG-2O-suppBT-2,14.1712,0.7447,0.1673
LG-2O-suppBT-3,12.0428,0.8461,0.2236
LG-2S-suppBT-1,3.9507,0.2063,0.1662
LG-2S-suppBT-2,12.3847,0.5961,0.1532
LG-2S-suppBT-3,2.0665,0.1311,0.202
LG-3O-suppBT-1,17.4364,1.1556,0.211
LG-3SR-CP3,20.6059,1.7433,0.2693
LG-1O-suppAD-3,19.1124,1.0092,0.1681
LG-1O-suppAD-2,18.9651,1.3284,0.223
LG-4OR-BT2,8.5033,0.4789,0.1793
LG-4OR-CP2,4.8069,0.4391,0.2907
LG-3SC-BT2,15.8172,0.9828,0.1978
LG-1SC-BT3,11.1317,0.552,0.1578
LG-4OR-CP3,5.1505,0.4267,0.2637
LG-2SR-BT2,4.1429,0.2335,0.1794
LG-4SR-BT3,25.617,1.2385,0.1539
LG-2OC-BT1,2.7598,0.1246,0.1437
LG-3SR-CP1,10.1451,0.7498,0.2352
LG-2SR-CP3,4.0663,0.3288,0.2574
LG-2SR-CP1,8.3897,0.6893,0.2615
LG-3OC-CP2,3.8682,0.3866,0.3182
LG-1SC-CP3,3.996,0.2387,0.1902
LG-2OC-CP1,2.3244,0.1942,0.2659
LG-1SR-CP1,11.3025,0.7176,0.2021
LN-2S-suppAD-1,12.104,0.6645,0.1747
LN-2S-suppAD-2,20.3994,0.981,0.1531
LN-2S-suppAD-3,9.4712,0.4584,0.154
LN-2O-suppAD-1,2.3749,0.35,0.4691
LN-2O-suppAD-2,13.7616,0.7713,0.1784
LN-2O-suppAD-3,19.204,1.097,0.1818
LN-3S-suppAD,7.7211,0.4397,0.1813
LN-3S-suppCP,13.941,0.6079,0.1388
LN-1O-suppAD-1,9.3921,0.7204,0.2442
LN-1O-suppAD-2,6.3568,0.3488,0.1747
LN-1O-suppAD-3,3.5518,0.2557,0.2292
LN-1O-suppAD-4,2.7003,0.2172,0.256
LN-3O-suppAD-1,2.1798,0.3034,0.443
LN-3O-suppAD-2,1.8415,0.1907,0.3297
LN-4S-suppAD-1,3.5376,0.3145,0.283
LN-4S-suppAD-2,19.9939,1.1335,0.1805
LN-4S-suppAD-3,17.0242,1.041,0.1946
LN-3O-suppCP,3.6733,0.2372,0.2055
LN-1S-suppAD-2,11.5975,0.7797,0.214
LN-1S-suppAD-3,5.377,0.3009,0.1781
LN-4S-suppBT-1,15.7952,1.3014,0.2623
LN-4S-suppBT-2,6.5333,0.403,0.1964
LN-4S-suppBT-3,29.7044,1.3586,0.1456
LN-3S-suppBT-1,5.9404,0.3465,0.1857
LN-3S-suppBT-2,6.7286,0.3113,0.1473
LN-3S-suppBT-3,13.1055,0.5772,0.1402
LN-1O-suppBT-1,17.6983,1.3472,0.2423
LN-1O-suppBT-2,10.6285,0.6989,0.2093
LN-1O-suppBT-3,8.1436,0.5716,0.2234
LN-3O-suppBT-1,8.2493,0.4569,0.1763
LN-3O-suppBT-2,3.3292,0.1527,0.146
LN-3O-suppBT-3,7.5054,0.4647,0.1971
LN-2O-suppBT-1,7.5194,0.5487,0.2323
LN-2O-suppBT-2,13.662,0.7065,0.1646
LN-2O-suppBT-3,14.0933,0.7643,0.1726
LN-1S-suppBT-1,9.506,0.4743,0.1588
LN-1S-suppBT-2,13.2928,0.6953,0.1665
LN-1S-suppBT-3,28.0237,1.4982,0.1702
LN-2S-suppBT-1,12.2884,0.7359,0.1906
LN-2S-suppBT-2,19.2258,0.9148,0.1515
LN-2S-suppBT-3,16.7161,0.7681,0.1463
HN-4SR-BT1,3.2408,0.1779,0.1747
HN-1S-suppCP,1.0461,0.0885,0.2694
HN-4SR-BT2,3.4568,0.1915,0.1764
HN-4O-suppAD,1.3351,0.1064,0.2537
HN-4O-suppCP-1,1.3558,0.1253,0.2941
HN-4O-suppCP-2,4.8979,0.3754,0.244
HN-4O-suppCP-3,2.8491,0.2232,0.2494
HN-3SR-BT2,13.1112,0.6899,0.1675
HN-3SC-BT2,1.3929,0.0864,0.1975
HN-3S-suppAD,0.6225,0.0648,0.3315
LN-4SC-BT3,4.209,0.1502,0.1136
LN-4SC-BT2,13.5903,0.8979,0.2103
LN-2OC-BT3,8.9588,0.6016,0.2137
LN-3OC-BT2,4.2928,0.2148,0.1592
LN-1OR-BT1,8.0654,0.4306,0.1699
LN-2OC-BT2,12.4746,0.5632,0.1437
LN-3OC-BT3,8.0073,0.3947,0.1569
LN-3OR-BT2,2.4607,0.134,0.1733
LN-3SC-BT1,6.686,0.3824,0.1821
LN-1SC-BT1,6.0869,0.3305,0.1728
LN-1SR-PD2,23.9313,1.3589,0.1807
LN-2OR-PD1,24.3226,1.136,0.1487
LN-1SC-PD3,11.9416,0.6678,0.178
LN-1OR-CP2,6.811,0.4489,0.2098
LN-1SR-AD2,7.7261,0.4029,0.166
LN-2OR-CP3,7.1235,0.5012,0.224
LN-1OC-AD3,6.1418,0.3535,0.1832
LN-4SC-CP1,2.8157,0.2338,0.2643
LN-1SC-CP3,7.65,0.488,0.203
LN-1SC-CP3,7.2853,0.4863,0.2125
LG-3OR-BT2       ,6.5979,0.4334,0.2091
LG-1OR-CP2,6.5831,0.5063,0.2448
LG-3OC-CP3,7.2603,0.5972,0.2618
LG-3SC-CP2,7.2986,0.3637,0.1586
LG-3OR-CP3,3.1355,0.2422,0.2459
LG-1SR-BT1,9.1717,0.5332,0.1851
LG-1OC-CP2,4.6579,0.3767,0.2575
LG-1O-suppAD-1,4.7644,0.4913,0.3282
LG-3S-suppAD-1,5.4888,0.3344,0.1939
LG-3S-suppAD-2,15.0669,0.8325,0.1759
LG-3S-suppAD-3,13.7132,0.9113,0.2115
