Label,seed_number,total_seed_mass,
LG-supp1O-BT2,3,0.0075,
LG-supp1O-BT1,6,0.0127,
LG-1OC-CP2,0,0,
LG-1SR-BT1,10,0.0177,
LG-3OR-CP3,0,0,
LG-3SC-CP2,0,0,
LG-3OC-CP3,0,0,
LG-1OR-CP2,0,0,
LG-supp1S-CP3,0,0,
LG-supp1O-AD3,2,0.0006,
LG-3SR-CP3,0,0,
LG-supp1S-CP2,0,0,
LG-supp1S-CP1,0,0,
LG-supp2S-CP2,0,0,
LG-supp2S-CP1,0,0,
LG-supp2S-AD3,1,0.0001,
LG-supp2S-AD2,6,0.0006,
LG-supp2S-AD1,0,0,
LG-supp3S-BT3,5,0.0128,
LG-supp4O-BT1,14,0.0287,
LG-supp2O-AD1,1,0.0001,
LG-supp1S-AD3,0,0,
LG-supp1S-AD2,1,0.0001,
LG-supp1S-AD1,0,0,
LG-supp3O-AD3,4,0.0018,
LG-supp3O-AD2,3,0.0007,
LG-supp3O-AD1,2,0.0001,
LG-supp3S-AD3,1,0.0001,
LG-supp3S-AD2,0,0,
LG-supp3S-AD1,3,0.0009,
LG-supp1O-AD1,0,0,
LG-supp1S-BT3,1,0.0014,
LG-1OR-CP3,0,0,
LG-3OR-BT2,3,0.007,
LG-1SR-CP1,0,0,
LG-2OC-CP1,0,0,
LG-1SC-CP3,0,0,
LG-3OC-CP2,0,0,
LG-2SR-CP1,0,0,
LG-2SR-CP3,0,0,
LG-2OR-AD1,0,0,
LG-3SR-CP1,0,0,
LG-2OC-BT1,0,0,
LG-4SR-BT3,0,0,needed more time
LG-2SR-BT2,0,0,
LG-4OR-CP3,0,0,
LG-1SC-BT3,2,0.005,
LG-3SC-BT2,4,0.006,
LG-4OR-CP2,0,0,
LG-4OR-BT2,0,0,
LG-supp1O-AD2,1,0.0001,
LG-supp2O-AD2,7,0.0024,
LG-supp1S-BT2,2,0.002,
LG-supp1S-BT1,0,0,
LG-supp2O-AD3,5,0.0006,
LG-supp3S-BT2,5,0.013,
LG-supp3S-BT1,5,0.0103,
LG-supp4S-BT2,34,0.0627,
LG-supp4S-BT1,8,0.0123,
LG-supp4O-BT3,1,0.0029,
LG-supp4O-BT2,1,0.0029,
LG-supp4S-AD3,0,0,
LG-supp4S-AD2,0,0,
LG-supp4S-AD1,0,0,
LG-supp4S-CP2,1,0.0001,
LG-supp4S-CP1,0,0,
LG-supp4O-AD3,1,0.0001,
LG-supp4O-AD2,0,0,
LG-supp4O-AD1,4,0.0008,
LG-supp3O-BT3,3,0.0087,
LG-supp3O-BT2,0,0,
LG-supp3O-BT1,7,0.0193,
LG-supp2S-BT3,0,0,
LG-supp2S-BT2,0,0,
LG-supp2S-BT1,0,0,
LG-supp2O-BT3,1,0.002,
LG-supp2O-BT2,3,0.0083,
LG-supp2O-BT1,2,0.0049,
LG-supp1O-CP3,0,0,
LG-supp1O-CP2,0,0,
LG-supp1O-CP1,0,0,
LG-supp1O-BT3,5,0.0127,
HG-supp1O-AD2,0,0,
HG-supp1O-AD1,15,0.0046,
HG-supp4O-AD3,2,0.0005,
HG-supp4O-AD2,0,0,
HG-supp4O-AD1,0,0,
HG-supp1O-CP2,0,0,
HG-supp1O-CP1,0,0,
HG-4OR-BT1,0,0,
HG-2SC-CP1,0,0,
HG-2SC-AD2,0,0,
HG-1SR-BT1,0,0,
HG-1SR-BT2,0,0,
HG-1SC-BT3,0,0,
HG-1SR-BT3,0,0,
HG-1SC-BT1,0,0,
HG-2OR-BT1,0,0,
HG-2SR-BT3,0,0,
HG-2OR-BT3,0,0,
HN-supp3S-AD,0,0,
HN-3SC-BT2,0,0,
HN-3SR-BT2,0,0,
HN-supp4O-CP3,2,0.0014,
HN-supp4O-CP2,0,0,
HN-supp4O-CP1,1,0.0008,
HN-4SR-CP3,0,0,
HN-supp4O-AD,0,0,
HN-4SR-BT2,0,0,
HN-supp1S-CP,2,0.0008,
HN-4SR-BT1,0,0,
LG-supp1S-BT4,14,0.0315,loose
LG-supp1O-BT4,12,0.0353,loose
LG-supp2S-BT4,11,0.0194,loose
LG-supp3O-BT4,10,0.0297,loose
LG-supp4O-BT4,10,0.0245,loose
HE-supp4S-CP,3,0.0011,loose
HE-supp2S-CP,13,0.005,
LN-supp2S-BT3,0,0,
LN-supp2S-BT2,2,0.0043,
LN-supp2S-BT1,1,0.0021,
LN-supp1S-BT4,5,0.0085,loose
LN-supp1S-BT3,3,0.0059,
LN-supp1S-BT2,0,0,
LN-supp1S-BT1,2,0.0025,
LN-supp2O-BT3,2,0.0049,
LN-supp2O-BT2,7,0.0171,
LN-supp2O-BT1,10,0.0257,
LN-supp3O-BT3,4,0.0067,
LN-supp3O-BT2,1,0.0012,
LN-supp3O-BT1,5,0.0121,
LN-supp1O-BT4,8,0.0135,loose
LN-supp1O-BT1,0,0,
LN-supp1O-BT2,0,0,
LN-supp1O-BT3,0,0,
LN-supp3S-BT3,0,0,
LN-supp3S-BT2,0,0,
LN-supp3S-BT1,0,0,
LN-supp4S-BT4,11,0.0356,loose
LN-supp4S-BT1,2,0.006,
LN-supp4S-BT2,1,0.0013,
LN-supp4S-BT3,2,0.0041,
LN-supp1S-AD3,0,0,
LN-supp1S-AD2,8,0.003,
LN-supp1S-AD1,0,0,
LN-supp3O-CP,0,0,
LN-supp4S-AD3,0,0,
LN-supp4S-AD2,0,0,
LN-supp4S-AD1,0,0,
LN-supp3O-AD2,0,0,
LN-supp3O-AD1,7,0.0007,
LN-supp1O-AD4,0,0,
LN-supp1O-AD3,2,0.0008,
LN-supp1O-AD2,0,0,
LN-supp1O-AD1,7,0.0022,
LN-supp3S-CP,0,0,
LN-supp3S-AD,0,0,
LN-supp2O-AD3,3,0.0008,
LN-supp2O-AD2,3,0.0007,
LN-supp2O-AD1,12,0.0043,
LN-supp2S-AD3,4,0.0001,
LN-supp2S-AD2,0,0,
LN-supp2S-AD1,0,0,
LN-4SC-BT2,3,0.0037,
LN-1SC-CP3,0,0,
LN-4SC-CP1,0,0,
LN-1OC-AD3,0,0,
LN-2OR-CP3,0,0,
LN-2OR-CP1,0,0,
LN-1SR-AD2,0,0,
LN-1OR-CP2,0,0,
LN-1SC-PD3,0,0,
LN-2OR-PD1,0,0,
LN-1SR-PD2,0,0,
LN-1SC-BT1,1,0.0006,
LN-3SC-BT1,1,0.0027,
LN-3OR-BT2,1,0.0015,
LN-3OC-BT3,1,0.0018,
LN-2OC-BT2,0,0,
LN-1OR-BT1,0,0,
LN-3OC-BT2,2,0.0024,
LN-2OC-BT3,0,0,
LN-4SC-BT2,0,0,
LN-4SC-BT3,0,0,
HE-supp2O-CP3,2,0.0008,
HE-supp2O-CP2,6,0.002,
HE-supp2O-CP1,4,0.0017,
HE-supp1S-CP3,0,0,
HE-supp1S-CP2,4,0.0026,
HE-supp1S-CP1,0,0,
HE-supp1S-CP6,6,0.0024,
HE-supp1S-CP5,0,0,
HE-supp1S-CP4,0,0,
HE-supp1O-CP5,0,0,
HE-supp1O-CP4,0,0,
HE-supp1O-CP3,3,0.0018,
HE-supp1O-CP2,0,0,
HE-supp1O-CP1,0,0,
HE-supp3S-CP3,0,0,
HE-supp3S-CP2,0,0,
HE-supp3S-CP1,0,0,
HE-supp3O-AD2,23,0.0067,
HE-supp3O-AD1,0,0,
HE-supp3O-CP3,0,0,
HE-supp3O-CP2,4,0.0023,
HE-supp3O-CP1,3,0.0007,
HE-supp2S-CP3,2,0.0011,
HE-supp2S-CP2,2,0.0003,
HE-supp2S-CP1,2,0.0006,
HE-supp4O-CP3,1,0.0001,
HE-supp4O-CP2,1,0.0001,
HE-supp4O-CP1,0,0,
HE-supp4S-CP3,1,0.0001,
HE-supp4S-CP2,0,0,
HE-supp4S-CP1,2,0.0003,
HE-1OC-BT3,0,0,
HE-4SC-AD1,0,0,
HE-2SC-BT1,0,0,
HE-3SR-CP2,0,0,
HE-2SR-CP2,0,0,
HE-4SR-BT2,0,0,
HE-2OC-CP1,0,0,
HE-1SC-CP3,0,0,
HE-2SR-CP3,0,0,
HE-4OR-CP1,0,0,
HE-2SC-CP3,0,0,
HE-4SR-CP1,0,0,
HE-2SC-CP2,0,0,
HE-1OR-BT2,1,0.0011,
