site,shrub,patch,species,max_height (cm)
high_gate,1,O,COPA,1.6
high_gate,1,O,COPA,2.7
high_gate,1,O,COPA,2.4
high_gate,1,O,ALDE,2.8
high_gate,1,O,ALDE,4.5
high_gate,1,O,ALDE,4
high_north,4,O,COPA,4.1
high_north,4,O,COPA,4.2
high_north,4,O,COPA,4.4
high_east,1,O,COPA,2.9
high_east,1,O,COPA,3.7
high_east,1,O,COPA,1
high_east,1,S,COPA,2.7
high_east,1,S,COPA,2.4
high_east,1,S,COPA,3.2
high_east,2,O,COPA,3.2
high_east,2,O,COPA,2.1
high_east,2,O,COPA,2.1
high_east,2,S,COPA,3.1
high_east,2,S,COPA,3.4
high_east,2,S,COPA,3.6
high_east,3,O,COPA,1.4
high_east,3,O,COPA,5.4
high_east,3,O,COPA,3.5
high_east,3,O,ALDE,4.4
high_east,3,O,ALDE,1.5
high_east,3,O,ALDE,4.2
high_east,3,S,COPA,3
high_east,3,S,COPA,2.8
high_east,3,S,COPA,2.2
high_east,4,O,COPA,3.3
high_east,4,O,COPA,2.2
high_east,4,O,COPA,2.8
high_east,4,S,COPA,2.5
high_east,4,S,COPA,3.2
high_east,4,S,COPA,2.7
low_north,1,O,COPA,5
low_north,1,O,COPA,3.2
low_north,1,O,ALDE,3.9
low_north,1,O,ALDE,4.9
low_north,1,O,ALDE,5.1
low_north,1,S,ALDE,11.2
low_north,1,S,ALDE,3.5
low_north,2,O,ALDE,4.6
low_north,2,O,ALDE,4.2
low_north,2,O,ALDE,5.6
low_north,2,S,ALDE,4.7
low_north,2,S,ALDE,4.5
low_north,2,S,ALDE,5.1
low_north,3,O,ALDE,3.1
low_north,3,O,ALDE,5.7
low_north,3,O,ALDE,2.9
low_north,3,O,COPA,3.8
low_north,3,S,COPA,2.5
low_north,3,S,COPA,2.4
low_north,3,S,ALDE,4
low_north,4,S,ALDE,4.2
low_north,4,S,ALDE,4.4
low_north,4,S,ALDE,7.6
low_gate,1,O,ALDE,7.5
low_gate,1,O,ALDE,8.7
low_gate,1,O,ALDE,7.9
low_gate,1,O,COPA,2.9
low_gate,1,O,COPA,2.4
low_gate,1,O,COPA,5.1
low_gate,1,S,ALDE,4
low_gate,1,S,ALDE,7.5
low_gate,1,S,ALDE,6.2
low_gate,1,S,COPA,2.2
low_gate,1,S,COPA,4.5
low_gate,1,S,COPA,2.7
low_gate,2,O,ALDE,6.5
low_gate,2,O,ALDE,3
low_gate,2,O,ALDE,9.5
low_gate,2,S,ALDE,9.5
low_gate,2,S,ALDE,4.7
low_gate,2,S,ALDE,4.5
low_gate,2,S,COPA,3.4
low_gate,2,S,COPA,5.9
low_gate,2,S,COPA,3
low_gate,3,O,ALDE,6.9
low_gate,3,O,ALDE,5.4
low_gate,3,O,ALDE,4.5
low_gate,3,S,ALDE,6
low_gate,3,S,ALDE,7.1
low_gate,3,S,ALDE,5.5
low_gate,4,O,ALDE,5.8
low_gate,4,O,ALDE,8.4
low_gate,4,O,ALDE,8.5
low_gate,4,S,ALDE,8.5
low_gate,4,S,ALDE,6.5
low_gate,4,S,ALDE,6.2
low_gate,4,S,COPA,6.4
low_gate,4,S,COPA,5.7
high_gate,4,O,ALDE,1.8
high_gate,4,O,ALDE,2.7
high_north,2,S,BRTE,5.5
high_north,4,O,ALDE,2.4
high_north,4,O,COPA,3.8
high_north,4,O,COPA,4
high_north,4,O,COPA,4.6
high_east,2,S,COPA,3.7
high_east,2,S,COPA,3.1
high_east,2,S,COPA,3.8
high_east,3,O,COPA,4.2
high_east,3,O,COPA,3.2
high_north,1,S,COPA,2.9
low_north,1,O,BRTE,7.8
low_north,1,O,BRTE,7.7
low_north,1,O,BRTE,6.9
low_north,1,S,BRTE,4.8
low_north,1,S,BRTE,5.9
low_north,2,O,BRTE,10.8
low_north,2,O,BRTE,19
low_north,2,O,BRTE,14.1
low_north,2,S,BRTE,10.5
low_north,2,S,BRTE,10.2
low_north,2,S,BRTE,6.4
low_north,3,O,BRTE,10.2
low_north,3,O,BRTE,11.7
low_north,3,O,BRTE,5.5
low_north,3,S,BRTE,7.1
low_north,3,S,BRTE,6.4
low_north,3,S,BRTE,7
low_north,4,S,BRTE,12.1
low_north,4,S,BRTE,21.5
low_north,4,S,BRTE,4.5
low_gate,1,O,BRTE,12.1
low_gate,1,O,BRTE,10.4
low_gate,1,O,BRTE,13
low_gate,1,S,BRTE,8.5
low_gate,1,S,BRTE,8.3
low_gate,1,S,BRTE,10
low_gate,2,O,BRTE,14.7
low_gate,2,O,BRTE,12.2
low_gate,2,O,BRTE,10.6
low_gate,2,S,BRTE,11.5
low_gate,2,S,BRTE,5.9
low_gate,2,S,BRTE,8.5
low_gate,3,O,BRTE,17.5
low_gate,3,O,BRTE,11
low_gate,3,O,BRTE,16.7
low_gate,3,S,BRTE,13.5
low_gate,3,S,BRTE,15.2
low_gate,3,S,BRTE,13.4
low_gate,4,O,BRTE,12
low_gate,4,O,BRTE,9.5
low_gate,4,O,BRTE,11.9
low_gate,4,S,BRTE,13.5
low_gate,4,S,BRTE,18.2
high_north,3,S,ALDE,1
high_north,3,S,BRTE,4.9