"","site","shrub","patch","species","max.height"
"1","high_gate",1,"open","COPA",1.6
"2","high_gate",1,"open","COPA",2.7
"3","high_gate",1,"open","COPA",2.4
"4","high_gate",1,"open","ALDE",2.8
"5","high_gate",1,"open","ALDE",4.5
"6","high_gate",1,"open","ALDE",4
"7","high_north",4,"open","COPA",4.1
"8","high_north",4,"open","COPA",4.2
"9","high_north",4,"open","COPA",4.4
"10","high_east",1,"open","COPA",2.9
"11","high_east",1,"open","COPA",3.7
"12","high_east",1,"open","COPA",1
"13","high_east",1,"shrub","COPA",2.7
"14","high_east",1,"shrub","COPA",2.4
"15","high_east",1,"shrub","COPA",3.2
"16","high_east",2,"open","COPA",3.2
"17","high_east",2,"open","COPA",2.1
"18","high_east",2,"open","COPA",2.1
"19","high_east",2,"shrub","COPA",3.1
"20","high_east",2,"shrub","COPA",3.4
"21","high_east",2,"shrub","COPA",3.6
"22","high_east",3,"open","COPA",1.4
"23","high_east",3,"open","COPA",5.4
"24","high_east",3,"open","COPA",3.5
"25","high_east",3,"open","ALDE",4.4
"26","high_east",3,"open","ALDE",1.5
"27","high_east",3,"open","ALDE",4.2
"28","high_east",3,"shrub","COPA",3
"29","high_east",3,"shrub","COPA",2.8
"30","high_east",3,"shrub","COPA",2.2
"31","high_east",4,"open","COPA",3.3
"32","high_east",4,"open","COPA",2.2
"33","high_east",4,"open","COPA",2.8
"34","high_east",4,"shrub","COPA",2.5
"35","high_east",4,"shrub","COPA",3.2
"36","high_east",4,"shrub","COPA",2.7
"37","low_north",1,"open","COPA",5
"38","low_north",1,"open","COPA",3.2
"39","low_north",1,"open","ALDE",3.9
"40","low_north",1,"open","ALDE",4.9
"41","low_north",1,"open","ALDE",5.1
"42","low_north",1,"shrub","ALDE",11.2
"43","low_north",1,"shrub","ALDE",3.5
"44","low_north",2,"open","ALDE",4.6
"45","low_north",2,"open","ALDE",4.2
"46","low_north",2,"open","ALDE",5.6
"47","low_north",2,"shrub","ALDE",4.7
"48","low_north",2,"shrub","ALDE",4.5
"49","low_north",2,"shrub","ALDE",5.1
"50","low_north",3,"open","ALDE",3.1
"51","low_north",3,"open","ALDE",5.7
"52","low_north",3,"open","ALDE",2.9
"53","low_north",3,"open","COPA",3.8
"54","low_north",3,"shrub","COPA",2.5
"55","low_north",3,"shrub","COPA",2.4
"56","low_north",3,"shrub","ALDE",4
"57","low_north",4,"shrub","ALDE",4.2
"58","low_north",4,"shrub","ALDE",4.4
"59","low_north",4,"shrub","ALDE",7.6
"60","low_gate",1,"open","ALDE",7.5
"61","low_gate",1,"open","ALDE",8.7
"62","low_gate",1,"open","ALDE",7.9
"63","low_gate",1,"open","COPA",2.9
"64","low_gate",1,"open","COPA",2.4
"65","low_gate",1,"open","COPA",5.1
"66","low_gate",1,"shrub","ALDE",4
"67","low_gate",1,"shrub","ALDE",7.5
"68","low_gate",1,"shrub","ALDE",6.2
"69","low_gate",1,"shrub","COPA",2.2
"70","low_gate",1,"shrub","COPA",4.5
"71","low_gate",1,"shrub","COPA",2.7
"72","low_gate",2,"open","ALDE",6.5
"73","low_gate",2,"open","ALDE",3
"74","low_gate",2,"open","ALDE",9.5
"75","low_gate",2,"shrub","ALDE",9.5
"76","low_gate",2,"shrub","ALDE",4.7
"77","low_gate",2,"shrub","ALDE",4.5
"78","low_gate",2,"shrub","COPA",3.4
"79","low_gate",2,"shrub","COPA",5.9
"80","low_gate",2,"shrub","COPA",3
"81","low_gate",3,"open","ALDE",6.9
"82","low_gate",3,"open","ALDE",5.4
"83","low_gate",3,"open","ALDE",4.5
"84","low_gate",3,"shrub","ALDE",6
"85","low_gate",3,"shrub","ALDE",7.1
"86","low_gate",3,"shrub","ALDE",5.5
"87","low_gate",4,"open","ALDE",5.8
"88","low_gate",4,"open","ALDE",8.4
"89","low_gate",4,"open","ALDE",8.5
"90","low_gate",4,"shrub","ALDE",8.5
"91","low_gate",4,"shrub","ALDE",6.5
"92","low_gate",4,"shrub","ALDE",6.2
"93","low_gate",4,"shrub","COPA",6.4
"94","low_gate",4,"shrub","COPA",5.7
"95","high_gate",4,"open","ALDE",1.8
"96","high_gate",4,"open","ALDE",2.7
"97","high_north",2,"shrub","BRTE",5.5
"98","high_north",4,"open","ALDE",2.4
"99","high_north",4,"open","COPA",3.8
"100","high_north",4,"open","COPA",4
"101","high_north",4,"open","COPA",4.6
"102","high_east",2,"shrub","COPA",3.7
"103","high_east",2,"shrub","COPA",3.1
"104","high_east",2,"shrub","COPA",3.8
"105","high_east",3,"open","COPA",4.2
"106","high_east",3,"open","COPA",3.2
"107","high_north",1,"shrub","COPA",2.9
"108","low_north",1,"open","BRTE",7.8
"109","low_north",1,"open","BRTE",7.7
"110","low_north",1,"open","BRTE",6.9
"111","low_north",1,"shrub","BRTE",4.8
"112","low_north",1,"shrub","BRTE",5.9
"113","low_north",2,"open","BRTE",10.8
"114","low_north",2,"open","BRTE",19
"115","low_north",2,"open","BRTE",14.1
"116","low_north",2,"shrub","BRTE",10.5
"117","low_north",2,"shrub","BRTE",10.2
"118","low_north",2,"shrub","BRTE",6.4
"119","low_north",3,"open","BRTE",10.2
"120","low_north",3,"open","BRTE",11.7
"121","low_north",3,"open","BRTE",5.5
"122","low_north",3,"shrub","BRTE",7.1
"123","low_north",3,"shrub","BRTE",6.4
"124","low_north",3,"shrub","BRTE",7
"125","low_north",4,"shrub","BRTE",12.1
"126","low_north",4,"shrub","BRTE",21.5
"127","low_north",4,"shrub","BRTE",4.5
"128","low_gate",1,"open","BRTE",12.1
"129","low_gate",1,"open","BRTE",10.4
"130","low_gate",1,"open","BRTE",13
"131","low_gate",1,"shrub","BRTE",8.5
"132","low_gate",1,"shrub","BRTE",8.3
"133","low_gate",1,"shrub","BRTE",10
"134","low_gate",2,"open","BRTE",14.7
"135","low_gate",2,"open","BRTE",12.2
"136","low_gate",2,"open","BRTE",10.6
"137","low_gate",2,"shrub","BRTE",11.5
"138","low_gate",2,"shrub","BRTE",5.9
"139","low_gate",2,"shrub","BRTE",8.5
"140","low_gate",3,"open","BRTE",17.5
"141","low_gate",3,"open","BRTE",11
"142","low_gate",3,"open","BRTE",16.7
"143","low_gate",3,"shrub","BRTE",13.5
"144","low_gate",3,"shrub","BRTE",15.2
"145","low_gate",3,"shrub","BRTE",13.4
"146","low_gate",4,"open","BRTE",12
"147","low_gate",4,"open","BRTE",9.5
"148","low_gate",4,"open","BRTE",11.9
"149","low_gate",4,"shrub","BRTE",13.5
"150","low_gate",4,"shrub","BRTE",18.2
"151","high_north",3,"shrub","ALDE",1
"152","high_north",3,"shrub","BRTE",4.9
