"year","site","shrub","patch","subplot","species","id","elevation","germination","mass.het.nb","mass.con.nb","n.het.nb","n.con.nb","mean.season.VWC","min.season.VWC","max.season.VWC","mean.season.temp","min.season.temp","max.season.temp","emergence","max.height","flower","fruit","aboveground_mass","length_cm","root_mass","seed_number","total_seed_mass","total_leaf_area","total_leaf_mass","SLA","SRL"
2024,"high_east",1,"open","C","BRTE",3,"high",1,0.0077,8e-04,6,1,15.0777777777778,3.1,29.5,NA,NA,NA,"2024-05-01",2.1,"2024-06-19","2024-06-19",8e-04,1.5149,1e-04,0,0,0.05961,"0.0003",198.7,15149
2024,"high_east",1,"open","R","BRTE",2,"high",1,0,0,0,0,15.0777777777778,3.1,29.5,NA,NA,NA,"2024-05-01",4.3,"2024-06-13","2024-07-01",0.0042,6.8481,4e-04,1,0.0011,0.13415,"0.0009",149.055555555556,17120.25
2024,"high_east",2,"shrub","C","BRTE",1,"high",1,0.0023,1e-04,4,2,17.4333333333333,4.7,30,NA,NA,NA,"2024-05-01",2.6,"2024-06-19","2024-06-19",1e-04,16.6477,7e-04,0,0,0.09864,"0.0004",246.6,23782.4285714286
2024,"high_east",4,"shrub","R","BRTE",2,"high",1,0,0,0,0,17.9222222222222,3.1,29.4,NA,NA,NA,"2024-05-01",2.1,"2024-06-19","2024-06-19",0.0014,2.7625,2e-04,0,0,0.06935,"0.0004",173.375,13812.5
2024,"high_gate",1,"shrub","C","BRTE",3,"high",1,0,0.0032,0,2,17.68,5.5,29.2,57.7431680327869,33.607,92.363,"2024-05-16",3.4,"2024-06-13","2024-06-13",0.001,6.2626,3e-04,0,0,0.08808,"0.0006",146.8,20875.3333333333
2024,"high_gate",1,"shrub","C","BRTE",1,"high",1,0,0.0032,0,2,17.68,5.5,29.2,57.7431680327869,33.607,92.363,"2024-05-16",4.3,"2024-06-13","2024-07-01",0.0022,18.5066,6e-04,0,0,0.08032,"0.0004",200.8,30844.3333333333
2024,"high_gate",1,"shrub","R","BRTE",3,"high",1,0,0,0,0,17.68,5.5,29.2,57.7431680327869,33.607,92.363,"2024-04-25",6.1,"2024-06-13","2024-06-19",0.0031,2.9858,1e-04,0,0,0.12447,"0.0005",248.94,29858
2024,"high_gate",1,"shrub","R","BRTE",1,"high",1,0,0,0,0,17.68,5.5,29.2,57.7431680327869,33.607,92.363,"2024-04-25",1.9,"2024-06-13","2024-06-13",7e-04,12.3219,6e-04,0,0,0.10347,"0.0004",258.675,20536.5
2024,"high_gate",2,"open","R","BRTE",3,"high",1,0,0,0,0,15.44,3.3,30.1,NA,NA,NA,"2024-05-16",2.3,NA,NA,0.0013,10.9424,2e-04,0,0,0.16788,"0.0003",559.6,54712
2024,"high_gate",2,"shrub","R","BRTE",3,"high",1,0,0,0,0,15.38,6.6,24.2,57.7431680327869,33.607,92.363,"2024-04-25",2.8,"2024-06-19","2024-06-19",0.0012,2.9267,1e-04,0,0,0.18813,"0.0009",209.033333333333,29267
2024,"high_gate",4,"open","R","BRTE",1,"high",1,0,0,0,0,12.42,4.3,26.7,NA,NA,NA,"2024-04-25",3,"2024-06-13","2024-06-13",7e-04,7.872,5e-04,0,0,0.07763,"0.0003",258.766666666667,15744
2024,"high_north",3,"shrub","R","BRTE",2,"high",1,0,0,0,0,13.6181818181818,1.9,28.3,NA,NA,NA,"2024-05-01",6.7,"2024-06-13","2024-07-01",0.0048,13.1112,6e-04,0,0,0.28913,"0.0008",361.4125,21852
2024,"high_north",4,"shrub","R","BRTE",2,"high",1,0,0,0,0,18.9636363636364,6.2,29.5,NA,NA,NA,"2024-04-25",2.5,"2024-06-19","2024-06-25",8e-04,3.4568,1e-04,0,0,0.07684,"0.0005",153.68,34568
2024,"high_north",4,"shrub","R","BRTE",1,"high",1,0,0,0,0,18.9636363636364,6.2,29.5,NA,NA,NA,"2024-04-25",2.7,"2024-07-01","2024-07-01",0.0022,3.2408,1e-04,0,0,0.12775,"0.0006",212.916666666667,32408
2024,"low_gate",1,"shrub","C","BRTE",3,"low",1,0.1463,0.0962,29,10,12.4333333333333,4.7,21.8,57.8800081967213,35.758,82.152,"2024-04-24",10.8,"2024-06-12","2024-06-17",0.0196,11.1317,7e-04,2,0.005,0.53374,"0.0017",313.964705882353,15902.4285714286
2024,"low_gate",1,"shrub","R","BRTE",1,"low",1,0,0,0,0,12.4333333333333,4.7,21.8,57.8800081967213,35.758,82.152,"2024-04-12",12.1,"2024-06-12","2024-06-17",0.0354,9.1717,0.0011,10,0.0177,0.9218,"0.0026",354.538461538462,8337.90909090909
2024,"low_gate",2,"open","C","BRTE",1,"low",1,0.0743,0.0165,13,5,11.7888888888889,2.9,25.6,64.2776598360656,34.59,97.916,"2024-04-12",5.1,"2024-06-12","2024-06-25",0.0014,2.7598,4e-04,0,0,0.15259,"0.0006",254.316666666667,6899.5
2024,"low_gate",2,"shrub","R","BRTE",2,"low",1,0,0,0,0,13.8444444444444,5.4,26.1,57.8800081967213,35.758,82.152,"2024-04-12",2.8,"2024-06-25","2024-06-25",0.0015,4.1429,5e-04,0,0,0.08008,"0.0004",200.2,8285.8
2024,"low_gate",3,"shrub","C","BRTE",2,"low",1,0.0093,0.0279,16,16,12.8,4.9,17.7,57.8800081967213,35.758,82.152,"2024-04-12",8.2,"2024-06-12","2024-06-25",0.0126,15.8172,0.0012,4,0.006,0.13552,"0.0004",338.8,13181
2024,"low_gate",4,"open","R","BRTE",2,"low",1,0,0,0,0,11.4777777777778,3.1,29,64.2776598360656,34.59,97.916,"2024-04-12",2.2,"2024-06-12","2024-06-12",8e-04,8.5033,8e-04,0,0,0.06659,"0.0003",221.966666666667,10629.125
2024,"low_gate",4,"shrub","R","BRTE",3,"low",1,0,0,0,0,12.5,3.6,24.9,57.8800081967213,35.758,82.152,"2024-04-12",8.5,"2024-06-12","2024-06-25",0.0154,25.617,0.0017,0,0,0.58761,"0.0013",452.007692307692,15068.8235294118
2024,"low_north",1,"open","R","BRTE",1,"low",1,0,0,0,0,12.2090909090909,2.6,28.9,66.1604177777778,36.723,101.282,"2024-04-24",5,"2024-06-17","2024-06-17",0.004,8.0654,4e-04,0,0,0.17779,"0.001",177.79,20163.5
2024,"low_north",1,"shrub","C","BRTE",1,"low",1,0.0262,0.0112,19,11,14.9090909090909,3.7,30.2,60.1465573770492,35.758,91.8,"2024-04-12",2.7,NA,NA,0.0029,6.0869,4e-04,1,6e-04,0.10579,"0.0005",211.58,15217.25
2024,"low_north",2,"open","C","BRTE",3,"low",1,0.2213,0.2512,20,14,11.09,2.8,28.6,66.1604177777778,36.723,101.282,"2024-04-12",12.2,"2024-06-11",NA,0.0103,8.9588,0.0011,0,0,1.07932,"0.0032",337.2875,8144.36363636364
2024,"low_north",2,"open","C","BRTE",2,"low",1,0.2213,0.2512,20,14,11.09,2.8,28.6,66.1604177777778,36.723,101.282,"2024-04-12",6.6,"2024-06-17","2024-06-25",0.0076,12.4746,6e-04,0,0,0.45255,"0.0011",411.409090909091,20791
2024,"low_north",3,"open","C","BRTE",3,"low",1,0.0113,0.0279,8,4,11.41,2.2,24.4,66.1604177777778,36.723,101.282,"2024-04-24",8.6,"2024-06-11","2024-06-25",0.0102,8.0073,3e-04,1,0.0018,0.25124,"0.0006",418.733333333333,26691
2024,"low_north",3,"open","C","BRTE",2,"low",1,0.0113,0.0279,8,4,11.41,2.2,24.4,66.1604177777778,36.723,101.282,"2024-04-12",9.2,"2024-06-11","2024-06-25",0.016,4.2928,4e-04,2,0.0024,0.4254,"0.0012",354.5,10732
2024,"low_north",3,"shrub","C","BRTE",1,"low",1,0,0.0945,1,16,11.7,2.9,20.1,60.1465573770492,35.758,91.8,"2024-04-12",7.9,"2024-06-11","2024-06-25",0.0073,6.686,5e-04,1,0.0027,0.45135,"0.0006",752.25,13372
2024,"low_north",4,"shrub","C","BRTE",2,"low",1,0.0028,0.2946,12,32,12.09,2.4,24.5,60.1465573770492,35.758,91.8,"2024-04-12",9.3,"2024-06-11",NA,0.0051,13.5903,7e-04,3,0.0037,0.67821,"0.0014",484.435714285714,19414.7142857143
2024,"low_north",4,"shrub","C","BRTE",3,"low",1,0.0028,0.2946,12,32,12.09,2.4,24.5,60.1465573770492,35.758,91.8,"2024-04-12",3.5,"2024-06-25","2024-06-25",0.0014,4.209,1e-04,0,0,0.06417,"0.0004",160.425,42090
2025,"high_east",2,"open","C","BRTE",10,"high",1,0.0212,0.0033,12,1,8.63333333333333,4.7,16.6,NA,NA,NA,"2025-05-12",3,"2025-06-16","2025-06-16",0.0033,10.4221,4e-04,0,0,0.12993,"3e-04",433.1,26055.25
2025,"high_east",4,"open","R","BRTE",7,"high",1,0,0,0,0,9.45,4.6,20.8,NA,NA,NA,"2025-04-29",4.5,NA,NA,0.0028,18.3291,7e-04,0,0,0.20585,"7e-04",294.071428571429,26184.4285714286
2025,"high_east",4,"shrub","C","BRTE",2,"high",1,0,0.0053,0,2,10.1166666666667,4.5,19.8,NA,NA,NA,"2025-04-29",4.2,NA,NA,0.001,8.4548,3e-04,0,0,0.21274,"5e-04",425.48,28182.6666666667
2025,"high_east",4,"shrub","C","BRTE",11,"high",1,0,0.0053,0,2,10.1166666666667,4.5,19.8,NA,NA,NA,"2025-06-16",5.2,"2025-06-16",NA,0.0043,9.8428,5e-04,1,1e-04,0.11572,"5e-04",231.44,19685.6
2025,"high_east",4,"shrub","R","BRTE",12,"high",1,0,0,0,0,10.1166666666667,4.5,19.8,NA,NA,NA,"2025-04-29",6.1,NA,NA,0.0031,8.6424,6e-04,0,0,0.09361,"4e-04",234.025,14404
2025,"high_north",1,"open","C","BRTE",7,"high",1,0.004,0.0024,2,1,8.95714285714286,4.1,16.3,NA,NA,NA,"2025-04-29",2.6,NA,NA,0.0024,6.4121,3e-04,0,0,0.21686,"8e-04",271.075,21373.6666666667
2025,"low_east",2,"open","C","BRTE",9,"low",1,0.0484,0.0226,10,8,9.86666666666667,3.8,19.5,NA,NA,NA,"2025-04-28",3.8,"2025-05-29",NA,0.0044,11.6426,5e-04,0,0,0.23488,"4e-04",587.2,23285.2
2025,"low_east",2,"open","C","BRTE",2,"low",1,0.0484,0.0226,10,8,9.86666666666667,3.8,19.5,NA,NA,NA,"2025-04-28",2.1,NA,NA,0.0019,2.8448,1e-04,0,0,0.11444,"4e-04",286.1,28448
2025,"low_east",2,"open","C","BRTE",5,"low",1,0.0484,0.0226,10,8,9.86666666666667,3.8,19.5,NA,NA,NA,"2025-04-28",2.5,"2025-06-10",NA,0.0021,3.9971,2e-04,0,0,0.02496,"4e-04",62.4,19985.5
2025,"low_east",2,"open","R","BRTE",11,"low",1,0,0,0,0,9.86666666666667,3.8,19.5,NA,NA,NA,"2025-04-14",3.1,NA,NA,0.0026,4.3532,1e-04,0,0,0.25746,"5e-04",514.92,43532
2025,"low_east",2,"shrub","C","BRTE",6,"low",1,0,0.1528,0,22,10.7444444444444,4.6,18.7,NA,NA,NA,"2025-04-14",9.4,"2025-05-29",NA,0.0076,2.7021,1e-04,1,5e-04,0.1965,"7e-04",280.714285714286,27021
2025,"low_east",2,"shrub","C","BRTE",12,"low",1,0,0.1528,0,22,10.7444444444444,4.6,18.7,NA,NA,NA,"2025-04-14",5.2,"2025-05-29",NA,0.0035,8.2707,5e-04,0,0,0.13184,"3e-04",439.466666666667,16541.4
2025,"low_east",2,"shrub","R","BRTE",10,"low",1,0,0,0,0,10.7444444444444,4.6,18.7,NA,NA,NA,"2025-04-14",3.8,NA,NA,0.0022,9.6072,3e-04,0,0,0.37084,"9e-04",412.044444444445,32024
2025,"low_east",2,"shrub","R","BRTE",1,"low",1,0,0,0,0,10.7444444444444,4.6,18.7,NA,NA,NA,"2025-04-14",7.4,"2025-06-10",NA,0.0045,2.8667,1e-04,0,0,0.31741,"3e-04",1058.03333333333,28667
2025,"low_east",2,"shrub","R","BRTE",9,"low",1,0,0,0,0,10.7444444444444,4.6,18.7,NA,NA,NA,"2025-04-14",5.2,NA,NA,0.0059,12.4103,8e-04,0,0,0.26883,"6e-04",448.05,15512.875
2025,"low_east",3,"open","C","BRTE",11,"low",1,0.0133,0.0089,3,2,10.4333333333333,3.4,17.4,NA,NA,NA,"2025-04-14",2.8,"2025-05-29",NA,0.0031,3.0367,1e-04,0,0,0.17386,"7e-04",248.371428571429,30367
2025,"low_east",3,"open","R","BRTE",4,"low",1,0,0,0,0,10.4333333333333,3.4,17.4,NA,NA,NA,"2025-04-14",2.2,NA,NA,0.0035,5.5179,1e-04,0,0,0.14599,"6e-04",243.316666666667,55179
2025,"low_east",3,"open","R","BRTE",5,"low",1,0,0,0,0,10.4333333333333,3.4,17.4,NA,NA,NA,"2025-04-14",2.9,NA,NA,0.0021,13.6842,4e-04,0,0,0.17712,"3e-04",590.4,34210.5
2025,"low_east",3,"open","R","BRTE",2,"low",1,0,0,0,0,10.4333333333333,3.4,17.4,NA,NA,NA,"2025-04-14",3.9,"2025-06-10","2025-06-16",0.0032,2.8078,1e-04,1,1e-04,0.16756,"4e-04",418.9,28078
2025,"low_east",3,"shrub","C","BRTE",11,"low",1,0.0014,0.0082,1,3,9.73333333333333,3,17.2,NA,NA,NA,"2025-04-14",4.2,NA,NA,0.0022,6.1898,5e-04,0,0,0.30236,"3e-04",1007.86666666667,12379.6
2025,"low_east",3,"shrub","C","BRTE",6,"low",1,0.0014,0.0082,1,3,9.73333333333333,3,17.2,NA,NA,NA,"2025-05-13",2,NA,NA,0.0043,20.6929,0.0014,0,0,0.12395,"7e-04",177.071428571429,14780.6428571429
2025,"low_east",4,"open","C","BRTE",11,"low",1,0.0083,0.0126,4,5,9.87777777777778,3.1,19.2,NA,NA,NA,"2025-04-28",4.1,"2025-06-10",NA,0.0031,7.7479,4e-04,0,0,0.27592,"6e-04",459.866666666667,19369.75
2025,"low_east",4,"open","C","BRTE",8,"low",1,0.0083,0.0126,4,5,9.87777777777778,3.1,19.2,NA,NA,NA,"2025-04-14",3.5,"2025-05-29",NA,0.0038,11.8599,6e-04,0,0,0.24262,"5e-04",485.24,19766.5
2025,"low_east",4,"open","C","BRTE",12,"low",1,0.0083,0.0126,4,5,9.87777777777778,3.1,19.2,NA,NA,NA,"2025-04-14",3.4,NA,NA,0.0024,5.5371,4e-04,0,0,0.24896,"7e-04",355.657142857143,13842.75
2025,"low_east",4,"open","R","BRTE",4,"low",1,0,0,0,0,9.87777777777778,3.1,19.2,NA,NA,NA,"2025-04-14",3.1,"2025-06-10",NA,0.003,6.3865,1e-04,0,0,0.14124,"5e-04",282.48,63865
2025,"low_east",4,"shrub","R","BRTE",12,"low",1,0,0,0,0,9.01111111111111,3.6,17.2,NA,NA,NA,"2025-04-14",6.8,"2025-05-29","2025-06-10",0.0072,1.5812,1e-04,0,0,0.14476,"5e-04",289.52,15812
2025,"low_east",4,"shrub","R","BRTE",6,"low",1,0,0,0,0,9.01111111111111,3.6,17.2,NA,NA,NA,"2025-04-14",4.9,"2025-05-29",NA,0.0036,1.6409,1e-04,0,0,0.17098,"5e-04",341.96,16409
2025,"low_gate",1,"open","C","BRTE",6,"low",1,0,0.0853,0,9,8.16666666666667,2.3,17.4,NA,NA,NA,"2025-04-15",9.7,NA,NA,0.0252,11.9521,0.0026,0,0,0.87065,"0.0019",458.236842105263,4596.96153846154
2025,"low_gate",1,"shrub","C","BRTE",5,"low",1,0.0067,0.0244,1,3,10.8444444444444,3.5,19,NA,NA,NA,"2025-04-15",7.6,NA,NA,0.0034,14.0538,8e-04,0,0,0.37546,"0.0012",312.883333333333,17567.25
2025,"low_gate",1,"shrub","R","BRTE",5,"low",1,0,0,0,0,10.8444444444444,3.5,19,NA,NA,NA,"2025-04-15",7.9,NA,NA,0.0087,19.6614,0.0013,0,0,0.40467,"7e-04",578.1,15124.1538461538
2025,"low_gate",2,"open","C","BRTE",2,"low",1,0,0.1242,0,5,8.07777777777778,1.5,17,NA,NA,NA,"2025-04-15",7.1,"2025-05-28",NA,0.0252,8.4575,0.0012,0,0,0.68265,"0.0031",220.209677419355,7047.91666666667
2025,"low_gate",2,"open","R","BRTE",11,"low",1,0,0,0,0,8.07777777777778,1.5,17,NA,NA,NA,"2025-04-28",6,NA,NA,0.0082,6.1611,7e-04,0,0,0.50028,"0.0024",208.45,8801.57142857143
2025,"low_gate",2,"shrub","C","BRTE",7,"low",1,0.0107,0.0312,1,3,9.24444444444445,2.9,18,NA,NA,NA,"2025-04-15",9.7,NA,NA,0.0026,6.0528,6e-04,0,0,0.12491,"4e-04",312.275,10088
2025,"low_gate",2,"shrub","R","BRTE",4,"low",1,0,0,0,0,9.24444444444445,2.9,18,NA,NA,NA,"2025-04-15",7.9,NA,NA,0.0034,15.4726,9e-04,0,0,0.37175,"8e-04",464.6875,17191.7777777778
2025,"low_gate",3,"open","C","BRTE",6,"low",1,0,0.1598,0,7,8.6,2.6,16.9,NA,NA,NA,"2025-04-15",15.6,"2025-05-28","2025-06-10",0.0202,6.1867,0.0017,0,0,0.94032,"0.0038",247.452631578947,3639.23529411765
2025,"low_gate",3,"open","R","BRTE",1,"low",1,0,0,0,0,8.6,2.6,16.9,NA,NA,NA,"2025-05-19",9.9,NA,NA,0.0199,53.4772,0.0063,0,0,0.84188,"0.0021",400.895238095238,8488.44444444445
2025,"low_gate",3,"shrub","C","BRTE",10,"low",1,0.0077,0.0484,5,5,9.32222222222222,3,17,NA,NA,NA,"2025-04-28",7.3,NA,NA,0.005,5.9716,4e-04,0,0,0.67302,"0.0018",373.9,14929
2025,"low_gate",4,"shrub","C","BRTE",7,"low",1,0.0196,0.0495,9,4,9.04444444444444,4,17.1,NA,NA,NA,"2025-04-15",15.2,"2025-05-28","2025-06-16",0.0302,21.9196,0.0046,2,0.0011,0.86797,"0.0029",299.3,4765.13043478261
2025,"low_gate",4,"shrub","R","BRTE",12,"low",1,0,0,0,0,9.04444444444444,4,17.1,NA,NA,NA,"2025-04-15",21.1,"2025-05-28","2025-06-16",0.0747,11.3507,0.0012,18,0.0312,0.75769,"0.0024",315.704166666667,9458.91666666667
2025,"low_gate",4,"shrub","R","BRTE",8,"low",1,0,0,0,0,9.04444444444444,4,17.1,NA,NA,NA,"2025-04-15",3.5,NA,NA,0.0025,4.5365,1e-04,0,0,0.21991,"6e-04",366.516666666667,45365
2025,"low_north",1,"open","C","BRTE",3,"low",1,0.0026,0.0328,1,7,8.9,3.4,17.1,63.7277772727273,41.625,100.083,"2025-04-14",2.1,NA,NA,0.0036,1.8634,1e-04,0,0,0.18591,"3e-04",619.7,18634
2025,"low_north",1,"open","C","BRTE",4,"low",1,0.0026,0.0328,1,7,8.9,3.4,17.1,63.7277772727273,41.625,100.083,"2025-04-14",4,NA,NA,0.0038,2.4858,2e-04,0,0,0.35165,"9e-04",390.722222222222,12429
2025,"low_north",1,"shrub","C","BRTE",8,"low",1,8e-04,0.1051,2,15,10.1333333333333,5.5,17.1,58.197880733945,42.179,82.686,"2025-04-14",11.6,"2025-05-28",NA,0.0074,10.4206,1e-04,0,0,0.38941,"6e-04",649.016666666667,104206
2025,"low_north",1,"shrub","C","BRTE",11,"low",1,8e-04,0.1051,2,15,10.1333333333333,5.5,17.1,58.197880733945,42.179,82.686,"2025-04-14",8.2,"2025-06-10",NA,0.0041,10.4821,4e-04,0,0,0.18777,"1e-04",1877.7,26205.25
2025,"low_north",1,"shrub","C","BRTE",9,"low",1,8e-04,0.1051,2,15,10.1333333333333,5.5,17.1,58.197880733945,42.179,82.686,"2025-04-14",6.4,"2025-06-10",NA,0.0044,8.8242,3e-04,0,0,0.25105,"6e-04",418.416666666667,29414
2025,"low_north",1,"shrub","C","BRTE",2,"low",1,8e-04,0.1051,2,15,10.1333333333333,5.5,17.1,58.197880733945,42.179,82.686,"2025-04-14",5.8,NA,NA,0.0028,7.5263,3e-04,0,0,0.42352,"8e-04",529.4,25087.6666666667
2025,"low_north",1,"shrub","C","BRTE",3,"low",1,8e-04,0.1051,2,15,10.1333333333333,5.5,17.1,58.197880733945,42.179,82.686,"2025-05-13",3.8,NA,NA,0.0027,11.1392,3e-04,0,0,0.2134,"4e-04",533.5,37130.6666666667
2025,"low_north",1,"shrub","C","BRTE",6,"low",1,8e-04,0.1051,2,15,10.1333333333333,5.5,17.1,58.197880733945,42.179,82.686,"2025-04-14",3.4,NA,NA,0.0015,1.9691,1e-04,0,0,0.09369,"3e-04",312.3,19691
2025,"low_north",1,"shrub","R","BRTE",10,"low",1,0,0,0,0,10.1333333333333,5.5,17.1,58.197880733945,42.179,82.686,"2025-04-14",5.1,NA,NA,0.0024,3.9559,3e-04,0,0,0.41833,"8e-04",522.9125,13186.3333333333
2025,"low_north",1,"shrub","R","BRTE",3,"low",1,0,0,0,0,10.1333333333333,5.5,17.1,58.197880733945,42.179,82.686,"2025-04-14",2.6,NA,NA,0.0035,11.7985,6e-04,0,0,0.23283,"5e-04",465.66,19664.1666666667
2025,"low_north",2,"shrub","C","BRTE",1,"low",1,0.0031,0.0403,2,10,9.06666666666667,4,17.2,58.197880733945,42.179,82.686,"2025-04-28",6.6,NA,NA,0.0044,9.3802,3e-04,0,0,0.33,"4e-04",825,31267.3333333333
2025,"low_north",2,"shrub","C","BRTE",2,"low",1,0.0031,0.0403,2,10,9.06666666666667,4,17.2,58.197880733945,42.179,82.686,"2025-04-14",5.7,NA,NA,0.0016,4.7274,1e-04,0,0,0.24094,"3e-04",803.133333333333,47274
2025,"low_north",2,"shrub","C","BRTE",3,"low",1,0.0031,0.0403,2,10,9.06666666666667,4,17.2,58.197880733945,42.179,82.686,"2025-04-28",5,NA,NA,0.0019,6.255,5e-04,0,0,0.15441,"3e-04",514.7,12510
2025,"low_north",2,"shrub","C","BRTE",10,"low",1,0.0031,0.0403,2,10,9.06666666666667,4,17.2,58.197880733945,42.179,82.686,"2025-04-14",6.7,"2025-06-10",NA,0.0047,7.7179,1e-04,0,0,0.30977,"5e-04",619.54,77179
2025,"low_north",2,"shrub","R","BRTE",11,"low",1,0,0,0,0,9.06666666666667,4,17.2,58.197880733945,42.179,82.686,"2025-04-14",5,NA,NA,0.0025,2.9208,1e-04,0,0,0.18742,"2e-04",937.1,29208
2025,"low_north",2,"shrub","R","BRTE",2,"low",1,0,0,0,0,9.06666666666667,4,17.2,58.197880733945,42.179,82.686,"2025-04-14",6.1,NA,NA,0.0034,21.4645,9e-04,0,0,0.29404,"6e-04",490.066666666667,23849.4444444444
2025,"low_north",3,"open","C","BRTE",12,"low",1,0,0,0,0,8.67777777777778,2.8,17.1,63.7277772727273,41.625,100.083,"2025-04-28",2.8,NA,NA,0.0018,12.7933,6e-04,0,0,0.17489,"5e-04",349.78,21322.1666666667
2025,"low_north",3,"open","R","BRTE",11,"low",1,0,0,0,0,8.67777777777778,2.8,17.1,63.7277772727273,41.625,100.083,"2025-04-14",3.5,NA,NA,0.0011,1.9056,1e-04,0,0,0.09622,"4e-04",240.55,19056
2025,"low_north",3,"shrub","C","BRTE",7,"low",1,0.0043,0.025,3,4,8.42222222222222,3.5,16.9,58.197880733945,42.179,82.686,"2025-04-14",4.5,NA,NA,0.0012,7.1851,3e-04,0,0,0.1464,"5e-04",292.8,23950.3333333333
2025,"low_north",3,"shrub","C","BRTE",8,"low",1,0.0043,0.025,3,4,8.42222222222222,3.5,16.9,58.197880733945,42.179,82.686,"2025-04-14",6.4,"2025-05-28",NA,0.0075,9.3074,0.001,0,0,0.43264,"0.001",432.64,9307.4
2025,"low_north",4,"shrub","C","BRTE",10,"low",1,0.0018,0.0397,1,8,9.54444444444444,6.4,17.6,58.197880733945,42.179,82.686,"2025-04-14",3.5,"2025-06-10",NA,0.0028,10.9308,5e-04,0,0,0.20816,"3e-04",693.866666666667,21861.6
