"year","site","shrub","patch","subplot","species","id","elevation","germination","mass.het.nb","mass.con.nb","n.het.nb","n.con.nb","mean.season.VWC","min.season.VWC","max.season.VWC","mean.season.temp","min.season.temp","max.season.temp","emergence","max.height","flower","fruit","aboveground_mass","length_cm","root_mass","seed_number","total_seed_mass","total_leaf_area","total_leaf_mass","SLA","SRL","PC1","PC2"
2024,"high_east",1,"open","R","BRTE",2,"high",1,0,0,0,0,15.0777777777778,3.1,29.5,NA,NA,NA,"2024-05-01",4.3,"2024-06-13","2024-07-01",0.0042,6.8481,4e-04,1,0.0011,0.13415,"0.0009",149.055555555556,17120.25,-0.157460110291908,-1.25157356370708
2024,"high_east",4,"shrub","R","BRTE",2,"high",1,0,0,0,0,17.9222222222222,3.1,29.4,NA,NA,NA,"2024-05-01",2.1,"2024-06-19","2024-06-19",0.0014,2.7625,2e-04,0,0,0.06935,"0.0004",173.375,13812.5,0.110721951864199,-1.36423498603053
2024,"high_gate",1,"shrub","R","BRTE",3,"high",1,0,0,0,0,17.68,5.5,29.2,57.7431680327869,33.607,92.363,"2024-04-25",6.1,"2024-06-13","2024-06-19",0.0031,2.9858,1e-04,0,0,0.12447,"0.0005",248.94,29858,0.123542137348043,-0.392160442998614
2024,"high_gate",1,"shrub","R","BRTE",1,"high",1,0,0,0,0,17.68,5.5,29.2,57.7431680327869,33.607,92.363,"2024-04-25",1.9,"2024-06-13","2024-06-13",7e-04,12.3219,6e-04,0,0,0.10347,"0.0004",258.675,20536.5,0.4856007109467,-0.84091996450677
2024,"high_gate",2,"open","R","BRTE",3,"high",1,0,0,0,0,15.44,3.3,30.1,NA,NA,NA,"2024-05-16",2.3,NA,NA,0.0013,10.9424,2e-04,0,0,0.16788,"0.0003",559.6,54712,2.11970840944171,1.29845984782217
2024,"high_gate",2,"shrub","R","BRTE",3,"high",1,0,0,0,0,15.38,6.6,24.2,57.7431680327869,33.607,92.363,"2024-04-25",2.8,"2024-06-19","2024-06-19",0.0012,2.9267,1e-04,0,0,0.18813,"0.0009",209.033333333333,29267,0.754612810133614,-0.830994773543947
2024,"high_gate",4,"open","R","BRTE",1,"high",1,0,0,0,0,12.42,4.3,26.7,NA,NA,NA,"2024-04-25",3,"2024-06-13","2024-06-13",7e-04,7.872,5e-04,0,0,0.07763,"0.0003",258.766666666667,15744,0.0224565996573085,-0.858391278395509
2024,"high_north",3,"shrub","R","BRTE",2,"high",1,0,0,0,0,13.6181818181818,1.9,28.3,NA,NA,NA,"2024-05-01",6.7,"2024-06-13","2024-07-01",0.0048,13.1112,6e-04,0,0,0.28913,"0.0008",361.4125,21852,-0.412865536117676,0.0166626532015396
2024,"high_north",4,"shrub","R","BRTE",2,"high",1,0,0,0,0,18.9636363636364,6.2,29.5,NA,NA,NA,"2024-04-25",2.5,"2024-06-19","2024-06-25",8e-04,3.4568,1e-04,0,0,0.07684,"0.0005",153.68,34568,1.08879214194288,-1.00480668021104
2024,"high_north",4,"shrub","R","BRTE",1,"high",1,0,0,0,0,18.9636363636364,6.2,29.5,NA,NA,NA,"2024-04-25",2.7,"2024-07-01","2024-07-01",0.0022,3.2408,1e-04,0,0,0.12775,"0.0006",212.916666666667,32408,0.934052522846208,-0.75599096487126
2024,"low_gate",1,"shrub","R","BRTE",1,"low",1,0,0,0,0,12.4333333333333,4.7,21.8,57.8800081967213,35.758,82.152,"2024-04-12",12.1,"2024-06-12","2024-06-17",0.0354,9.1717,0.0011,10,0.0177,0.9218,"0.0026",354.538461538462,8337.90909090909,-2.17636584009071,0.100524694109939
2024,"low_gate",2,"shrub","R","BRTE",2,"low",1,0,0,0,0,13.8444444444444,5.4,26.1,57.8800081967213,35.758,82.152,"2024-04-12",2.8,"2024-06-25","2024-06-25",0.0015,4.1429,5e-04,0,0,0.08008,"0.0004",200.2,8285.8,-0.312287131997626,-1.30006231343787
2024,"low_gate",4,"open","R","BRTE",2,"low",1,0,0,0,0,11.4777777777778,3.1,29,64.2776598360656,34.59,97.916,"2024-04-12",2.2,"2024-06-12","2024-06-12",8e-04,8.5033,8e-04,0,0,0.06659,"0.0003",221.966666666667,10629.125,-0.0752679070140636,-1.19354191502494
2024,"low_gate",4,"shrub","R","BRTE",3,"low",1,0,0,0,0,12.5,3.6,24.9,57.8800081967213,35.758,82.152,"2024-04-12",8.5,"2024-06-12","2024-06-25",0.0154,25.617,0.0017,0,0,0.58761,"0.0013",452.007692307692,15068.8235294118,-1.12441825595771,0.434624060669932
2024,"low_north",1,"open","R","BRTE",1,"low",1,0,0,0,0,12.2090909090909,2.6,28.9,66.1604177777778,36.723,101.282,"2024-04-24",5,"2024-06-17","2024-06-17",0.004,8.0654,4e-04,0,0,0.17779,"0.001",177.79,20163.5,-0.1445425889123,-1.00378736986487
2025,"high_east",4,"open","R","BRTE",7,"high",1,0,0,0,0,9.45,4.6,20.8,NA,NA,NA,"2025-04-29",4.5,NA,NA,0.0028,18.3291,7e-04,0,0,0.20585,"7e-04",294.071428571429,26184.4285714286,0.251766077193846,-0.370982763781978
2025,"high_east",4,"shrub","R","BRTE",12,"high",1,0,0,0,0,10.1166666666667,4.5,19.8,NA,NA,NA,"2025-04-29",6.1,NA,NA,0.0031,8.6424,6e-04,0,0,0.09361,"4e-04",234.025,14404,-0.661594043219379,-0.777168042523462
2025,"low_east",2,"open","R","BRTE",11,"low",1,0,0,0,0,9.86666666666667,3.8,19.5,NA,NA,NA,"2025-04-14",3.1,NA,NA,0.0026,4.3532,1e-04,0,0,0.25746,"5e-04",514.92,43532,1.395082026446,0.918703150939312
2025,"low_east",2,"shrub","R","BRTE",10,"low",1,0,0,0,0,10.7444444444444,4.6,18.7,NA,NA,NA,"2025-04-14",3.8,NA,NA,0.0022,9.6072,3e-04,0,0,0.37084,"9e-04",412.044444444445,32024,0.678571467133982,0.251572140642592
2025,"low_east",2,"shrub","R","BRTE",1,"low",1,0,0,0,0,10.7444444444444,4.6,18.7,NA,NA,NA,"2025-04-14",7.4,"2025-06-10",NA,0.0045,2.8667,1e-04,0,0,0.31741,"3e-04",1058.03333333333,28667,-0.263944406955346,3.47945956321779
2025,"low_east",2,"shrub","R","BRTE",9,"low",1,0,0,0,0,10.7444444444444,4.6,18.7,NA,NA,NA,"2025-04-14",5.2,NA,NA,0.0059,12.4103,8e-04,0,0,0.26883,"6e-04",448.05,15512.875,-0.443688539100037,0.185793204791011
2025,"low_east",3,"open","R","BRTE",4,"low",1,0,0,0,0,10.4333333333333,3.4,17.4,NA,NA,NA,"2025-04-14",2.2,NA,NA,0.0035,5.5179,1e-04,0,0,0.14599,"6e-04",243.316666666667,55179,2.18988861083141,-0.185371662234451
2025,"low_east",3,"open","R","BRTE",5,"low",1,0,0,0,0,10.4333333333333,3.4,17.4,NA,NA,NA,"2025-04-14",2.9,NA,NA,0.0021,13.6842,4e-04,0,0,0.17712,"3e-04",590.4,34210.5,0.954299193253415,1.06889625805827
2025,"low_east",3,"open","R","BRTE",2,"low",1,0,0,0,0,10.4333333333333,3.4,17.4,NA,NA,NA,"2025-04-14",3.9,"2025-06-10","2025-06-16",0.0032,2.8078,1e-04,1,1e-04,0.16756,"4e-04",418.9,28078,0.457269703193371,0.210621756152092
2025,"low_east",4,"open","R","BRTE",4,"low",1,0,0,0,0,9.87777777777778,3.1,19.2,NA,NA,NA,"2025-04-14",3.1,"2025-06-10",NA,0.003,6.3865,1e-04,0,0,0.14124,"5e-04",282.48,63865,2.44920042434647,0.24090819693023
2025,"low_east",4,"shrub","R","BRTE",12,"low",1,0,0,0,0,9.01111111111111,3.6,17.2,NA,NA,NA,"2025-04-14",6.8,"2025-05-29","2025-06-10",0.0072,1.5812,1e-04,0,0,0.14476,"5e-04",289.52,15812,-0.734127825112656,-0.436967756106735
2025,"low_east",4,"shrub","R","BRTE",6,"low",1,0,0,0,0,9.01111111111111,3.6,17.2,NA,NA,NA,"2025-04-14",4.9,"2025-05-29",NA,0.0036,1.6409,1e-04,0,0,0.17098,"5e-04",341.96,16409,-0.329405310610052,-0.316175583291577
2025,"low_gate",1,"shrub","R","BRTE",5,"low",1,0,0,0,0,10.8444444444444,3.5,19,NA,NA,NA,"2025-04-15",7.9,NA,NA,0.0087,19.6614,0.0013,0,0,0.40467,"7e-04",578.1,15124.1538461538,-1.01256032784993,0.984706016726857
2025,"low_gate",2,"open","R","BRTE",11,"low",1,0,0,0,0,8.07777777777778,1.5,17,NA,NA,NA,"2025-04-28",6,NA,NA,0.0082,6.1611,7e-04,0,0,0.50028,"0.0024",208.45,8801.57142857143,-0.924601743710821,-1.01875490171844
2025,"low_gate",2,"shrub","R","BRTE",4,"low",1,0,0,0,0,9.24444444444445,2.9,18,NA,NA,NA,"2025-04-15",7.9,NA,NA,0.0034,15.4726,9e-04,0,0,0.37175,"8e-04",464.6875,17191.7777777778,-0.897851847578823,0.49395790434038
2025,"low_gate",3,"open","R","BRTE",1,"low",1,0,0,0,0,8.6,2.6,16.9,NA,NA,NA,"2025-05-19",9.9,NA,NA,0.0199,53.4772,0.0063,0,0,0.84188,"0.0021",400.895238095238,8488.44444444445,-1.73405232313245,0.161882735874245
2025,"low_gate",4,"shrub","R","BRTE",12,"low",1,0,0,0,0,9.04444444444444,4,17.1,NA,NA,NA,"2025-04-15",21.1,"2025-05-28","2025-06-16",0.0747,11.3507,0.0012,18,0.0312,0.75769,"0.0024",315.704166666667,9458.91666666667,-3.91007797720419,0.593494431039448
2025,"low_gate",4,"shrub","R","BRTE",8,"low",1,0,0,0,0,9.04444444444444,4,17.1,NA,NA,NA,"2025-04-15",3.5,NA,NA,0.0025,4.5365,1e-04,0,0,0.21991,"6e-04",366.516666666667,45365,1.42104777798432,0.287769076841986
2025,"low_north",1,"shrub","R","BRTE",10,"low",1,0,0,0,0,10.1333333333333,5.5,17.1,58.197880733945,42.179,82.686,"2025-04-14",5.1,NA,NA,0.0024,3.9559,3e-04,0,0,0.41833,"8e-04",522.9125,13186.3333333333,-0.548410882432568,0.482881912409173
2025,"low_north",1,"shrub","R","BRTE",3,"low",1,0,0,0,0,10.1333333333333,5.5,17.1,58.197880733945,42.179,82.686,"2025-04-14",2.6,NA,NA,0.0035,11.7985,6e-04,0,0,0.23283,"5e-04",465.66,19664.1666666667,0.284346286562052,0.164605701858093
2025,"low_north",2,"shrub","R","BRTE",11,"low",1,0,0,0,0,9.06666666666667,4,17.2,58.197880733945,42.179,82.686,"2025-04-14",5,NA,NA,0.0025,2.9208,1e-04,0,0,0.18742,"2e-04",937.1,29208,0.252112579301141,2.74823886635718
2025,"low_north",2,"shrub","R","BRTE",2,"low",1,0,0,0,0,9.06666666666667,4,17.2,58.197880733945,42.179,82.686,"2025-04-14",6.1,NA,NA,0.0034,21.4645,9e-04,0,0,0.29404,"6e-04",490.066666666667,23849.4444444444,-0.20239660345158,0.618358979930362
2025,"low_north",3,"open","R","BRTE",11,"low",1,0,0,0,0,8.67777777777778,2.8,17.1,63.7277772727273,41.625,100.083,"2025-04-14",3.5,NA,NA,0.0011,1.9056,1e-04,0,0,0.09622,"4e-04",240.55,19056,0.0928477703131561,-0.84023618966351
