"site","shrub","patch","n.het.nb","n.con.nb","mass.het.nb","mass.con.nb","planted.mass","planted.number"
"high_east",1,"open",31,0,0.0492,0,0,0
"high_east",1,"shrub",2,0,0.0022,0,0,0
"high_east",2,"open",12,0,0.0212,0,0.0033,1
"high_east",2,"shrub",0,0,0,0,0,0
"high_east",3,"open",6,0,0.0202,0,0,0
"high_east",3,"shrub",0,0,0,0,0,0
"high_east",4,"open",18,0,0.0337,0,0,0
"high_east",4,"shrub",0,0,0,0,0.0053,2
"high_gate",1,"open",14,0,0.0171,0,0.0022,1
"high_gate",1,"shrub",0,0,0,0,0,0
"high_gate",2,"open",1,0,0.001,0,0,0
"high_gate",2,"shrub",0,0,0,0,0,0
"high_gate",3,"open",0,0,0,0,0,0
"high_gate",3,"shrub",0,0,0,0,0,0
"high_gate",4,"open",0,0,0,0,0,0
"high_gate",4,"shrub",0,0,0,0,0,0
"high_north",1,"open",2,0,0.004,0,0.0024,1
"high_north",1,"shrub",0,0,0,0,0,0
"high_north",2,"open",0,0,0,0,0,0
"high_north",2,"shrub",0,0,0,0,0,0
"high_north",3,"open",0,0,0,0,0,0
"high_north",3,"shrub",0,0,0,0,0,0
"high_north",4,"open",0,0,0,0,0,0
"low_east",1,"open",2,2,0.0015,0.006,0.0019,1
"low_east",1,"shrub",7,3,0.0226,0.0404,0.0057,3
"low_east",2,"open",10,0,0.0484,0,0.0226,8
"low_east",2,"shrub",0,19,0,0.1381,0.0147,3
"low_east",3,"open",3,0,0.0133,0,0.0089,2
"low_east",3,"shrub",1,1,0.0014,0.0017,0.0065,2
"low_east",4,"open",4,0,0.0083,0,0.0126,5
"low_east",4,"shrub",2,12,0.0048,0.0744,0.0057,2
"low_gate",1,"open",0,7,0,0.0589,0.0264,2
"low_gate",1,"shrub",1,2,0.0067,0.021,0.0034,1
"low_gate",2,"open",0,4,0,0.099,0.0252,1
"low_gate",2,"shrub",1,2,0.0107,0.0286,0.0026,1
"low_gate",3,"open",0,6,0,0.1396,0.0202,1
"low_gate",3,"shrub",5,4,0.0077,0.0434,0.005,1
"low_gate",4,"open",2,4,0.0394,0.0897,0,0
"low_gate",4,"shrub",9,3,0.0196,0.0193,0.0302,1
"low_north",1,"open",1,5,0.0026,0.0254,0.0074,2
"low_north",1,"shrub",2,9,8e-04,0.0822,0.0229,6
"low_north",2,"open",13,15,0.1323,0.3627,0,0
"low_north",2,"shrub",2,4,0.0031,0.0245,0.0158,6
"low_north",3,"shrub",3,2,0.0043,0.0163,0.0087,2
"low_north",4,"open",2,1,0.0024,0.0025,0,0
"low_north",4,"shrub",1,6,0.0018,0.035,0.0047,2
